racetrack,country,continent,length,length_type,track_type,race_name,organizer,race_rank,race_type,race_special,latitude,longitude
Sapporo,Japan,Asia,1200,Sprint,Turf,Keeneland Cup,JRA,3,G3,,43.077778,141.325556
Sapporo,Japan,Asia,1200,Sprint,Turf,UHB Sho,JRA,4,Local,,43.077778,141.325556
Sapporo,Japan,Asia,1200,Sprint,Turf,Suzuran Sho,JRA,4,Local,,43.077778,141.325556
Sapporo,Japan,Asia,1500,Mile,Turf,Clover Sho,JRA,4,Local,,43.077778,141.325556
Sapporo,Japan,Asia,1800,Mile,Turf,Queen Stakes,JRA,3,G3,,43.077778,141.325556
Sapporo,Japan,Asia,1800,Mile,Turf,Sapporo Junior Stakes,JRA,3,G3,,43.077778,141.325556
Sapporo,Japan,Asia,1800,Mile,Turf,Cosmos Sho,JRA,4,Local,,43.077778,141.325556
Sapporo,Japan,Asia,2000,Medium,Turf,Sapporo Kinen,JRA,2,G2,,43.077778,141.325556
Sapporo,Japan,Asia,2600,Long,Turf,Sapporo Nikkei Sho,JRA,4,Local,,43.077778,141.325556
Sapporo,Japan,Asia,2600,Long,Turf,Tancho Stakes,JRA,4,Local,,43.077778,141.325556
Sapporo,Japan,Asia,1000,Sprint,Dirt,JRA Sapporo 1000m Dirt,JRA,0,Non-Graded,,43.077778,141.325556
Sapporo,Japan,Asia,1700,Mile,Dirt,Elm Stakes,JRA,3,G3,,43.077778,141.325556
Sapporo,Japan,Asia,2400,Long,Dirt,JRA Sapporo 2400m Dirt,JRA,0,Non-Graded,,43.077778,141.325556
Hakodate,Japan,Asia,1000,Sprint,Turf,JRA Hakodate 1000m Turf,JRA,0,Non-Graded,,41.780639,140.775333
Hakodate,Japan,Asia,1200,Sprint,Turf,Hakodate Sprint Stakes,JRA,3,G3,,41.780639,140.775333
Hakodate,Japan,Asia,1200,Sprint,Turf,Hakodate Junior Stakes,JRA,3,G3,,41.780639,140.775333
Hakodate,Japan,Asia,1800,Mile,Turf,Tomoe Sho,JRA,4,Local,,41.780639,140.775333
Hakodate,Japan,Asia,2000,Medium,Turf,Hakodate Kinen,JRA,3,G3,,41.780639,140.775333
Hakodate,Japan,Asia,2600,Long,Turf,JRA Hakodate 2600m Turf,JRA,0,Non-Graded,,41.780639,140.775333
Hakodate,Japan,Asia,1000,Sprint,Dirt,JRA Hakodate 1000m Dirt,JRA,0,Non-Graded,,41.780639,140.775333
Hakodate,Japan,Asia,1700,Mile,Dirt,Onuma Stakes,JRA,4,Local,,41.780639,140.775333
Hakodate,Japan,Asia,1700,Mile,Dirt,Marine Stakes,JRA,4,Local,,41.780639,140.775333
Hakodate,Japan,Asia,2400,Long,Dirt,JRA Hakodate 2400m Dirt,JRA,0,Non-Graded,,41.780639,140.775333
Niigata,Japan,Asia,1000,Sprint,Turf,Ibis Summer Dash,JRA,3,G3,,37.947638,139.186452
Niigata,Japan,Asia,1000,Sprint,Turf,Idaten Stakes,JRA,4,Local,,37.947638,139.186452
Niigata,Japan,Asia,1000,Sprint,Turf,Lumiere Autumn Dash,JRA,0,Non-Graded,,37.947638,139.186452
Niigata,Japan,Asia,1200,Sprint,Turf,Sprinters Stakes,JRA,1,G1,,37.947638,139.186452
Niigata,Japan,Asia,1400,Sprint,Turf,Dahlia Cup,JRA,4,Local,,37.947638,139.186452
Niigata,Japan,Asia,1400,Sprint,Turf,Toki Stakes,JRA,4,Local,,37.947638,139.186452
Niigata,Japan,Asia,1400,Sprint,Turf,Shinetsu Stakes,JRA,4,Local,,37.947638,139.186452
Niigata,Japan,Asia,1600,Mile,Turf,Sekiya Kinen,JRA,3,G3,,37.947638,139.186452
Niigata,Japan,Asia,1600,Mile,Turf,Niigata Junior Stakes,JRA,3,G3,,37.947638,139.186452
Niigata,Japan,Asia,1600,Mile,Turf,Tanigawadake Stakes,JRA,4,Local,,37.947638,139.186452
Niigata,Japan,Asia,1800,Mile,Turf,Kanetsu Stakes,JRA,4,Local,,37.947638,139.186452
Niigata,Japan,Asia,2000,Medium,Turf,Niigata Daishoten,JRA,3,G3,,37.947638,139.186452
Niigata,Japan,Asia,2000,Medium,Turf,Niigata Kinen,JRA,3,G3,,37.947638,139.186452
Niigata,Japan,Asia,2200,Medium,Turf,JRA Niigata 2200m Turf,JRA,0,Non-Graded,,37.947638,139.186452
Niigata,Japan,Asia,2400,Long,Turf,JRA Niigata 2400m Turf,JRA,0,Non-Graded,,37.947638,139.186452
Niigata,Japan,Asia,1200,Sprint,Dirt,NST Sho,JRA,4,Local,,37.947638,139.186452
Niigata,Japan,Asia,1800,Mile,Dirt,Leopard Stakes,JRA,3,G3,Umamusume Dirt Rising Star,37.947638,139.186452
Niigata,Japan,Asia,1800,Mile,Dirt,BSN Sho,JRA,4,Local,,37.947638,139.186452
Niigata,Japan,Asia,2500,Long,Dirt,JRA Niigata 2500m Dirt,JRA,0,Non-Graded,,37.947638,139.186452
Fukushima,Japan,Asia,1200,Sprint,Turf,Fukushima TV Open,JRA,4,Local,,37.764556,140.482528
Fukushima,Japan,Asia,1200,Sprint,Turf,Fukushima Junior Stakes,JRA,4,Local,,37.764556,140.482528
Fukushima,Japan,Asia,1800,Mile,Turf,Fukushima Fillies Stakes,JRA,3,G3,,37.764556,140.482528
Fukushima,Japan,Asia,1800,Mile,Turf,Radio Nikkei Sho,JRA,3,G3,,37.764556,140.482528
Fukushima,Japan,Asia,1800,Mile,Turf,Kimmokusei Tokubetsu,JRA,4,Local,,37.764556,140.482528
Fukushima,Japan,Asia,2000,Medium,Turf,Tanabata Sho,JRA,3,G3,,37.764556,140.482528
Fukushima,Japan,Asia,2000,Medium,Turf,Fukushima Kinen,JRA,3,G3,,37.764556,140.482528
Fukushima,Japan,Asia,2000,Medium,Turf,Fukushima Mimpo Hai,JRA,4,Local,,37.764556,140.482528
Fukushima,Japan,Asia,2600,Long,Turf,JRA Fukushima 2600m Turf,JRA,0,Non-Graded,,37.764556,140.482528
Fukushima,Japan,Asia,1150,Sprint,Dirt,JRA Fukushima 1150m Dirt,JRA,0,Non-Graded,,37.764556,140.482528
Fukushima,Japan,Asia,1700,Mile,Dirt,Fukushima Minyu Cup,JRA,4,Local,,37.764556,140.482528
Fukushima,Japan,Asia,1700,Mile,Dirt,Azumakofuji Stakes,JRA,4,Local,,37.764556,140.482528
Fukushima,Japan,Asia,2400,Long,Dirt,JRA Fukushima 2400m Dirt,JRA,0,Non-Graded,,37.764556,140.482528
Nakayama,Japan,Asia,1200,Sprint,Turf,Sprinters Stakes,JRA,1,G1,Umamusume Virtuoso Sprinter,35.725556,139.9625
Nakayama,Japan,Asia,1200,Sprint,Turf,Ocean Stakes,JRA,3,G3,,35.725556,139.9625
Nakayama,Japan,Asia,1200,Sprint,Turf,Carbuncle Stakes,JRA,4,Local,,35.725556,139.9625
Nakayama,Japan,Asia,1200,Sprint,Turf,Shunrai Stakes,JRA,4,Local,,35.725556,139.9625
Nakayama,Japan,Asia,1200,Sprint,Turf,Canna Stakes,JRA,4,Local,,35.725556,139.9625
Nakayama,Japan,Asia,1200,Sprint,Turf,Lapis Lazuli Stakes,JRA,4,Local,,35.725556,139.9625
Nakayama,Japan,Asia,1200,Sprint,Turf,Christmas Rose Stakes,JRA,4,Local,,35.725556,139.9625
Nakayama,Japan,Asia,1200,Sprint,Turf,Kuromatsu Sho,JRA,4,Local,,35.725556,139.9625
Nakayama,Japan,Asia,1600,Mile,Turf,New Zealand Trophy,JRA,2,G2,,35.725556,139.9625
Nakayama,Japan,Asia,1600,Mile,Turf,Fairy Stakes,JRA,3,G3,,35.725556,139.9625
Nakayama,Japan,Asia,1600,Mile,Turf,Lord Derby Challenge Trophy,JRA,3,G3,,35.725556,139.9625
Nakayama,Japan,Asia,1600,Mile,Turf,Keisei Hai Autumn Handicap,JRA,3,G3,,35.725556,139.9625
Nakayama,Japan,Asia,1600,Mile,Turf,Turquoise Stakes,JRA,3,G3,,35.725556,139.9625
Nakayama,Japan,Asia,1600,Mile,Turf,Junior Cup,JRA,4,Local,,35.725556,139.9625
Nakayama,Japan,Asia,1600,Mile,Turf,New Year Stakes,JRA,4,Local,,35.725556,139.9625
Nakayama,Japan,Asia,1600,Mile,Turf,Anemone Stakes,JRA,4,Local,,35.725556,139.9625
Nakayama,Japan,Asia,1600,Mile,Turf,Kochi Stakes,JRA,4,Local,,35.725556,139.9625
Nakayama,Japan,Asia,1600,Mile,Turf,Aster Sho,JRA,4,Local,,35.725556,139.9625
Nakayama,Japan,Asia,1600,Mile,Turf,Saffron Cup,JRA,4,Local,,35.725556,139.9625
Nakayama,Japan,Asia,1600,Mile,Turf,Hiiragi Sho,JRA,4,Local,,35.725556,139.9625
Nakayama,Japan,Asia,1800,Mile,Turf,Nakayama Kinen,JRA,2,G2,,35.725556,139.9625
Nakayama,Japan,Asia,1800,Mile,Turf,Spring Stakes,JRA,2,G2,,35.725556,139.9625
Nakayama,Japan,Asia,1800,Mile,Turf,Nakayama Fillies Stakes,JRA,3,G3,,35.725556,139.9625
Nakayama,Japan,Asia,1800,Mile,Turf,Flower Cup,JRA,3,G3,,35.725556,139.9625
Nakayama,Japan,Asia,1800,Mile,Turf,December Stakes,JRA,4,Local,,35.725556,139.9625
Nakayama,Japan,Asia,2000,Medium,Turf,Satsuki Sho,JRA,1,G1,Japan Classic Triple Crown,35.725556,139.9625
Nakayama,Japan,Asia,2000,Medium,Turf,Hopeful Stakes,JRA,1,G1,,35.725556,139.9625
Nakayama,Japan,Asia,2000,Medium,Turf,Tenno Sho (Autumn),JRA,1,G1,Japan Autumn Senior Triple Crown,35.725556,139.9625
Nakayama,Japan,Asia,2000,Medium,Turf,Yayoi Sho,JRA,2,G2,,35.725556,139.9625
Nakayama,Japan,Asia,2000,Medium,Turf,Nakayama Kimpai,JRA,3,G3,,35.725556,139.9625
Nakayama,Japan,Asia,2000,Medium,Turf,Keisei Hai,JRA,3,G3,,35.725556,139.9625
Nakayama,Japan,Asia,2000,Medium,Turf,Shion Stakes,JRA,3,G3,,35.725556,139.9625
Nakayama,Japan,Asia,2000,Medium,Turf,Fuyo Stakes,JRA,4,Local,,35.725556,139.9625
Nakayama,Japan,Asia,2000,Medium,Turf,Habotan Sho,JRA,4,Local,,35.725556,139.9625
Nakayama,Japan,Asia,2200,Medium,Turf,Japan Cup,JRA,1,G1,Japan Autumn Senior Triple Crown,35.725556,139.9625
Nakayama,Japan,Asia,2200,Medium,Turf,American JCC,JRA,2,G2,,35.725556,139.9625
Nakayama,Japan,Asia,2200,Medium,Turf,St. Lite Kinen,JRA,2,G2,,35.725556,139.9625
Nakayama,Japan,Asia,2200,Medium,Turf,All Comers,JRA,2,G2,,35.725556,139.9625
Nakayama,Japan,Asia,2500,Long,Turf,Arima Kinen,JRA,1,G1,Japan Autumn Senior Triple Crown,35.725556,139.9625
Nakayama,Japan,Asia,2500,Long,Turf,Nikkei Sho,JRA,2,G2,,35.725556,139.9625
Nakayama,Japan,Asia,3600,Long,Turf,Stayers Stakes,JRA,2,G2,,35.725556,139.9625
Nakayama,Japan,Asia,1200,Sprint,Dirt,Capella Stakes,JRA,3,G3,,35.725556,139.9625
Nakayama,Japan,Asia,1200,Sprint,Dirt,January Stakes,JRA,4,Local,,35.725556,139.9625
Nakayama,Japan,Asia,1200,Sprint,Dirt,Chiba Stakes,JRA,4,Local,,35.725556,139.9625
Nakayama,Japan,Asia,1200,Sprint,Dirt,Keiyo Stakes,JRA,4,Local,,35.725556,139.9625
Nakayama,Japan,Asia,1200,Sprint,Dirt,Nagatsuki Stakes,JRA,4,Local,,35.725556,139.9625
Nakayama,Japan,Asia,1800,Mile,Dirt,March Stakes,JRA,3,G3,,35.725556,139.9625
Nakayama,Japan,Asia,1800,Mile,Dirt,Pollux Stakes,JRA,4,Local,,35.725556,139.9625
Nakayama,Japan,Asia,1800,Mile,Dirt,Sobu Stakes,JRA,4,Local,,35.725556,139.9625
Nakayama,Japan,Asia,1800,Mile,Dirt,Fukuryu Stakes,JRA,4,Local,,35.725556,139.9625
Nakayama,Japan,Asia,1800,Mile,Dirt,Radio Nippon Sho,JRA,4,Local,,35.725556,139.9625
Nakayama,Japan,Asia,1800,Mile,Dirt,Shiwasu Stakes,JRA,4,Local,,35.725556,139.9625
Nakayama,Japan,Asia,2400,Long,Dirt,JRA Nakayama 2400m Dirt,JRA,0,Non-Graded,,35.725556,139.9625
Nakayama,Japan,Asia,2500,Long,Dirt,JRA Nakayama 2500m Dirt,JRA,0,Non-Graded,,35.725556,139.9625
Tokyo,Japan,Asia,1400,Sprint,Turf,Keio Hai Spring Cup,JRA,2,G2,,35.6625,139.485
Tokyo,Japan,Asia,1400,Sprint,Turf,Keio Hai Junior Stakes,JRA,2,G2,,35.6625,139.485
Tokyo,Japan,Asia,1400,Sprint,Turf,Crocus Cup,JRA,4,Local,,35.6625,139.485
Tokyo,Japan,Asia,1400,Sprint,Turf,Paradise Stakes,JRA,4,Local,,35.6625,139.485
Tokyo,Japan,Asia,1400,Sprint,Turf,Oro Cup,JRA,4,Local,,35.6625,139.485
Tokyo,Japan,Asia,1600,Mile,Turf,NHK Mile Cup,JRA,1,G1,Umamusume Highspeed Miler,35.6625,139.485
Tokyo,Japan,Asia,1600,Mile,Turf,Victoria Mile,JRA,1,G1,,35.6625,139.485
Tokyo,Japan,Asia,1600,Mile,Turf,Yasuda Kinen,JRA,1,G1,Umamusume Highspeed Miler,35.6625,139.485
Tokyo,Japan,Asia,1600,Mile,Turf,Tokyo Shimbun Hai,JRA,3,G3,,35.6625,139.485
Tokyo,Japan,Asia,1600,Mile,Turf,Queen Cup,JRA,3,G3,,35.6625,139.485
Tokyo,Japan,Asia,1600,Mile,Turf,Saudi Arabia Royal Cup,JRA,3,G3,,35.6625,139.485
Tokyo,Japan,Asia,1600,Mile,Turf,Fuji Stakes,JRA,2,G2,,35.6625,139.485
Tokyo,Japan,Asia,1600,Mile,Turf,Artemis Stakes,JRA,3,G3,,35.6625,139.485
Tokyo,Japan,Asia,1600,Mile,Turf,Capital Stakes,JRA,4,Local,,35.6625,139.485
Tokyo,Japan,Asia,1600,Mile,Turf,Akamatsu Sho,JRA,4,Local,,35.6625,139.485
Tokyo,Japan,Asia,1600,Mile,Turf,Begonia Cup,JRA,4,Local,,35.6625,139.485
Tokyo,Japan,Asia,1800,Mile,Turf,Mainichi Okan,JRA,2,G2,,35.6625,139.485
Tokyo,Japan,Asia,1800,Mile,Turf,Fuchu Fillies Stakes,JRA,2,G2,,35.6625,139.485
Tokyo,Japan,Asia,1800,Mile,Turf,Kyodo News Hai,JRA,3,G3,,35.6625,139.485
Tokyo,Japan,Asia,1800,Mile,Turf,Epsom Cup,JRA,3,G3,,35.6625,139.485
Tokyo,Japan,Asia,1800,Mile,Turf,Tokyo Sports Hai Junior Stakes,JRA,3,G3,,35.6625,139.485
Tokyo,Japan,Asia,1800,Mile,Turf,Sweetpea Stakes,JRA,4,Local,,35.6625,139.485
Tokyo,Japan,Asia,1800,Mile,Turf,May Stakes,JRA,4,Local,,35.6625,139.485
Tokyo,Japan,Asia,1800,Mile,Turf,Ivy Cup,JRA,4,Local,,35.6625,139.485
Tokyo,Japan,Asia,2000,Medium,Turf,Tenno Sho (Autumn),JRA,1,G1,Japan Autumn Senior Triple Crown,35.6625,139.485
Tokyo,Japan,Asia,2000,Medium,Turf,Satsuki Sho,JRA,1,G1,Japan Classic Triple Crown,35.6625,139.485
Tokyo,Japan,Asia,2000,Medium,Turf,Flora Stakes,JRA,2,G2,,35.6625,139.485
Tokyo,Japan,Asia,2000,Medium,Turf,Shirafuji Stakes,JRA,4,Local,,35.6625,139.485
Tokyo,Japan,Asia,2000,Medium,Turf,Principal Stakes,JRA,4,Local,,35.6625,139.485
Tokyo,Japan,Asia,2000,Medium,Turf,October Stakes,JRA,4,Local,,35.6625,139.485
Tokyo,Japan,Asia,2000,Medium,Turf,Hyakunichiso Tokubetsu,JRA,4,Local,,35.6625,139.485
Tokyo,Japan,Asia,2300,Medium,Turf,JRA Tokyo 2300m Turf,JRA,0,Non-Graded,,35.6625,139.485
Tokyo,Japan,Asia,2400,Long,Turf,Japanese Oaks,JRA,1,G1,Japan Classic Triple Tiara,35.6625,139.485
Tokyo,Japan,Asia,2400,Long,Turf,Japanese Derby,JRA,1,G1,Japan Classic Triple Crown,35.6625,139.485
Tokyo,Japan,Asia,2400,Long,Turf,Japan Cup,JRA,1,G1,Japan Autumn Senior Triple Crown,35.6625,139.485
Tokyo,Japan,Asia,2400,Long,Turf,Aoba Sho,JRA,2,G2,,35.6625,139.485
Tokyo,Japan,Asia,2400,Long,Turf,Metropolitan Stakes,JRA,4,Local,,35.6625,139.485
Tokyo,Japan,Asia,2500,Long,Turf,Meguro Kinen,JRA,2,G2,,35.6625,139.485
Tokyo,Japan,Asia,2500,Long,Turf,Copa Republica Argentina,JRA,2,G2,,35.6625,139.485
Tokyo,Japan,Asia,3400,Long,Turf,Diamond Stakes,JRA,3,G3,,35.6625,139.485
Tokyo,Japan,Asia,1300,Sprint,Dirt,JRA Tokyo 1300m Dirt,JRA,0,Non-Graded,,35.6625,139.485
Tokyo,Japan,Asia,1400,Sprint,Dirt,Negishi Stakes,JRA,3,G3,,35.6625,139.485
Tokyo,Japan,Asia,1400,Sprint,Dirt,Valentine Stakes,JRA,4,Local,,35.6625,139.485
Tokyo,Japan,Asia,1400,Sprint,Dirt,Keyaki Stakes,JRA,4,Local,,35.6625,139.485
Tokyo,Japan,Asia,1400,Sprint,Dirt,Green Channel Cup,JRA,4,Local,,35.6625,139.485
Tokyo,Japan,Asia,1400,Sprint,Dirt,Shimotsuki Stakes,JRA,4,Local,,35.6625,139.485
Tokyo,Japan,Asia,1400,Sprint,Dirt,Oxalis Sho,JRA,4,Local,,35.6625,139.485
Tokyo,Japan,Asia,1600,Mile,Dirt,February Stakes,JRA,1,G1,Umamusume Hero of the Dirt Mile,35.6625,139.485
Tokyo,Japan,Asia,1600,Mile,Dirt,Mile Championship Nambu Hai,JRA,1,G1,Umamusume Hero of the Dirt Mile,35.6625,139.485
Tokyo,Japan,Asia,1600,Mile,Dirt,Unicorn Stakes,JRA,3,G3,Umamusume Dirt Rising Star,35.6625,139.485
Tokyo,Japan,Asia,1600,Mile,Dirt,Musashino Stakes,JRA,3,G3,,35.6625,139.485
Tokyo,Japan,Asia,1600,Mile,Dirt,Hyacinth Cup,JRA,4,Local,,35.6625,139.485
Tokyo,Japan,Asia,1600,Mile,Dirt,Oasis Stakes,JRA,4,Local,,35.6625,139.485
Tokyo,Japan,Asia,1600,Mile,Dirt,Seiryu Stakes,JRA,4,Local,,35.6625,139.485
Tokyo,Japan,Asia,1600,Mile,Dirt,Akhalteke Stakes,JRA,4,Local,,35.6625,139.485
Tokyo,Japan,Asia,1600,Mile,Dirt,Platanus Sho,JRA,4,Local,,35.6625,139.485
Tokyo,Japan,Asia,1600,Mile,Dirt,Cattleya Sho,JRA,4,Local,,35.6625,139.485
Tokyo,Japan,Asia,2100,Medium,Dirt,Brilliant Stakes,JRA,4,Local,,35.6625,139.485
Tokyo,Japan,Asia,2100,Medium,Dirt,Brazil Cup,JRA,4,Local,,35.6625,139.485
Tokyo,Japan,Asia,2100,Medium,Dirt,Sleipnir Cup,JRA,4,Local,,35.6625,139.485
Tokyo,Japan,Asia,2400,Long,Dirt,JRA Tokyo 2400m Dirt,JRA,0,Non-Graded,,35.6625,139.485
Chukyo,Japan,Asia,1200,Sprint,Turf,Takamatsunomiya Kinen,JRA,1,G1,Umamusume Virtuoso Sprinter,35.066736,136.989444
Chukyo,Japan,Asia,1200,Sprint,Turf,CBC Sho,JRA,3,G3,,35.066736,136.989444
Chukyo,Japan,Asia,1400,Sprint,Turf,Falcon Stakes,JRA,3,G3,,35.066736,136.989444
Chukyo,Japan,Asia,1400,Sprint,Turf,Tsuwabuki Sho,JRA,4,Local,,35.066736,136.989444
Chukyo,Japan,Asia,1600,Mile,Turf,Chukyo Kinen,JRA,3,G3,,35.066736,136.989444
Chukyo,Japan,Asia,1600,Mile,Turf,Chukyo Junior Stakes,JRA,4,Local,,35.066736,136.989444
Chukyo,Japan,Asia,1600,Mile,Turf,Koyamaki Sho,JRA,4,Local,,35.066736,136.989444
Chukyo,Japan,Asia,2000,Medium,Turf,Kinko Sho,JRA,2,G2,,35.066736,136.989444
Chukyo,Japan,Asia,2000,Medium,Turf,Aichi Hai,JRA,3,G3,,35.066736,136.989444
Chukyo,Japan,Asia,2000,Medium,Turf,Chunichi Shimbun Hai,JRA,3,G3,,35.066736,136.989444
Chukyo,Japan,Asia,2200,Medium,Turf,JRA Chukyo 2200m Turf,JRA,0,Non-Graded,,35.066736,136.989444
Chukyo,Japan,Asia,1200,Sprint,Dirt,JRA Chukyo 1200m Dirt,JRA,0,Non-Graded,,35.066736,136.989444
Chukyo,Japan,Asia,1400,Sprint,Dirt,Procyon Stakes,JRA,3,G3,,35.066736,136.989444
Chukyo,Japan,Asia,1400,Sprint,Dirt,Shoryu Stakes,JRA,4,Local,,35.066736,136.989444
Chukyo,Japan,Asia,1400,Sprint,Dirt,Kantsubaki Sho,JRA,4,Local,,35.066736,136.989444
Chukyo,Japan,Asia,1800,Mile,Dirt,Champions Cup,JRA,1,G1,,35.066736,136.989444
Chukyo,Japan,Asia,1800,Mile,Dirt,Tokai Stakes,JRA,3,G3,,35.066736,136.989444
Chukyo,Japan,Asia,1800,Mile,Dirt,Meitetsu Hai,JRA,4,Local,,35.066736,136.989444
Chukyo,Japan,Asia,1900,Medium,Dirt,JRA Chukyo 1900m Dirt,JRA,0,Non-Graded,,35.066736,136.989444
Kyoto,Japan,Asia,1200,Sprint,Turf,Silk Road Stakes,JRA,3,G3,,34.906667,135.725
Kyoto,Japan,Asia,1200,Sprint,Turf,Keihan Hai,JRA,3,G3,,34.906667,135.725
Kyoto,Japan,Asia,1200,Sprint,Turf,Aoi Stakes,JRA,3,G3,,34.906667,135.725
Kyoto,Japan,Asia,1200,Sprint,Turf,Yodo Tankyori Stakes,JRA,4,Local,,34.906667,135.725
Kyoto,Japan,Asia,1200,Sprint,Turf,Kurama Stakes,JRA,4,Local,,34.906667,135.725
Kyoto,Japan,Asia,1200,Sprint,Turf,Opal Stakes,JRA,4,Local,,34.906667,135.725
Kyoto,Japan,Asia,1400,Sprint,Turf,Swan Stakes,JRA,2,G2,,34.906667,135.725
Kyoto,Japan,Asia,1400,Sprint,Turf,Kyoto Fillies Stakes,JRA,3,G3,,34.906667,135.725
Kyoto,Japan,Asia,1400,Sprint,Turf,Fantasy Stakes,JRA,3,G3,,34.906667,135.725
Kyoto,Japan,Asia,1400,Sprint,Turf,Kobai Stakes,JRA,4,Local,,34.906667,135.725
Kyoto,Japan,Asia,1400,Sprint,Turf,Tachibana Stakes,JRA,4,Local,,34.906667,135.725
Kyoto,Japan,Asia,1400,Sprint,Turf,Azuchijo Stakes,JRA,4,Local,,34.906667,135.725
Kyoto,Japan,Asia,1400,Sprint,Turf,Momiji Stakes,JRA,4,Local,,34.906667,135.725
Kyoto,Japan,Asia,1400,Sprint,Turf,Rindo Sho,JRA,4,Local,,34.906667,135.725
Kyoto,Japan,Asia,1400,Sprint,Turf,Shumeigiku Sho,JRA,4,Local,,34.906667,135.725
Kyoto,Japan,Asia,1600,Mile,Turf,Mile Championship,JRA,1,G1,Umamusume Highspeed Miler,34.906667,135.725
Kyoto,Japan,Asia,1600,Mile,Turf,Milers Cup,JRA,2,G2,,34.906667,135.725
Kyoto,Japan,Asia,1600,Mile,Turf,Daily Hai Junior Stakes,JRA,2,G2,,34.906667,135.725
Kyoto,Japan,Asia,1600,Mile,Turf,Kyoto Kimpai,JRA,3,G3,,34.906667,135.725
Kyoto,Japan,Asia,1600,Mile,Turf,Shinzan Kinen,JRA,3,G3,,34.906667,135.725
Kyoto,Japan,Asia,1600,Mile,Turf,Elfin Stakes,JRA,4,Local,,34.906667,135.725
Kyoto,Japan,Asia,1600,Mile,Turf,Rakuyo Stakes,JRA,4,Local,,34.906667,135.725
Kyoto,Japan,Asia,1600,Mile,Turf,Shiragiku Stakes,JRA,4,Local,,34.906667,135.725
Kyoto,Japan,Asia,1800,Mile,Turf,Kisaragi Sho,JRA,3,G3,,34.906667,135.725
Kyoto,Japan,Asia,1800,Mile,Turf,Miyakooji Stakes,JRA,4,Local,,34.906667,135.725
Kyoto,Japan,Asia,1800,Mile,Turf,Shirayuri Stakes,JRA,4,Local,,34.906667,135.725
Kyoto,Japan,Asia,1800,Mile,Turf,Hagi Stakes,JRA,4,Local,,34.906667,135.725
Kyoto,Japan,Asia,1800,Mile,Turf,Cassiopeia Stakes,JRA,4,Local,,34.906667,135.725
Kyoto,Japan,Asia,2000,Medium,Turf,Shuka Sho,JRA,1,G1,Japan Classic Triple Tiara,34.906667,135.725
Kyoto,Japan,Asia,2000,Medium,Turf,Kyoto Junior Stakes,JRA,3,G3,,34.906667,135.725
Kyoto,Japan,Asia,2000,Medium,Turf,Wakagoma Stakes,JRA,4,Local,,34.906667,135.725
Kyoto,Japan,Asia,2000,Medium,Turf,Andromeda Stakes,JRA,4,Local,,34.906667,135.725
Kyoto,Japan,Asia,2000,Medium,Turf,Shigiku Sho,JRA,4,Local,,34.906667,135.725
Kyoto,Japan,Asia,2000,Medium,Turf,Kigiku Sho,JRA,4,Local,,34.906667,135.725
Kyoto,Japan,Asia,2200,Medium,Turf,Queen Elizabeth II Cup,JRA,1,G1,,34.906667,135.725
Kyoto,Japan,Asia,2200,Medium,Turf,Takarazuka Kinen,JRA,1,G1,Japan Spring Senior Triple Crown,34.906667,135.725
Kyoto,Japan,Asia,2200,Medium,Turf,Kyoto Kinen,JRA,2,G2,,34.906667,135.725
Kyoto,Japan,Asia,2200,Medium,Turf,Kyoto Shimbun Hai,JRA,2,G2,,34.906667,135.725
Kyoto,Japan,Asia,2400,Long,Turf,Nikkei Shinshun Hai,JRA,2,G2,,34.906667,135.725
Kyoto,Japan,Asia,2400,Long,Turf,Kyoto Daishoten,JRA,2,G2,,34.906667,135.725
Kyoto,Japan,Asia,3000,Long,Turf,Kikuka Sho,JRA,1,G1,Japan Classic Triple Crown,34.906667,135.725
Kyoto,Japan,Asia,3000,Long,Turf,Manyo Stakes,JRA,4,Local,,34.906667,135.725
Kyoto,Japan,Asia,3200,Long,Turf,Tenno Sho (Spring),JRA,1,G1,Japan Spring Senior Triple Crown,34.906667,135.725
Kyoto,Japan,Asia,1200,Sprint,Dirt,Yamato Stakes,JRA,4,Local,,34.906667,135.725
Kyoto,Japan,Asia,1200,Sprint,Dirt,Tennozan Stakes,JRA,4,Local,,34.906667,135.725
Kyoto,Japan,Asia,1200,Sprint,Dirt,Muromachi Stakes,JRA,4,Local,,34.906667,135.725
Kyoto,Japan,Asia,1200,Sprint,Dirt,Autumn Leaf Stakes,JRA,4,Local,,34.906667,135.725
Kyoto,Japan,Asia,1400,Sprint,Dirt,Subaru Stakes,JRA,4,Local,,34.906667,135.725
Kyoto,Japan,Asia,1400,Sprint,Dirt,Tango Stakes,JRA,4,Local,,34.906667,135.725
Kyoto,Japan,Asia,1400,Sprint,Dirt,Ritto Stakes,JRA,4,Local,,34.906667,135.725
Kyoto,Japan,Asia,1400,Sprint,Dirt,Nadeshiko Sho,JRA,4,Local,,34.906667,135.725
Kyoto,Japan,Asia,1800,Mile,Dirt,Miyako Stakes,JRA,3,G3,,34.906667,135.725
Kyoto,Japan,Asia,1800,Mile,Dirt,Hosu Stakes,JRA,4,Local,,34.906667,135.725
Kyoto,Japan,Asia,1800,Mile,Dirt,Uzumasa Stakes,JRA,4,Local,,34.906667,135.725
Kyoto,Japan,Asia,1800,Mile,Dirt,Mochinoki Sho,JRA,4,Local,,34.906667,135.725
Kyoto,Japan,Asia,1900,Medium,Dirt,Heian Stakes,JRA,3,G3,,34.906667,135.725
Kyoto,Japan,Asia,1900,Medium,Dirt,Aldebaran Stakes,JRA,4,Local,,34.906667,135.725
Hanshin,Japan,Asia,1200,Sprint,Turf,Centaur Stakes,JRA,2,G2,,34.780222,135.3625
Hanshin,Japan,Asia,1200,Sprint,Turf,Marguerite Stakes,JRA,4,Local,,34.780222,135.3625
Hanshin,Japan,Asia,1200,Sprint,Turf,Tanzanite Stakes,JRA,4,Local,,34.780222,135.3625
Hanshin,Japan,Asia,1200,Sprint,Turf,Sazanka Sho,JRA,4,Local,,34.780222,135.3625
Hanshin,Japan,Asia,1400,Sprint,Turf,Fillies Revue,JRA,2,G2,,34.780222,135.3625
Hanshin,Japan,Asia,1400,Sprint,Turf,Hanshin Cup,JRA,2,G2,,34.780222,135.3625
Hanshin,Japan,Asia,1400,Sprint,Turf,Hanshin Fillies Stakes,JRA,2,G2,,34.780222,135.3625
Hanshin,Japan,Asia,1400,Sprint,Turf,Hankyu Hai,JRA,3,G3,,34.780222,135.3625
Hanshin,Japan,Asia,1400,Sprint,Turf,Kikyo Stakes,JRA,4,Local,,34.780222,135.3625
Hanshin,Japan,Asia,1400,Sprint,Turf,Manryo Sho,JRA,4,Local,,34.780222,135.3625
Hanshin,Japan,Asia,1600,Mile,Turf,Oka Sho,JRA,1,G1,Japan Classic Triple Tiara,34.780222,135.3625
Hanshin,Japan,Asia,1600,Mile,Turf,Hanshin Juvenile Fillies,JRA,1,G1,,34.780222,135.3625
Hanshin,Japan,Asia,1600,Mile,Turf,Asahi Hai Futurity Stakes,JRA,1,G1,,34.780222,135.3625
Hanshin,Japan,Asia,1600,Mile,Turf,Mile Championship,JRA,1,G1,Umamusume Highspeed Miler,34.780222,135.3625
Hanshin,Japan,Asia,1600,Mile,Turf,Hanshin Fillies Stakes,JRA,2,G2,,34.780222,135.3625
Hanshin,Japan,Asia,1600,Mile,Turf,Tulip Sho,JRA,2,G2,,34.780222,135.3625
Hanshin,Japan,Asia,1600,Mile,Turf,Arlington Cup,JRA,3,G3,,34.780222,135.3625
Hanshin,Japan,Asia,1600,Mile,Turf,Rokko Stakes,JRA,4,Local,,34.780222,135.3625
Hanshin,Japan,Asia,1600,Mile,Turf,Yonago Stakes,JRA,4,Local,,34.780222,135.3625
Hanshin,Japan,Asia,1600,Mile,Turf,Port Island Stakes,JRA,4,Local,,34.780222,135.3625
Hanshin,Japan,Asia,1600,Mile,Turf,Rigel Stakes,JRA,4,Local,,34.780222,135.3625
Hanshin,Japan,Asia,1600,Mile,Turf,Senryo Sho,JRA,4,Local,,34.780222,135.3625
Hanshin,Japan,Asia,1800,Mile,Turf,Rose Stakes,JRA,2,G2,,34.780222,135.3625
Hanshin,Japan,Asia,1800,Mile,Turf,Mainichi Hai,JRA,3,G3,,34.780222,135.3625
Hanshin,Japan,Asia,1800,Mile,Turf,Osakajo Stakes,JRA,4,Local,,34.780222,135.3625
Hanshin,Japan,Asia,1800,Mile,Turf,Nojigiku Stakes,JRA,4,Local,,34.780222,135.3625
Hanshin,Japan,Asia,2000,Medium,Turf,Osaka Hai,JRA,1,G1,Japan Spring  Senior Triple Crown,34.780222,135.3625
Hanshin,Japan,Asia,2000,Medium,Turf,Naruo Kinen,JRA,3,G3,,34.780222,135.3625
Hanshin,Japan,Asia,2000,Medium,Turf,Mermaid Stakes,JRA,3,G3,,34.780222,135.3625
Hanshin,Japan,Asia,2000,Medium,Turf,Challenge Cup,JRA,3,G3,,34.780222,135.3625
Hanshin,Japan,Asia,2000,Medium,Turf,Wakaba Stakes,JRA,4,Local,,34.780222,135.3625
Hanshin,Japan,Asia,2000,Medium,Turf,Wasurenagusa Sho,JRA,4,Local,,34.780222,135.3625
Hanshin,Japan,Asia,2000,Medium,Turf,Erica Sho,JRA,4,Local,,34.780222,135.3625
Hanshin,Japan,Asia,2200,Medium,Turf,Takarazuka Kinen,JRA,1,G1,Japan Spring Senior Triple Crown,34.780222,135.3625
Hanshin,Japan,Asia,2200,Medium,Turf,Queen Elizabeth II Cup,JRA,1,G1,,34.780222,135.3625
Hanshin,Japan,Asia,2200,Medium,Turf,Sumire Stakes,JRA,4,Local,,34.780222,135.3625
Hanshin,Japan,Asia,2400,Long,Turf,Kobe Shimbun Hai,JRA,2,G2,,34.780222,135.3625
Hanshin,Japan,Asia,2600,Long,Turf,JRA Hanshin 2600m Turf,JRA,0,Non-Graded,,34.780222,135.3625
Hanshin,Japan,Asia,3000,Long,Turf,Hanshin Daishoten,JRA,2,G2,,34.780222,135.3625
Hanshin,Japan,Asia,1200,Sprint,Dirt,JRA Hanshin 1200m Dirt,JRA,0,Non-Graded,,34.780222,135.3625
Hanshin,Japan,Asia,1400,Sprint,Dirt,Polaris Stakes,JRA,4,Local,,34.780222,135.3625
Hanshin,Japan,Asia,1400,Sprint,Dirt,Coral Stakes,JRA,4,Local,,34.780222,135.3625
Hanshin,Japan,Asia,1400,Sprint,Dirt,Tempozan Stakes,JRA,4,Local,,34.780222,135.3625
Hanshin,Japan,Asia,1400,Sprint,Dirt,Enif Stakes,JRA,4,Local,,34.780222,135.3625
Hanshin,Japan,Asia,1400,Sprint,Dirt,Galaxy Stakes,JRA,4,Local,,34.780222,135.3625
Hanshin,Japan,Asia,1800,Mile,Dirt,Antares Stakes,JRA,3,G3,,34.780222,135.3625
Hanshin,Japan,Asia,1800,Mile,Dirt,Betelgeuse Stakes,JRA,4,Local,,34.780222,135.3625
Hanshin,Japan,Asia,1800,Mile,Dirt,Sannomiya Stakes,JRA,4,Local,,34.780222,135.3625
Hanshin,Japan,Asia,2000,Medium,Dirt,Sirius Stakes,JRA,3,G3,,34.780222,135.3625
Hanshin,Japan,Asia,2000,Medium,Dirt,Nigawa Stakes,JRA,4,Local,,34.780222,135.3625
Hanshin,Japan,Asia,3200,Long,Turf,Tenno Sho (Spring),JRA,1,G1,Japan Spring Senior Triple Crown,34.780222,135.3625
Kokura,Japan,Asia,1200,Sprint,Turf,Kitayushu Kinen,JRA,3,G3,,33.843,130.87275
Kokura,Japan,Asia,1200,Sprint,Turf,Kokura Junior Stakes,JRA,3,G3,,33.843,130.87275
Kokura,Japan,Asia,1200,Sprint,Turf,Phoenix Sho,JRA,4,Local,,33.843,130.87275
Kokura,Japan,Asia,1200,Sprint,Turf,Himawari Sho,JRA,4,Local,,33.843,130.87275
Kokura,Japan,Asia,1200,Sprint,Turf,Kitakyushu Tankyori Stakes,JRA,4,Local,,33.843,130.87275
Kokura,Japan,Asia,1800,Mile,Turf,Kokura Daishoten,JRA,3,G3,,33.843,130.87275
Kokura,Japan,Asia,1800,Mile,Turf,Kokura Nikkei Sho,JRA,4,Local,,33.843,130.87275
Kokura,Japan,Asia,2000,Medium,Turf,Kokura Kinen,JRA,3,G3,,33.843,130.87275
Kokura,Japan,Asia,2000,Medium,Turf,Kokura Fillies Stakes,JRA,3,G3,,33.843,130.87275
Kokura,Japan,Asia,2600,Long,Turf,JRA Kokura 2600m Turf,JRA,0,Non-Graded,,33.843,130.87275
Kokura,Japan,Asia,1000,Sprint,Dirt,JRA Kokura 1000m Dirt,JRA,0,Non-Graded,,33.843,130.87275
Kokura,Japan,Asia,1700,Mile,Dirt,Aso Stakes,JRA,4,Local,,33.843,130.87275
Kokura,Japan,Asia,2400,Long,Dirt,JRA Kokura 2400m Dirt,JRA,0,Non-Graded,,33.843,130.87275
Ohi,Japan,Asia,1200,Sprint,Dirt,JBC Sprint,NAR,1,G1,,35.591339,139.742608
Ohi,Japan,Asia,1200,Sprint,Dirt,Tokyo Sprint,NAR,3,G3,,35.591339,139.742608
Ohi,Japan,Asia,1200,Sprint,Dirt,Tokyo Hai,NAR,2,G2,,35.591339,139.742608
Ohi,Japan,Asia,1600,Mile,Dirt,Tokyo Two-Year-Old Fillies Stakes,NAR,4,Local,,35.591339,139.742608
Ohi,Japan,Asia,1600,Mile,Dirt,Haiseiko Memorial,NAR,4,Local,,35.591339,139.742608
Ohi,Japan,Asia,1600,Mile,Dirt,Santa Anita Trophy,NAR,4,Local,,35.591339,139.742608
Ohi,Japan,Asia,1600,Mile,Dirt,Tokyo Cinderella Mile,NAR,4,Local,,35.591339,139.742608
Ohi,Japan,Asia,1700,Mile,Dirt,Keihin Hai,NAR,2,G2,,35.591339,139.742608
Ohi,Japan,Asia,1800,Mile,Dirt,Kumotori Sho,NAR,3,G3,,35.591339,139.742608
Ohi,Japan,Asia,1800,Mile,Dirt,JBC Ladies Classic,NAR,1,G1,,35.591339,139.742608
Ohi,Japan,Asia,1800,Mile,Dirt,Ladies Prelude,NAR,2,G2,,35.591339,139.742608
Ohi,Japan,Asia,1800,Mile,Dirt,TCK Jo-O Hai,NAR,3,G3,,35.591339,139.742608
Ohi,Japan,Asia,1800,Mile,Dirt,Haneda Hai,NAR,1,G1,NAR Dirt Triple Crown,35.591339,139.742608
Ohi,Japan,Asia,1800,Mile,Dirt,Tokyo Princess Award,NAR,4,Local,,35.591339,139.742608
Ohi,Japan,Asia,1800,Mile,Dirt,Kuroshio Cup,NAR,4,Local,,35.591339,139.742608
Ohi,Japan,Asia,2000,Medium,Dirt,Tokyo Derby,NAR,1,G1,NAR Dirt Triple Crown,35.591339,139.742608
Ohi,Japan,Asia,2000,Medium,Dirt,Teio Sho,NAR,1,G1,,35.591339,139.742608
Ohi,Japan,Asia,2000,Medium,Dirt,Japan Dirt Derby,NAR,1,G1,NAR Dirt Triple Crown,35.591339,139.742608
Ohi,Japan,Asia,2000,Medium,Dirt,Japan Dirt Derby,NAR,1,G1,Umamusume Dirt Rising Star,35.591339,139.742608
Ohi,Japan,Asia,2000,Medium,Dirt,JBC Classic,NAR,1,G1,,35.591339,139.742608
Ohi,Japan,Asia,2000,Medium,Dirt,Japan Dirt Classic,NAR,1,G1,,35.591339,139.742608
Ohi,Japan,Asia,2000,Medium,Dirt,Tokyo Daishoten,NAR,1,G1,,35.591339,139.742608
Ohi,Japan,Asia,2000,Medium,Dirt,Ohi Kinen,NAR,4,Local,,35.591339,139.742608
Ohi,Japan,Asia,2400,Long,Dirt,Tokyo Kinen,NAR,4,Local,,35.591339,139.742608
Kawasaki,Japan,Asia,1400,Sprint,Dirt,NAR Kawasaki 1400m Dirt,NAR,0,Non-Graded,,35.530356,139.713567
Kawasaki,Japan,Asia,1600,Mile,Dirt,Zen-Nippon Junior Yushun,NAR,1,G1,Umamusume Hero of the Dirt Mile,35.530356,139.713567
Kawasaki,Japan,Asia,1600,Mile,Dirt,Sparking Lady Cup,NAR,3,G3,,35.530356,139.713567
Kawasaki,Japan,Asia,2100,Medium,Dirt,Kawasaki Kinen,NAR,1,G1,,35.530356,139.713567
Kawasaki,Japan,Asia,2100,Medium,Dirt,Empress Hai,NAR,2,G2,,35.530356,139.713567
Kawasaki,Japan,Asia,2100,Medium,Dirt,Kanto Oaks,NAR,2,G2,,35.530356,139.713567
Kawasaki,Japan,Asia,2100,Medium,Dirt,Rosita Memorial,NAR,4,Local,,35.530356,139.713567
Funabashi,Japan,Asia,1000,Sprint,Dirt,Narashino Kiratto Sprint,NAR,4,Local,,35.684722,139.997778
Funabashi,Japan,Asia,1000,Sprint,Dirt,Funabashi Kinen,NAR,4,Local,,35.684722,139.997778
Funabashi,Japan,Asia,1200,Sprint,Dirt,Wakashio Sprint,NAR,4,Local,,35.684722,139.997778
Funabashi,Japan,Asia,1400,Sprint,Dirt,NAR Funabashi 1400m Dirt,NAR,0,Non-Graded,,35.684722,139.997778
Funabashi,Japan,Asia,1600,Mile,Dirt,Kashiwa Kinen,NAR,1,G1,,35.684722,139.997778
Funabashi,Japan,Asia,1600,Mile,Dirt,Marine Cup,NAR,3,G3,,35.684722,139.997778
Funabashi,Japan,Asia,1600,Mile,Dirt,Keisei Cup Grand Milers,NAR,4,Local,,35.684722,139.997778
Funabashi,Japan,Asia,1700,Mile,Dirt,Tokyo Bay Cup,NAR,4,Local,,35.684722,139.997778
Funabashi,Japan,Asia,1800,Mile,Dirt,Bluebird Cup,NAR,3,G3,,35.684722,139.997778
Funabashi,Japan,Asia,1800,Mile,Dirt,Sazanka TV Hai,NAR,2,G2,,35.684722,139.997778
Funabashi,Japan,Asia,1800,Mile,Dirt,Nippon TV Hai,NAR,2,G2,,35.684722,139.997778
Funabashi,Japan,Asia,1800,Mile,Dirt,Queen Sho,NAR,3,G3,,35.684722,139.997778
Funabashi,Japan,Asia,1800,Mile,Dirt,Hochi Grand Prix Cup,NAR,4,Local,,35.684722,139.997778
Funabashi,Japan,Asia,2400,Long,Dirt,Diolite Kinen,NAR,2,G2,,35.684722,139.997778
Morioka,Japan,Asia,1200,Sprint,Dirt,Cluster Cup,NAR,3,G3,,39.690822,141.220067
Morioka,Japan,Asia,1600,Mile,Dirt,Mile Championship Nambu Hai,NAR,1,G1,Umamusume Hero of the Dirt Mile,39.690822,141.220067
Morioka,Japan,Asia,1800,Mile,Dirt,Diamond Cup,NAR,4,Local,,39.690822,141.220067
Morioka,Japan,Asia,1800,Mile,Dirt,Himawari Sho,NAR,4,Local,,39.690822,141.220067
Morioka,Japan,Asia,2000,Medium,Dirt,Furukata Award,NAR,2,G2,,39.690822,141.220067
Morioka,Japan,Asia,2000,Medium,Dirt,Mercury Cup,NAR,3,G3,,39.690822,141.220067
Urawa,Japan,Asia,1400,Sprint,Dirt,Sakitama Hai,NAR,1,G1,,35.858,139.671
Urawa,Japan,Asia,1400,Sprint,Dirt,Oval Sprint,NAR,3,G3,,35.858,139.671
Urawa,Japan,Asia,1500,Mile,Dirt,Oka Sho,NAR,4,Local,,35.858,139.671
Urawa,Japan,Asia,1500,Mile,Dirt,New Year Cup,NAR,4,Local,,35.858,139.671
Urawa,Japan,Asia,2000,Medium,Dirt,Urawa Kinen,NAR,2,G2,,35.858,139.671
Nagoya,Japan,Asia,1500,Mile,Dirt,Iris Kinen,NAR,3,G3,,35.112778,136.866944
Nagoya,Japan,Asia,2000,Medium,Dirt,Nagoya Daishoten,NAR,3,G3,,35.112778,136.866944
Nagoya,Japan,Asia,2000,Medium,Dirt,Tokai Kikka Sho,NAR,4,Local,,35.112778,136.866944
Nagoya,Japan,Asia,2100,Medium,Dirt,Nagoya Grand Prix,NAR,2,G2,,35.112778,136.866944
Nagoya,Japan,Asia,2100,Medium,Dirt,Tokai Yushun,NAR,4,Local,,35.112778,136.866944
Sonoda,Japan,Asia,1400,Sprint,Dirt,Hyogo Championship,NAR,2,G2,,34.7667,135.4452
Sonoda,Japan,Asia,1400,Sprint,Dirt,Hyogo Junior Grand Prix,NAR,2,G2,,34.7667,135.4452
Sonoda,Japan,Asia,1400,Sprint,Dirt,Hyogo Gold Trophy,NAR,3,G3,,34.7667,135.4452
Sonoda,Japan,Asia,1400,Sprint,Dirt,Hyogo Daishoten,NAR,4,Local,,34.7667,135.4452
Sonoda,Japan,Asia,1400,Sprint,Dirt,Kusunoki Sho,NAR,4,Local,,34.7667,135.4452
Sonoda,Japan,Asia,1400,Sprint,Dirt,Sonoda Challenge Cup,NAR,4,Local,,34.7667,135.4452
Sonoda,Japan,Asia,1400,Sprint,Dirt,Hyogo Queen Selection,NAR,4,Local,,34.7667,135.4452
Sonoda,Japan,Asia,1400,Sprint,Dirt,Hyogo Youth Cup,NAR,4,Local,,34.7667,135.4452
Sonoda,Japan,Asia,1400,Sprint,Dirt,Sonoda Princess Cup,NAR,4,Local,,34.7667,135.4452
Sonoda,Japan,Asia,1700,Mile,Dirt,Settsu Hai,NAR,4,Local,,34.7667,135.4452
Sonoda,Japan,Asia,1700,Mile,Dirt,Himeyama Kikka Sho,NAR,4,Local,,34.7667,135.4452
Sonoda,Japan,Asia,1700,Mile,Dirt,Kikusui Sho,NAR,4,Local,,34.7667,135.4452
Sonoda,Japan,Asia,1700,Mile,Dirt,Nojigiku Sho,NAR,4,Local,,34.7667,135.4452
Sonoda,Japan,Asia,1700,Mile,Dirt,Sonoda Junior Cup,NAR,4,Local,,34.7667,135.4452
Sonoda,Japan,Asia,1800,Mile,Dirt,Hyogo Wakakoma Sho,NAR,4,Local,,34.7667,135.4452
Sonoda,Japan,Asia,1870,Medium,Dirt,Hyogo Queen Cup,NAR,3,G3,,34.7667,135.4452
Sonoda,Japan,Asia,1870,Medium,Dirt,New Year Prize,NAR,4,Local,,34.7667,135.4452
Sonoda,Japan,Asia,1870,Medium,Dirt,Rokko Hai,NAR,4,Local,,34.7667,135.4452
Sonoda,Japan,Asia,1870,Medium,Dirt,Sonoda Kimpai,NAR,4,Local,,34.7667,135.4452
Sonoda,Japan,Asia,1870,Medium,Dirt,Hyogo Derby,NAR,4,Local,,34.7667,135.4452
Kanazawa,Japan,Asia,1400,Sprint,Dirt,MRO Gold Award,NAR,4,Local,,36.56105556,136.6564167
Kanazawa,Japan,Asia,2000,Medium,Dirt,Yushun Ishikawa,NAR,4,Local,,36.56105556,136.6564167
Kanazawa,Japan,Asia,2100,Medium,Dirt,Hakusan Daishoten,NAR,3,G3,,36.56105556,136.6564167
Kanazawa,Japan,Asia,2600,Long,Dirt,Kitakuni Okan,NAR,4,Local,,36.56105556,136.6564167
Kochi,Japan,Asia,1400,Sprint,Dirt,Kurofune Sho,NAR,3,G3,,33.5032,133.5306
Kochi,Japan,Asia,1400,Sprint,Dirt,Kenyori Special Prize,NAR,4,Local,,33.5032,133.5306
Kochi,Japan,Asia,1600,Mile,Dirt,Yoichi Fukunaga Memorial,NAR,4,Local,,33.5032,133.5306
Kochi,Japan,Asia,1900,Medium,Dirt,Kochi Derby,NAR,4,Local,,33.5032,133.5306
Kochi,Japan,Asia,2400,Long,Dirt,Kochi Prefecture Governor's Award,NAR,4,Local,,33.5032,133.5306
Monbetsu,Japan,Asia,1000,Sprint,Dirt,Lily Cup,NAR,4,Local,,42.537944,142.002972
Monbetsu,Japan,Asia,1200,Sprint,Dirt,Hokkaido Sprint Cup,NAR,3,G3,,42.537944,142.002972
Monbetsu,Japan,Asia,1200,Sprint,Dirt,Edelweiss Sho,NAR,3,G3,,42.537944,142.002972
Monbetsu,Japan,Asia,1200,Sprint,Dirt,Seiun Sho,NAR,4,Local,,42.537944,142.002972
Monbetsu,Japan,Asia,1200,Sprint,Dirt,Hokkaido Prefectural Sprint,NAR,4,Local,,42.537944,142.002972
Monbetsu,Japan,Asia,1200,Sprint,Dirt,Eikan Sho,NAR,4,Local,,42.537944,142.002972
Monbetsu,Japan,Asia,1200,Sprint,Dirt,Etoile Prize,NAR,4,Local,,42.537944,142.002972
Monbetsu,Japan,Asia,1600,Mile,Dirt,Hokuto Hai,NAR,4,Local,,42.537944,142.002972
Monbetsu,Japan,Asia,1600,Mile,Dirt,Floral Cup,NAR,4,Local,,42.537944,142.002972
Monbetsu,Japan,Asia,1700,Mile,Dirt,Breeders Gold Junior Cup,NAR,4,Local,,42.537944,142.002972
Monbetsu,Japan,Asia,1800,Mile,Dirt,JBC Two-Year-Old Championship,NAR,3,G3,,42.537944,142.002972
Monbetsu,Japan,Asia,1800,Mile,Dirt,Cosmo Bulk Memorial,NAR,4,Local,,42.537944,142.002972
Monbetsu,Japan,Asia,1800,Mile,Dirt,Mizuho Sho,NAR,4,Local,,42.537944,142.002972
Monbetsu,Japan,Asia,1800,Mile,Dirt,Crown Prize,NAR,4,Local,,42.537944,142.002972
Monbetsu,Japan,Asia,1800,Mile,Dirt,North Queen Cup,NAR,4,Local,,42.537944,142.002972
Monbetsu,Japan,Asia,1800,Mile,Dirt,Sunrise Cup,NAR,4,Local,,42.537944,142.002972
Monbetsu,Japan,Asia,2000,Medium,Dirt,Breeders Gold Cup,NAR,3,G3,,42.537944,142.002972
Monbetsu,Japan,Asia,2000,Medium,Dirt,Doei Kinen,NAR,4,Local,,42.537944,142.002972
Monbetsu,Japan,Asia,2000,Medium,Dirt,Hokkaido Derby,NAR,4,Local,,42.537944,142.002972
Monbetsu,Japan,Asia,2000,Medium,Dirt,Akarenga Kinen,NAR,4,Local,,42.537944,142.002972
Monbetsu,Japan,Asia,2600,Long,Dirt,Stayers Cup,NAR,4,Local,,42.537944,142.002972
Saga,Japan,Asia,1400,Sprint,Dirt,Summer Champion,NAR,3,G3,,33.34936,130.47087
Saga,Japan,Asia,1400,Sprint,Dirt,Kirishima Sho,NAR,4,Local,,33.34936,130.47087
Saga,Japan,Asia,1400,Sprint,Dirt,Dandelion Award,NAR,4,Local,,33.34936,130.47087
Saga,Japan,Asia,2000,Medium,Dirt,Saga Kinen,NAR,3,G3,,33.34936,130.47087
Saga,Japan,Asia,2000,Medium,Dirt,Kyushu Yushun Eijo Prize,NAR,4,Local,,33.34936,130.47087
Iwate,Japan,Asia,2000,Medium,Dirt,Toka Sho,NAR,4,Local,,39.5833,141.2535
Mizusawa,Japan,Asia,2000,Medium,Dirt,Tohoku Derby,NAR,4,Local,,39.1299,141.1705
Kasamatsu,Japan,Asia,1400,Sprint,Dirt,Oguri Cap Memorial,NAR,4,Local,,35.3722,136.7675
Kasamatsu,Japan,Asia,1400,Sprint,Dirt,Kasamatsu Grand Prix,NAR,4,Local,,35.3722,136.7675
Kasamatsu,Japan,Asia,1400,Sprint,Dirt,Raiden Leader Memorial,NAR,4,Local,,35.3722,136.7675
Aqueduct,USA,North America,2400,Long,Turf,Joe Hirsch Turf Classic,NYRA,1,G1,,40.6723,-73.8308
Aqueduct,USA,North America,1600,Mile,Dirt,Champagne Stakes,NYRA,1,G1,,40.6723,-73.8308
Aqueduct,USA,North America,1600,Mile,Dirt,Frizette Stakes,NYRA,1,G1,,40.6723,-73.8308
Aqueduct,USA,North America,1800,Mile,Dirt,Wood Memorial,NYRA,2,G2,,40.6723,-73.8308
Aqueduct,USA,North America,1400,Sprint,Dirt,Carter Handicap,NYRA,2,G2,,40.6723,-73.8308
Aqueduct,USA,North America,1600,Mile,Dirt,Ruffian Stakes,NYRA,2,G2,,40.6723,-73.8308
Aqueduct,USA,North America,2200,Medium,Turf,Man o' War Stakes,NYRA,2,G2,,40.6723,-73.8308
Aqueduct,USA,North America,2200,Medium,Dirt,Brooklyn Stakes,NYRA,2,G2,,40.6723,-73.8308
Aqueduct,USA,North America,1800,Mile,Dirt,Beldame Stakes,NYRA,2,G2,,40.6723,-73.8308
Aqueduct,USA,North America,1800,Mile,Dirt,Woodward Stakes,NYRA,2,G2,,40.6723,-73.8308
Aqueduct,USA,North America,1400,Sprint,Dirt,Vosburgh Stakes,NYRA,2,G2,,40.6723,-73.8308
Aqueduct,USA,North America,1300,Sprint,Dirt,Gallant Bloom Stakes,NYRA,2,G2,,40.6723,-73.8308
Aqueduct,USA,North America,1700,Mile,Turf,Miss Grillo Stakes,NYRA,2,G2,,40.6723,-73.8308
Aqueduct,USA,North America,1800,Mile,Dirt,Mother Goose Stakes,NYRA,2,G2,,40.6723,-73.8308
Aqueduct,USA,North America,1600,Mile,Dirt,Cigar Mile Handicap,NYRA,2,G2,,40.6723,-73.8308
Aqueduct,USA,North America,1800,Mile,Dirt,Demoiselle Stakes,NYRA,2,G2,,40.6723,-73.8308
Aqueduct,USA,North America,1800,Mile,Dirt,Remsen Stakes,NYRA,2,G2,,40.6723,-73.8308
Aqueduct,USA,North America,1200,Sprint,Dirt,Tom Fool Handicap,NYRA,3,G3,,40.6723,-73.8308
Aqueduct,USA,North America,1600,Mile,Dirt,Gotham Stakes,NYRA,3,G3,,40.6723,-73.8308
Aqueduct,USA,North America,1400,Sprint,Dirt,Distaff Stakes,NYRA,3,G3,,40.6723,-73.8308
Aqueduct,USA,North America,1800,Mile,Dirt,Gazelle Stakes,NYRA,3,G3,,40.6723,-73.8308
Aqueduct,USA,North America,2200,Medium,Turf,Sheepshead Bay Stakes,NYRA,3,G3,,40.6723,-73.8308
Aqueduct,USA,North America,1800,Mile,Turf,Fort Marcy Stakes,NYRA,3,G3,,40.6723,-73.8308
Aqueduct,USA,North America,1600,Mile,Dirt,Westchester Stakes,NYRA,3,G3,,40.6723,-73.8308
Aqueduct,USA,North America,1700,Mile,Turf,Beaugay Stakes,NYRA,3,G3,,40.6723,-73.8308
Aqueduct,USA,North America,1300,Sprint,Dirt,Vagrancy Stakes,NYRA,3,G3,,40.6723,-73.8308
Aqueduct,USA,North America,1200,Sprint,Dirt,John A. Nerud Stakes,NYRA,3,G3,,40.6723,-73.8308
Aqueduct,USA,North America,1800,Mile,Dirt,Peter Pan Stakes,NYRA,3,G3,,40.6723,-73.8308
Aqueduct,USA,North America,1600,Mile,Turf,Winter Memories Stakes,NYRA,3,G3,,40.6723,-73.8308
Aqueduct,USA,North America,1200,Sprint,Turf,Belmont Turf Sprint Stakes,NYRA,3,G3,,40.6723,-73.8308
Aqueduct,USA,North America,1200,Sprint,Turf,Matron Stakes,NYRA,3,G3,,40.6723,-73.8308
Aqueduct,USA,North America,1200,Sprint,Turf,Futurity Stakes,NYRA,3,G3,,40.6723,-73.8308
Aqueduct,USA,North America,1700,Mile,Turf,Pilgim Stakes,NYRA,3,G3,,40.6723,-73.8308
Aqueduct,USA,North America,2000,Medium,Dirt,Jockey Club Derby Invitational Stakes,NYRA,3,G3,,40.6723,-73.8308
Aqueduct,USA,North America,2200,Medium,Turf,Waya Stakes,NYRA,3,G3,,40.6723,-73.8308
Aqueduct,USA,North America,1200,Sprint,Turf,Glen Cove Stakes,NYRA,3,G3,,40.6723,-73.8308
Aqueduct,USA,North America,1800,Mile,Turf,Sands Point Stakes,NYRA,3,G3,,40.6723,-73.8308
Aqueduct,USA,North America,2200,Medium,Turf,Red Smith Stakes,NYRA,3,G3,,40.6723,-73.8308
Aqueduct,USA,North America,1200,Sprint,Dirt,Bold Ruler Stakes,NYRA,3,G3,,40.6723,-73.8308
Aqueduct,USA,North America,1600,Mile,Dirt,Forty Niner Stakes,NYRA,3,G3,,40.6723,-73.8308
Aqueduct,USA,North America,1800,Mile,Turf,Hill Prince Stakes,NYRA,3,G3,,40.6723,-73.8308
Aqueduct,USA,North America,2200,Medium,Turf,Long Island Stakes,NYRA,3,G3,,40.6723,-73.8308
Aqueduct,USA,North America,2200,Medium,Turf,Jockey Club Oaks Invitational Stakes,NYRA,3,G3,,40.6723,-73.8308
Aqueduct,USA,North America,1700,Mile,Turf,Pebbles Stakes,NYRA,3,G3,,40.6723,-73.8308
Aqueduct,USA,North America,1200,Sprint,Dirt,Elite Power Stakes,NYRA,3,G3,,40.6723,-73.8308
Aqueduct,USA,North America,1800,Mile,Dirt,Comely Stakes,NYRA,3,G3,,40.6723,-73.8308
Aqueduct,USA,North America,1600,Mile,Dirt,Busher Stakes,NYRA,4,Local,,40.6723,-73.8308
Aqueduct,USA,North America,1600,Mile,Dirt,Stymie Stakes,NYRA,4,Local,,40.6723,-73.8308
Aqueduct,USA,North America,1800,Mile,Dirt,Top Flight Stakes,NYRA,4,Local,,40.6723,-73.8308
Aqueduct,USA,North America,2000,Medium,Dirt,Excelsior Stakes,NYRA,4,Local,,40.6723,-73.8308
Aqueduct,USA,North America,1600,Mile,Turf,Plenty of Grace Stakes,NYRA,4,Local,,40.6723,-73.8308
Aqueduct,USA,North America,1600,Mile,Turf,Memories of Silver Stakes,NYRA,4,Local,,40.6723,-73.8308
Aqueduct,USA,North America,1400,Sprint,Dirt,Bay Shore Stakes,NYRA,4,Local,,40.6723,-73.8308
Aqueduct,USA,North America,1200,Sprint,Turf,Floral Park Stakes,NYRA,4,Local,,40.6723,-73.8308
Aqueduct,USA,North America,1600,Mile,Turf,Artie Schiller Stakes,NYRA,4,Local,,40.6723,-73.8308
Aqueduct,USA,North America,1800,Mile,Turf,Athena Stakes,NYRA,4,Local,,40.6723,-73.8308
Aqueduct,USA,North America,1800,Mile,Turf,Knickerbocker Stakes,NYRA,4,Local,,40.6723,-73.8308
Aqueduct,USA,North America,1800,Mile,Dirt,Turnback the Alarm Stakes,NYRA,4,Local,,40.6723,-73.8308
Aqueduct,USA,North America,1600,Mile,Dirt,Dwyer Stakes,NYRA,4,Local,,40.6723,-73.8308
Aqueduct,USA,North America,1400,Sprint,Dirt,Pumpkin Pie Stakes,NYRA,4,Local,,40.6723,-73.8308
Aqueduct,USA,North America,1700,Mile,Turf,Chelsey Flower Stakes,NYRA,4,Local,,40.6723,-73.8308
Aqueduct,USA,North America,1600,Mile,Turf,Nobel Damsel Stakes,NYRA,4,Local,,40.6723,-73.8308
Aqueduct,USA,North America,1200,Sprint,Turf,Autumn Days Stakes,NYRA,4,Local,,40.6723,-73.8308
Century Mile,Canada,North America,2000,Medium,Dirt,Canadian Derby,Century Casino,3,G3,,53.316111,-113.560556
Century Mile,Canada,North America,1200,Sprint,Dirt,RedTail Landing Handicap,Century Casino,4,Local,,53.316111,-113.560556
Century Mile,Canada,North America,1200,Sprint,Dirt,Jornal Handicap,Century Casino,4,Local,,53.316111,-113.560556
Century Mile,Canada,North America,1200,Sprint,Dirt,Chariot Chaser Stakes,Century Casino,4,Local,,53.316111,-113.560556
Century Mile,Canada,North America,1200,Sprint,Dirt,Western Canada Stakes,Century Casino,4,Local,,53.316111,-113.560556
Century Mile,Canada,North America,1400,Sprint,Dirt,R.A Red Mackenzie Stakes,Century Casino,4,Local,,53.316111,-113.560556
Century Mile,Canada,North America,1400,Sprint,Dirt,Sprangled Jimmy Handicap,Century Casino,4,Local,,53.316111,-113.560556
Century Mile,Canada,North America,1800,Mile,Dirt,RK Red Smith Handicap,Century Casino,4,Local,,53.316111,-113.560556
Century Mile,Canada,North America,1670,Mile,Dirt,Century Mile Handicap,Century Casino,4,Local,,53.316111,-113.560556
Century Mile,Canada,North America,1670,Mile,Dirt,Sonoma Stakes,Century Casino,4,Local,,53.316111,-113.560556
Century Mile,Canada,North America,1700,Mile,Dirt,Count Lathum Stakes,Century Casino,4,Local,,53.316111,-113.560556
Century Mile,Canada,North America,1100,Sprint,Dirt,Kindergarten Stakes,Century Casino,4,Local,,53.316111,-113.560556
Century Mile,Canada,North America,1200,Sprint,Dirt,Princess Margaret Stakes,Century Casino,4,Local,,53.316111,-113.560556
Century Mile,Canada,North America,1200,Sprint,Dirt,Canadian Juvenile Stakes,Century Casino,4,Local,,53.316111,-113.560556
Century Mile,Canada,North America,2000,Medium,Dirt,"Dale ""The Colonel"" Saunders Speed to Spare",Century Casino,4,Local,,53.316111,-113.560556
Century Mile,Canada,North America,1670,Mile,Dirt,Northlands Park Distaff,Century Casino,4,Local,,53.316111,-113.560556
Century Mile,Canada,North America,1800,Mile,Dirt,Century Casino Oaks,Century Casino,4,Local,,53.316111,-113.560556
Century Mile,Canada,North America,1200,Sprint,Dirt,Alberta Premier's Futurity,Century Casino,4,Local,,53.316111,-113.560556
Century Mile,Canada,North America,1200,Sprint,Dirt,Sturgeon River Stakes,Century Casino,4,Local,,53.316111,-113.560556
Century Mile,Canada,North America,1700,Mile,Dirt,Alberta Oaks,Century Casino,4,Local,,53.316111,-113.560556
Century Mile,Canada,North America,1200,Sprint,Dirt,Red Diamond Express Handicap,Century Casino,4,Local,,53.316111,-113.560556
Century Mile,Canada,North America,1700,Mile,Dirt,Beaufort Stakes,Century Casino,4,Local,,53.316111,-113.560556
Century Mile,Canada,North America,1700,Mile,Dirt,Alberta Fall Classic Distaff Handicap,Century Casino,4,Local,,53.316111,-113.560556
Century Mile,Canada,North America,1700,Mile,Dirt,Alberta Breeder's Handicap,Century Casino,4,Local,,53.316111,-113.560556
Fort Erie,Canada,North America,1900,Medium,Dirt,Prince of Wales Stakes,FELRC,4,Local,Canada Triple Crown,42.901775,-78.972176
Fort Erie,Canada,North America,1800,Mile,Dirt,Puss N Boots Cup,FELRC,4,Local,,42.901775,-78.972176
Fort Erie,Canada,North America,1300,Sprint,Dirt,Lake Erie Stakes,FELRC,4,Local,,42.901775,-78.972176
Fort Erie,Canada,North America,1300,Sprint,Dirt,Rondeau Bay Stakes,FELRC,4,Local,,42.901775,-78.972176
Fort Erie,Canada,North America,1000,Sprint,Dirt,Molson Cup,FELRC,4,Local,,42.901775,-78.972176
Fort Erie,Canada,North America,1000,Sprint,Dirt,Le Cinquieme Essai Cup,FELRC,4,Local,,42.901775,-78.972176
Fort Erie,Canada,North America,1000,Sprint,Dirt,Summer Solstice Cup,FELRC,4,Local,,42.901775,-78.972176
Fort Erie,Canada,North America,1000,Sprint,Dirt,Sprint Into Summer Cup,FELRC,4,Local,,42.901775,-78.972176
Woodbine,Canada,North America,2000,Medium,Turf,E.P. Taylor Stakes,WEG,1,G1,,43.712525,-79.602042
Woodbine,Canada,North America,1600,Mile,Turf,Woodbine Miles,WEG,1,G1,,43.712525,-79.602042
Woodbine,Canada,North America,1600,Mile,Turf,Summer Stakes,WEG,1,G1,,43.712525,-79.602042
Woodbine,Canada,North America,1600,Mile,Turf,Natalma Stakes,WEG,1,G1,,43.712525,-79.602042
Woodbine,Canada,North America,2400,Long,Turf,Canadian International Stakes,WEG,1,G1,,43.712525,-79.602042
Woodbine,Canada,North America,1700,Mile,Synthetic,Eclipse Stakes,WEG,2,G2,,43.712525,-79.602042
Woodbine,Canada,North America,1600,Mile,Turf,Nassau Stakes,WEG,2,G2,,43.712525,-79.602042
Woodbine,Canada,North America,1200,Sprint,Turf,Highlander Stakes,WEG,2,G2,,43.712525,-79.602042
Woodbine,Canada,North America,1400,Sprint,Turf,Connaught Cup Stakes,WEG,2,G2,,43.712525,-79.602042
Woodbine,Canada,North America,1800,Mile,Turf,Canadian Stakes,WEG,2,G2,,43.712525,-79.602042
Woodbine,Canada,North America,1600,Mile,Turf,King Edward Stakes,WEG,2,G2,,43.712525,-79.602042
Woodbine,Canada,North America,1000,Sprint,Turf,Nearctic Stakes,WEG,2,G2,,43.712525,-79.602042
Woodbine,Canada,North America,1700,Mile,Turf,Dance Smartly Stakes,WEG,2,G2,,43.712525,-79.602042
Woodbine,Canada,North America,1200,Sprint,Synthetic,Kennedy Road Stakes,WEG,2,G2,,43.712525,-79.602042
Woodbine,Canada,North America,1200,Sprint,Synthetic,Whimsical Stakes,WEG,3,G3,,43.712525,-79.602042
Woodbine,Canada,North America,1200,Sprint,Synthetic,Jacques Cartier Stakes,WEG,3,G3,,43.712525,-79.602042
Woodbine,Canada,North America,1300,Sprint,Turf,Royal North Stakes,WEG,3,G3,,43.712525,-79.602042
Woodbine,Canada,North America,1700,Mile,Synthetic,Belle Mahone Stakes,WEG,3,G3,,43.712525,-79.602042
Woodbine,Canada,North America,1800,Mile,Synthetic,Dominion Day Stakes,WEG,3,G3,,43.712525,-79.602042
Woodbine,Canada,North America,1700,Mile,Synthetic,Selene Stakes,WEG,3,G3,,43.712525,-79.602042
Woodbine,Canada,North America,1700,Mile,Synthetic,Marine Stakes,WEG,3,G3,,43.712525,-79.602042
Woodbine,Canada,North America,1300,Sprint,Synthetic,Hendrie Stakes,WEG,3,G3,,43.712525,-79.602042
Woodbine,Canada,North America,1700,Mile,Synthetic,Trillium Stakes,WEG,3,G3,,43.712525,-79.602042
Woodbine,Canada,North America,1600,Mile,Turf,Ontario Colleen Stakes,WEG,3,G3,,43.712525,-79.602042
Woodbine,Canada,North America,1700,Mile,Synthetic,Seagram Cup Stakes,WEG,3,G3,,43.712525,-79.602042
Woodbine,Canada,North America,1300,Sprint,Synthetic,Bold Venture Stakes,WEG,3,G3,,43.712525,-79.602042
Woodbine,Canada,North America,1400,Sprint,Synthetic,Seaway Stakes,WEG,3,G3,,43.712525,-79.602042
Woodbine,Canada,North America,2200,Medium,Turf,Singspiel Stakes,WEG,3,G3,,43.712525,-79.602042
Woodbine,Canada,North America,1200,Sprint,Synthetic,Vigil Stakes,WEG,3,G3,,43.712525,-79.602042
Woodbine,Canada,North America,1700,Mile,Synthetic,Ontario Matron Stakes,WEG,3,G3,,43.712525,-79.602042
Woodbine,Canada,North America,1700,Mile,Synthetic,Durham Cup Stakes,WEG,3,G3,,43.712525,-79.602042
Woodbine,Canada,North America,1200,Sprint,Synthetic,Ontario Fashion Stakes,WEG,3,G3,,43.712525,-79.602042
Woodbine,Canada,North America,1800,Mile,Synthetic,Ontario Derby,WEG,3,G3,,43.712525,-79.602042
Woodbine,Canada,North America,1700,Mile,Synthetic,Mazarine Stakes,WEG,3,G3,,43.712525,-79.602042
Woodbine,Canada,North America,1700,Mile,Synthetic,Grey Stakes,WEG,3,G3,,43.712525,-79.602042
Woodbine,Canada,North America,1400,Sprint,Synthetic,Bessarabian Stakes,WEG,3,G3,,43.712525,-79.602042
Woodbine,Canada,North America,2000,Medium,Synthetic,Maple Leaf Stakes,WEG,3,G3,,43.712525,-79.602042
Woodbine,Canada,North America,1800,Mile,Synthetic,Autumn Stakes,WEG,3,G3,,43.712525,-79.602042
Woodbine,Canada,North America,2400,Long,Synthetic,Valedictory Stakes,WEG,3,G3,,43.712525,-79.602042
Woodbine,Canada,North America,2000,Medium,Synthetic,The King's Plate,WEG,4,Local,Canada Triple Crown,43.712525,-79.602042
Woodbine,Canada,North America,1800,Mile,Synthetic,Woodbine Oaks,WEG,4,Local,Canada Triple Tiara,43.712525,-79.602042
Woodbine,Canada,North America,2400,Long,Turf,Breeders Stakes,WEG,4,Local,Canada Triple Crown,43.712525,-79.602042
Woodbine,Canada,North America,1700,Mile,Synthetic,Bison City Stakes,WEG,4,Local,Canada Triple Tiara,43.712525,-79.602042
Woodbine,Canada,North America,2000,Medium,Turf,Wonder Where Stakes,WEG,4,Local,Canada Triple Tiara,43.712525,-79.602042
Charles Town,USA,North America,1800,Mile,Dirt,Charles Town Classic,PENN,2,G2,,39.29565,-77.848606
Charles Town,USA,North America,1400,Sprint,Dirt,Charles Town Oaks,PENN,2,G2,,39.29565,-77.848606
Charles Town,USA,North America,1800,Mile,Dirt,West Virginia Breeders Classic,PENN,4,Local,,39.29565,-77.848606
Charles Town,USA,North America,1400,Sprint,Dirt,Robert Hilton Memorial,PENN,4,Local,,39.29565,-77.848606
Charles Town,USA,North America,1400,Sprint,Dirt,Misty Bennett Pink Ribbon Stakes,PENN,4,Local,,39.29565,-77.848606
Charles Town,USA,North America,1400,Sprint,Dirt,Sugar Maple Stakes,PENN,4,Local,,39.29565,-77.848606
Charles Town,USA,North America,1400,Sprint,Dirt,Red Legend Stakes,PENN,4,Local,,39.29565,-77.848606
Charles Town,USA,North America,1400,Sprint,Dirt,WV Cavada Breeders Calssic,PENN,4,Local,,39.29565,-77.848606
Charles Town,USA,North America,905,Sprint,Dirt,Charles Town Invitation Dash,PENN,4,Local,,39.29565,-77.848606
Charles Town,USA,North America,905,Sprint,Dirt,Lady Charles Town,PENN,4,Local,,39.29565,-77.848606
Charles Town,USA,North America,905,Sprint,Dirt,West Virginia Sprint Derby,PENN,4,Local,,39.29565,-77.848606
Charles Town,USA,North America,905,Sprint,Dirt,Coin Collector Stakes,PENN,4,Local,,39.29565,-77.848606
Churchill Downs,USA,North America,1800,Mile,Dirt,Kentucky Oaks,CDI,1,G1,USA Triple Tiara,38.2018,-85.7687
Churchill Downs,USA,North America,1700,Mile,Dirt,La Troienne Stakes,CDI,1,G1,,38.2018,-85.7687
Churchill Downs,USA,North America,2000,Medium,Dirt,Kentucky Derby,CDI,1,G1,USA Triple Crown,38.2018,-85.7687
Churchill Downs,USA,North America,1400,Sprint,Dirt,Churchill Downs Stakes,CDI,1,G1,,38.2018,-85.7687
Churchill Downs,USA,North America,1400,Sprint,Dirt,Derby City Distaff Stakes,CDI,1,G1,,38.2018,-85.7687
Churchill Downs,USA,North America,1800,Mile,Turf,Turf Classic Stakes,CDI,1,G1,,38.2018,-85.7687
Churchill Downs,USA,North America,1700,Mile,Turf,American Turf Stakes,CDI,1,G1,,38.2018,-85.7687
Churchill Downs,USA,North America,1800,Mile,Dirt,Stephen Foster Stakes,CDI,1,G1,,38.2018,-85.7687
Churchill Downs,USA,North America,1100,Sprint,Turf,Unbridled Sidney Stakes,CDI,2,G2,,38.2018,-85.7687
Churchill Downs,USA,North America,1400,Sprint,Dirt,Eight Belles Stakes,CDI,2,G2,,38.2018,-85.7687
Churchill Downs,USA,North America,1700,Mile,Turf,Edgewood Stakes,CDI,2,G2,,38.2018,-85.7687
Churchill Downs,USA,North America,1700,Mile,Dirt,Alysheba Stakes,CDI,2,G2,,38.2018,-85.7687
Churchill Downs,USA,North America,1100,Sprint,Turf,Twin Spires Turf Sprint Stakes,CDI,2,G2,,38.2018,-85.7687
Churchill Downs,USA,North America,1600,Mile,Turf,Churchill Distaff Turf Mile Stakes,CDI,2,G2,,38.2018,-85.7687
Churchill Downs,USA,North America,1600,Mile,Dirt,Pat Day Mile Stakes,CDI,2,G2,,38.2018,-85.7687
Churchill Downs,USA,North America,1700,Mile,Dirt,Shawnee Stakes,CDI,2,G2,,38.2018,-85.7687
Churchill Downs,USA,North America,1400,Sprint,Dirt,Chicago Stakes,CDI,2,G2,,38.2018,-85.7687
Churchill Downs,USA,North America,1700,Mile,Turf,Wise Dan Stakes,CDI,2,G2,,38.2018,-85.7687
Churchill Downs,USA,North America,1800,Mile,Dirt,Fleur de Lis Stakes,CDI,2,G2,,38.2018,-85.7687
Churchill Downs,USA,North America,1800,Mile,Dirt,Clark Stakes,CDI,2,G2,,38.2018,-85.7687
Churchill Downs,USA,North America,1700,Mile,Turf,Mrs. Revere Stakes,CDI,2,G2,,38.2018,-85.7687
Churchill Downs,USA,North America,1700,Mile,Dirt,Kentucky Jockey Club Stakes,CDI,2,G2,,38.2018,-85.7687
Churchill Downs,USA,North America,1700,Mile,Dirt,Golden Rod Stakes,CDI,2,G2,,38.2018,-85.7687
Churchill Downs,USA,North America,1100,Sprint,Turf,Mamzelle Stakes,CDI,3,G3,,38.2018,-85.7687
Churchill Downs,USA,North America,1800,Mile,Turf,Modesty Stakes,CDI,3,G3,,38.2018,-85.7687
Churchill Downs,USA,North America,2400,Long,Turf,Louisville Stakes,CDI,3,G3,,38.2018,-85.7687
Churchill Downs,USA,North America,1200,Sprint,Dirt,Winning Colors Stakes,CDI,3,G3,,38.2018,-85.7687
Churchill Downs,USA,North America,1800,Mile,Turf,Regret Stakes,CDI,3,G3,,38.2018,-85.7687
Churchill Downs,USA,North America,1700,Mile,Turf,Arlington Stakes,CDI,3,G3,,38.2018,-85.7687
Churchill Downs,USA,North America,1200,Sprint,Dirt,Aristides Stakes,CDI,3,G3,,38.2018,-85.7687
Churchill Downs,USA,North America,1800,Mile,Dirt,Blame Stakes,CDI,3,G3,,38.2018,-85.7687
Churchill Downs,USA,North America,1700,Mile,Turf,Mint Julep Stakes,CDI,3,G3,,38.2018,-85.7687
Churchill Downs,USA,North America,1700,Mile,Dirt,Matt Winn Stakes,CDI,3,G3,,38.2018,-85.7687
Churchill Downs,USA,North America,1300,Sprint,Dirt,Kelly's Landing Stakes,CDI,3,G3,,38.2018,-85.7687
Churchill Downs,USA,North America,1400,Sprint,Dirt,Maxfield Stakes,CDI,3,G3,,38.2018,-85.7687
Churchill Downs,USA,North America,1600,Mile,Dirt,Hanshin Stakes,CDI,3,G3,,38.2018,-85.7687
Churchill Downs,USA,North America,1600,Mile,Dirt,Pocahontas Stakes,CDI,3,G3,,38.2018,-85.7687
Churchill Downs,USA,North America,1600,Mile,Dirt,Iroquois Stakes,CDI,3,G3,,38.2018,-85.7687
Churchill Downs,USA,North America,1700,Mile,Dirt,Locust Grove Stakes,CDI,3,G3,,38.2018,-85.7687
Churchill Downs,USA,North America,1400,Sprint,Dirt,Dogwood Stakes,CDI,3,G3,,38.2018,-85.7687
Churchill Downs,USA,North America,1600,Mile,Dirt,Ack Ack Stakes,CDI,3,G3,,38.2018,-85.7687
Churchill Downs,USA,North America,1800,Mile,Dirt,Lukas Classic Stakes,CDI,3,G3,,38.2018,-85.7687
Churchill Downs,USA,North America,1600,Mile,Dirt,Street Sense Stakes,CDI,3,G3,,38.2018,-85.7687
Churchill Downs,USA,North America,1800,Mile,Turf,River City Handicap,CDI,3,G3,,38.2018,-85.7687
Churchill Downs,USA,North America,1600,Mile,Dirt,Chilukki Stakes,CDI,3,G3,,38.2018,-85.7687
Churchill Downs,USA,North America,1700,Mile,Turf,Commonwealth Turf Stakes,CDI,3,G3,,38.2018,-85.7687
Churchill Downs,USA,North America,1800,Mile,Dirt,Falls City Stakes,CDI,3,G3,,38.2018,-85.7687
Churchill Downs,USA,North America,1200,Sprint,Dirt,Roxelana Stakes,CDI,4,Local,,38.2018,-85.7687
Churchill Downs,USA,North America,2400,Long,Dirt,Isaac Murphy Marathon,CDI,4,Local,,38.2018,-85.7687
Churchill Downs,USA,North America,1000,Sprint,Dirt,Kentucky Juvenile,CDI,4,Local,,38.2018,-85.7687
Churchill Downs,USA,North America,1600,Mile,Turf,Open Verse Stakes,CDI,4,Local,,38.2018,-85.7687
Churchill Downs,USA,North America,1200,Sprint,Dirt,St. Matthews Overnight,CDI,4,Local,,38.2018,-85.7687
Churchill Downs,USA,North America,1300,Sprint,Dirt,Open Mind Stakes,CDI,4,Local,,38.2018,-85.7687
Churchill Downs,USA,North America,1200,Sprint,Dirt,Louisville Thoroughbred Society,CDI,4,Local,,38.2018,-85.7687
Churchill Downs,USA,North America,1900,Medium,Dirt,Bourbon Flight,CDI,4,Local,,38.2018,-85.7687
Churchill Downs,USA,North America,1400,Sprint,Dirt,Harrods Creek,CDI,4,Local,,38.2018,-85.7687
Churchill Downs,USA,North America,1700,Mile,Dirt,Seneca Overnight Stakes,CDI,4,Local,,38.2018,-85.7687
Churchill Downs,USA,North America,1700,Mile,Dirt,Rags to Riches,CDI,4,Local,,38.2018,-85.7687
Churchill Downs,USA,North America,1200,Sprint,Dirt,Bet On Sunshine,CDI,4,Local,,38.2018,-85.7687
Churchill Downs,USA,North America,1200,Sprint,Dirt,Drean Supreme,CDI,4,Local,,38.2018,-85.7687
Churchill Downs,USA,North America,1800,Mile,Turf,Cardinal Stakes,CDI,4,Local,,38.2018,-85.7687
Churchill Downs,USA,North America,1300,Sprint,Dirt,Ed Brown Stakes,CDI,4,Local,,38.2018,-85.7687
Churchill Downs,USA,North America,1300,Sprint,Dirt,Fern Creek Stakes,CDI,4,Local,,38.2018,-85.7687
Churchill Downs,USA,North America,1600,Mile,Dirt,Cherokee Mile,CDI,4,Local,,38.2018,-85.7687
Colonial Downs,USA,North America,2000,Medium,Turf,Arlington Million,CDI,1,G1,,37.4874246,-77.0081948
Colonial Downs,USA,North America,1600,Mile,Turf,Secretariat Stakes,CDI,2,G2,,37.4874246,-77.0081948
Colonial Downs,USA,North America,1900,Medium,Turf,Beverly D. Stakes,CDI,2,G2,,37.4874246,-77.0081948
Colonial Downs,USA,North America,1800,Mile,Turf,Old Dominion Derby,CDI,3,G3,,37.4874246,-77.0081948
Colonial Downs,USA,North America,1800,Mile,Dirt,Virginia Derby,CDI,4,Local,,37.4874246,-77.0081948
Colonial Downs,USA,North America,1700,Mile,Dirt,Virginia Oaks,CDI,4,Local,,37.4874246,-77.0081948
Colonial Downs,USA,North America,1800,Mile,Turf,Old Dominion Oaks,CDI,4,Local,,37.4874246,-77.0081948
Colonial Downs,USA,North America,2200,Medium,Dirt,Golden Horseshoe Handicap,CDI,4,Local,,37.4874246,-77.0081948
Colonial Downs,USA,North America,1400,Sprint,Dirt,Boston Handicap,CDI,4,Local,,37.4874246,-77.0081948
Colonial Downs,USA,North America,1200,Sprint,Dirt,Stellar Wind Handicap,CDI,4,Local,,37.4874246,-77.0081948
Colonial Downs,USA,North America,1600,Mile,Dirt,Royal New Kent Stakes,CDI,4,Local,,37.4874246,-77.0081948
Colonial Downs,USA,North America,1600,Mile,Dirt,Sandy Bottom Stakes,CDI,4,Local,,37.4874246,-77.0081948
Colonial Downs,USA,North America,1700,Mile,Turf,Edward P. Evans Stakes,CDI,4,Local,,37.4874246,-77.0081948
Colonial Downs,USA,North America,1700,Mile,Turf,Brookmeade Stakes,CDI,4,Local,,37.4874246,-77.0081948
Colonial Downs,USA,North America,1400,Sprint,Dirt,Star De Naskra,CDI,4,Local,,37.4874246,-77.0081948
Del Mar,USA,North America,1200,Sprint,Dirt,Bing Crossby Stakes,DMTC,1,G1,,32.9756559,-117.2613728
Del Mar,USA,North America,1700,Mile,Dirt,Clement L. Hirsch Stakes,DMTC,1,G1,,32.9756559,-117.2613728
Del Mar,USA,North America,1800,Mile,Turf,Del Mar Oaks,DMTC,1,G1,,32.9756559,-117.2613728
Del Mar,USA,North America,2000,Medium,Dirt,Pacific Classic Stakes,DMTC,1,G1,,32.9756559,-117.2613728
Del Mar,USA,North America,1400,Sprint,Dirt,Del Mar Debutante Stakes,DMTC,1,G1,,32.9756559,-117.2613728
Del Mar,USA,North America,1400,Sprint,Dirt,Del Mar Futurity,DMTC,1,G1,,32.9756559,-117.2613728
Del Mar,USA,North America,1700,Mile,Dirt,Breeders' Cup Juvenile,DMTC,1,G1,Breeders' Cup,32.9756559,-117.2613728
Del Mar,USA,North America,1700,Mile,Dirt,Breeders' Cup Juvenile Fillies,DMTC,1,G1,Breeders' Cup,32.9756559,-117.2613728
Del Mar,USA,North America,1600,Mile,Turf,Breeders' Cup Juvenile Fillies Turf,DMTC,1,G1,Breeders' Cup,32.9756559,-117.2613728
Del Mar,USA,North America,1000,Sprint,Turf,Breeders' Cup Juvenile Fillies Turf Sprint,DMTC,1,G1,Breeders' Cup,32.9756559,-117.2613728
Del Mar,USA,North America,2000,Medium,Dirt,Breeders' Cup Classic,DMTC,1,G1,Breeders' Cup,32.9756559,-117.2613728
Del Mar,USA,North America,2200,Medium,Turf,Breeders' Cup Filly & Mare Turf,DMTC,1,G1,Breeders' Cup,32.9756559,-117.2613728
Del Mar,USA,North America,2400,Long,Turf,Breeders' Cup Turf,DMTC,1,G1,Breeders' Cup,32.9756559,-117.2613728
Del Mar,USA,North America,1000,Sprint,Turf,Breeders' Cup Turf Sprint,DMTC,1,G1,Breeders' Cup,32.9756559,-117.2613728
Del Mar,USA,North America,1200,Sprint,Dirt,Breeders' Cup Sprint,DMTC,1,G1,Breeders' Cup,32.9756559,-117.2613728
Del Mar,USA,North America,1400,Sprint,Dirt,Breeders' Cup Filly & Mare Sprint,DMTC,1,G1,Breeders' Cup,32.9756559,-117.2613728
Del Mar,USA,North America,1600,Mile,Dirt,Breeders' Cup Dirt Mile,DMTC,1,G1,Breeders' Cup,32.9756559,-117.2613728
Del Mar,USA,North America,1600,Mile,Turf,Breeders' Cup Mile,DMTC,1,G1,Breeders' Cup,32.9756559,-117.2613728
Del Mar,USA,North America,1800,Mile,Dirt,Breeders' Cup Distaff,DMTC,1,G1,Breeders' Cup,32.9756559,-117.2613728
Del Mar,USA,North America,1800,Mile,Turf,Hollywood Derby,DMTC,1,G1,,32.9756559,-117.2613728
Del Mar,USA,North America,1600,Mile,Turf,Matriarch Stakes,DMTC,1,G1,,32.9756559,-117.2613728
Del Mar,USA,North America,1600,Mile,Turf,San Clemente Handicap,DMTC,2,G2,,32.9756559,-117.2613728
Del Mar,USA,North America,1700,Mile,Dirt,San Diego Handicap,DMTC,2,G2,,32.9756559,-117.2613728
Del Mar,USA,North America,1800,Mile,Turf,Eddie Read Stakes,DMTC,2,G2,,32.9756559,-117.2613728
Del Mar,USA,North America,1200,Sprint,Dirt,Best Pal Stakes,DMTC,2,G2,,32.9756559,-117.2613728
Del Mar,USA,North America,1700,Mile,Turf,Yellow Ribbon Handicap,DMTC,2,G2,,32.9756559,-117.2613728
Del Mar,USA,North America,1400,Sprint,Dirt,Pat O'Brien Stakes,DMTC,2,G2,,32.9756559,-117.2613728
Del Mar,USA,North America,2200,Medium,Turf,Del Mar Handicap,DMTC,2,G2,,32.9756559,-117.2613728
Del Mar,USA,North America,1600,Mile,Turf,Del Mar Mile Stakes,DMTC,2,G2,,32.9756559,-117.2613728
Del Mar,USA,North America,1000,Sprint,Turf,Green Flash Handicap,DMTC,2,G2,,32.9756559,-117.2613728
Del Mar,USA,North America,1800,Mile,Turf,Del Mar Derby,DMTC,2,G2,,32.9756559,-117.2613728
Del Mar,USA,North America,1800,Mile,Turf,John C. Mabee Stakes,DMTC,2,G2,,32.9756559,-117.2613728
Del Mar,USA,North America,2400,Long,Turf,Hollywood Turf Cup Stakes,DMTC,2,G2,,32.9756559,-117.2613728
Del Mar,USA,North America,1700,Mile,Turf,Seabiscuit Handicap,DMTC,2,G2,,32.9756559,-117.2613728
Del Mar,USA,North America,2400,Long,Dirt,Cougar II Stakes,DMTC,3,G3,,32.9756559,-117.2613728
Del Mar,USA,North America,1200,Sprint,Dirt,Sorrento Stakes,DMTC,3,G3,,32.9756559,-117.2613728
Del Mar,USA,North America,1300,Sprint,Dirt,Rancho Bernardo Handicap,DMTC,3,G3,,32.9756559,-117.2613728
Del Mar,USA,North America,1600,Mile,Dirt,Torrey Pines Stakes,DMTC,3,G3,,32.9756559,-117.2613728
Del Mar,USA,North America,1600,Mile,Turf,Del Mar Juvenile Turf Stakes,DMTC,3,G3,,32.9756559,-117.2613728
Del Mar,USA,North America,1600,Mile,Turf,Goldikova Stakes,DMTC,3,G3,,32.9756559,-117.2613728
Del Mar,USA,North America,1800,Mile,Dirt,Native Diver Stakes,DMTC,3,G3,,32.9756559,-117.2613728
Del Mar,USA,North America,1600,Mile,Turf,Jimmy Durante Stakes,DMTC,3,G3,,32.9756559,-117.2613728
Del Mar,USA,North America,1600,Mile,Turf,Cecil B. DeMille Stakes,DMTC,3,G3,,32.9756559,-117.2613728
Del Mar,USA,North America,1600,Mile,Dirt,Bayakoa Stakes,DMTC,3,G3,,32.9756559,-117.2613728
Del Mar,USA,North America,1600,Mile,Turf,Oceanside Stakes,DMTC,4,Local,,32.9756559,-117.2613728
Del Mar,USA,North America,1600,Mile,Turf,Wickerr Stakes,DMTC,4,Local,,32.9756559,-117.2613728
Del Mar,USA,North America,1400,Sprint,Dirt,Fleet Treat Stakes,DMTC,4,Local,,32.9756559,-117.2613728
Del Mar,USA,North America,1000,Sprint,Turf,Daisycutter Handicap,DMTC,4,Local,,32.9756559,-117.2613728
Del Mar,USA,North America,1600,Mile,Turf,Osunitas Stakes,DMTC,4,Local,,32.9756559,-117.2613728
Del Mar,USA,North America,1400,Sprint,Dirt,Real Good Deal Stakes,DMTC,4,Local,,32.9756559,-117.2613728
Del Mar,USA,North America,1700,Mile,Turf,California Dreamin' Stakes,DMTC,4,Local,,32.9756559,-117.2613728
Del Mar,USA,North America,1100,Sprint,Dirt,CBTA Stakes,DMTC,4,Local,,32.9756559,-117.2613728
Del Mar,USA,North America,1100,Sprint,Dirt,Graduation Stakes,DMTC,4,Local,,32.9756559,-117.2613728
Del Mar,USA,North America,1600,Mile,Turf,Solana Beach Stakes,DMTC,4,Local,,32.9756559,-117.2613728
Del Mar,USA,North America,2200,Medium,Turf,CTT & TOC Stakes,DMTC,4,Local,,32.9756559,-117.2613728
Del Mar,USA,North America,1200,Sprint,Dirt,Generous Portion Stakes,DMTC,4,Local,,32.9756559,-117.2613728
Del Mar,USA,North America,1600,Mile,Dirt,Tranquility Lake Stakes,DMTC,4,Local,,32.9756559,-117.2613728
Del Mar,USA,North America,1600,Mile,Dirt,Shared Belief Stakes,DMTC,4,Local,,32.9756559,-117.2613728
Del Mar,USA,North America,1200,Sprint,Dirt,I'm Smokin Stake,DMTC,4,Local,,32.9756559,-117.2613728
Delaware Park,USA,North America,1700,Mile,Dirt,Delaware Oaks,DPRO,3,G3,,39.7023,-75.668
Delaware Park,USA,North America,2200,Medium,Turf,Rober G. Dick Memorial Stakes,DPRO,3,G3,,39.7023,-75.668
Delaware Park,USA,North America,1800,Mile,Dirt,Delaware Handicap,DPRO,3,G3,,39.7023,-75.668
Delaware Park,USA,North America,1600,Mile,Dirt,Delaware Derby,DPRO,4,Local,,39.7023,-75.668
Delaware Park,USA,North America,2200,Medium,Turf,Kent Stakes,DPRO,4,Local,,39.7023,-75.668
Delaware Park,USA,North America,2400,Long,Turf,Cape Henlopen,DPRO,4,Local,,39.7023,-75.668
Delaware Park,USA,North America,1700,Mile,Dirt,Obeah Stakes,DPRO,4,Local,,39.7023,-75.668
Delaware Park,USA,North America,1700,Mile,Dirt,Barbaro Stakes,DPRO,4,Local,,39.7023,-75.668
Delaware Park,USA,North America,1700,Mile,Dirt,Battery Pack Stakes,DPRO,4,Local,,39.7023,-75.668
Delaware Park,USA,North America,1200,Sprint,Dirt,Alapocas Run,DPRO,4,Local,,39.7023,-75.668
Delaware Park,USA,North America,1200,Sprint,Dirt,Dashing Beauty,DPRO,4,Local,,39.7023,-75.668
Delaware Park,USA,North America,1600,Mile,Dirt,White Clay Creek,DPRO,4,Local,,39.7023,-75.668
Delaware Park,USA,North America,1600,Mile,Dirt,Rocky Run Stakes,DPRO,4,Local,,39.7023,-75.668
Delaware Park,USA,North America,1200,Sprint,Dirt,The Small Wonder,DPRO,4,Local,,39.7023,-75.668
Delaware Park,USA,North America,1200,Sprint,Dirt,The First State Dash,DPRO,4,Local,,39.7023,-75.668
Delaware Park,USA,North America,1200,Sprint,Dirt,The Tax-Free Shopping Distaff,DPRO,4,Local,,39.7023,-75.668
Delaware Park,USA,North America,1200,Sprint,Dirt,The New Castle,DPRO,4,Local,,39.7023,-75.668
Fair Grounds,USA,North America,1700,Mile,Dirt,Rachel Alexandra Stakes,CDI,2,G2,,29.98305,-90.081347
Fair Grounds,USA,North America,1800,Mile,Dirt,Risen Star Stakes,CDI,2,G2,,29.98305,-90.081347
Fair Grounds,USA,North America,1700,Mile,Dirt,Fair Grounds Oaks,CDI,2,G2,,29.98305,-90.081347
Fair Grounds,USA,North America,1800,Mile,Dirt,New Orleans Classic Stakes,CDI,2,G2,,29.98305,-90.081347
Fair Grounds,USA,North America,1900,Medium,Dirt,Louisiana Dery,CDI,2,G2,,29.98305,-90.081347
Fair Grounds,USA,North America,1800,Mile,Turf,Muniz Memorial Classic Stakes,CDI,2,G2,,29.98305,-90.081347
Fair Grounds,USA,North America,1700,Mile,Dirt,Lecomte Stakes,CDI,3,G3,,29.98305,-90.081347
Fair Grounds,USA,North America,1700,Mile,Dirt,Louisiana Stakes,CDI,3,G3,,29.98305,-90.081347
Fair Grounds,USA,North America,1700,Mile,Dirt,Mineshaft Stakes,CDI,3,G3,,29.98305,-90.081347
Fair Grounds,USA,North America,1800,Mile,Turf,Fair Grounds Stakes,CDI,3,G3,,29.98305,-90.081347
Fair Grounds,USA,North America,1200,Sprint,Dirt,Thanksgiving Classic,CDI,4,Local,,29.98305,-90.081347
Fair Grounds,USA,North America,1700,Mile,Turf,Colonel E.R. Bradley,CDI,4,Local,,29.98305,-90.081347
Fair Grounds,USA,North America,1700,Mile,Turf,Marie G. Krantz Memorial,CDI,4,Local,,29.98305,-90.081347
Fair Grounds,USA,North America,1700,Mile,Turf,Albert M. Stall Memorial,CDI,4,Local,,29.98305,-90.081347
Fair Grounds,USA,North America,1700,Mile,Dirt,Tenacious Stakes,CDI,4,Local,,29.98305,-90.081347
Fair Grounds,USA,North America,1100,Sprint,Turf,Duncan F. Kenner,CDI,4,Local,,29.98305,-90.081347
Fair Grounds,USA,North America,1100,Sprint,Turf,Colonel Power,CDI,4,Local,,29.98305,-90.081347
Fair Grounds,USA,North America,1100,Sprint,Turf,Pan Zareta Stakes,CDI,4,Local,,29.98305,-90.081347
Fair Grounds,USA,North America,1100,Sprint,Turf,Nelson J. Menard Memorial,CDI,4,Local,,29.98305,-90.081347
Fair Grounds,USA,North America,1100,Sprint,Turf,Mardi Gras Stakes,CDI,4,Local,,29.98305,-90.081347
Fair Grounds,USA,North America,1670,Mile,Dirt,Shantel Lanerie Memorial,CDI,4,Local,,29.98305,-90.081347
Fair Grounds,USA,North America,1700,Mile,Dirt,Star Guitar Stakes,CDI,4,Local,,29.98305,-90.081347
Fair Grounds,USA,North America,1200,Sprint,Dirt,Sugar Bowl Stakes,CDI,4,Local,,29.98305,-90.081347
Fair Grounds,USA,North America,1700,Mile,Turf,Black Gold Stakes,CDI,4,Local,,29.98305,-90.081347
Fair Grounds,USA,North America,1600,Mile,Turf,Woodchopper Stakes,CDI,4,Local,,29.98305,-90.081347
Fair Grounds,USA,North America,1800,Mile,Dirt,Louisiana Champions Day Classic,CDI,4,Local,Louisiana Champions Day,29.98305,-90.081347
Fair Grounds,USA,North America,1700,Mile,Turf,Louisiana Champions Day Turf,CDI,4,Local,Louisiana Champions Day,29.98305,-90.081347
Fair Grounds,USA,North America,1700,Mile,Turf,Louisiana Champions Day Ladies Turf,CDI,4,Local,Louisiana Champions Day,29.98305,-90.081347
Fair Grounds,USA,North America,1200,Sprint,Dirt,Louisiana Champions Day Juvenile,CDI,4,Local,Louisiana Champions Day,29.98305,-90.081347
Fair Grounds,USA,North America,1200,Sprint,Dirt,Louisiana Champions Day Lassie,CDI,4,Local,Louisiana Champions Day,29.98305,-90.081347
Fair Grounds,USA,North America,1200,Sprint,Dirt,Louisiana Champions Day Sprint,CDI,4,Local,Louisiana Champions Day,29.98305,-90.081347
Fair Grounds,USA,North America,1200,Sprint,Dirt,Louisiana Champions Day Ladies Sprint,CDI,4,Local,Louisiana Champions Day,29.98305,-90.081347
Fair Grounds,USA,North America,1670,Mile,Dirt,John Valene Memorial,CDI,4,Local,,29.98305,-90.081347
Fair Grounds,USA,North America,1200,Sprint,Dirt,Joseph R. Peluso Memorial,CDI,4,Local,,29.98305,-90.081347
Gulfstream Park,USA,North America,1800,Mile,Turf,Pegasus World Cup Turf Invitational,1/ST Racing,1,G1,,25.978474,-80.13799
Gulfstream Park,USA,North America,1800,Mile,Dirt,Pegasus World Cup Inviational Stakes,1/ST Racing,1,G1,,25.978474,-80.13799
Gulfstream Park,USA,North America,1800,Mile,Dirt,Florida Derby,1/ST Racing,1,G1,,25.978474,-80.13799
Gulfstream Park,USA,North America,1700,Mile,Turf,Pegasus World Cup Filly and Mare Turf Invitational,1/ST Racing,2,G2,,25.978474,-80.13799
Gulfstream Park,USA,North America,1400,Sprint,Dirt,Inside Information Stakes,1/ST Racing,2,G2,,25.978474,-80.13799
Gulfstream Park,USA,North America,1700,Mile,Dirt,Fountain of Youth Stakes,1/ST Racing,2,G2,,25.978474,-80.13799
Gulfstream Park,USA,North America,2200,Medium,Turf,Mac Diarmida Stakes,1/ST Racing,2,G2,,25.978474,-80.13799
Gulfstream Park,USA,North America,1600,Mile,Dirt,Davona Dale Stakes,1/ST Racing,2,G2,,25.978474,-80.13799
Gulfstream Park,USA,North America,2400,Long,Turf,Pan American Stakes,1/ST Racing,2,G2,,25.978474,-80.13799
Gulfstream Park,USA,North America,1700,Mile,Dirt,Gulfstream Park Oaks,1/ST Racing,2,G2,,25.978474,-80.13799
Gulfstream Park,USA,North America,2400,Long,Turf,Christophe Clement Stakes,1/ST Racing,3,G3,,25.978474,-80.13799
Gulfstream Park,USA,North America,2400,Long,Turf,W. L. McKnight Stakes,1/ST Racing,3,G3,,25.978474,-80.13799
Gulfstream Park,USA,North America,1600,Mile,Dirt,Fred W. Hooper Stakes,1/ST Racing,3,G3,,25.978474,-80.13799
Gulfstream Park,USA,North America,1700,Mile,Dirt,Holy Bull Stakes,1/ST Racing,3,G3,,25.978474,-80.13799
Gulfstream Park,USA,North America,1400,Sprint,Dirt,Forward Gal Stakes,1/ST Racing,3,G3,,25.978474,-80.13799
Gulfstream Park,USA,North America,1700,Mile,Dirt,Royal Delta Stakes,1/ST Racing,3,G3,,25.978474,-80.13799
Gulfstream Park,USA,North America,1700,Mile,Turf,Herecomesthebride Stakes,1/ST Racing,3,G3,,25.978474,-80.13799
Gulfstream Park,USA,North America,1600,Mile,Turf,Canadian Turf Stakes,1/ST Racing,3,G3,,25.978474,-80.13799
Gulfstream Park,USA,North America,1600,Mile,Turf,Honey Fox Stakes,1/ST Racing,3,G3,,25.978474,-80.13799
Gulfstream Park,USA,North America,2200,Medium,Turf,The Very One Stakes,1/ST Racing,3,G3,,25.978474,-80.13799
Gulfstream Park,USA,North America,1600,Mile,Dirt,Gulfstream Park Mile Stakes,1/ST Racing,3,G3,,25.978474,-80.13799
Gulfstream Park,USA,North America,1300,Sprint,Dirt,Hurricane Bertie Stakes,1/ST Racing,3,G3,,25.978474,-80.13799
Gulfstream Park,USA,North America,1700,Mile,Dirt,Ghostzapper Stakes,1/ST Racing,3,G3,,25.978474,-80.13799
Gulfstream Park,USA,North America,2400,Long,Turf,Orchid Stakes,1/ST Racing,3,G3,,25.978474,-80.13799
Gulfstream Park,USA,North America,1400,Sprint,Dirt,Princess Rooney Stakes,1/ST Racing,3,G3,,25.978474,-80.13799
Gulfstream Park,USA,North America,1700,Mile,Dirt,Harlan's Holiday Stakes,1/ST Racing,3,G3,,25.978474,-80.13799
Gulfstream Park,USA,North America,1800,Mile,Turf,Fort Lauderdale Stakes,1/ST Racing,3,G3,,25.978474,-80.13799
Gulfstream Park,USA,North America,1400,Sprint,Dirt,Mr. Prospector Stakes,1/ST Racing,3,G3,,25.978474,-80.13799
Gulfstream Park,USA,North America,1500,Mile,Turf,Wait A While Stakes,1/ST Racing,4,Local,,25.978474,-80.13799
Gulfstream Park,USA,North America,1500,Mile,Turf,Pulpit Stakes,1/ST Racing,4,Local,,25.978474,-80.13799
Gulfstream Park,USA,North America,3200,Long,Turf,H. Allen Jerkens Handicaps,1/ST Racing,4,Local,,25.978474,-80.13799
Gulfstream Park,USA,North America,1700,Mile,Turf,Tropical Park Derby,1/ST Racing,4,Local,,25.978474,-80.13799
Gulfstream Park,USA,North America,1700,Mile,Turf,Tropical Park Oaks,1/ST Racing,4,Local,,25.978474,-80.13799
Gulfstream Park,USA,North America,1600,Mile,Turf,Suwannee River Stakes,1/ST Racing,4,Local,,25.978474,-80.13799
Gulfstream Park,USA,North America,1000,Sprint,Turf,Janus Stakes,1/ST Racing,4,Local,,25.978474,-80.13799
Gulfstream Park,USA,North America,1000,Sprint,Turf,Abundantia Stakes,1/ST Racing,4,Local,,25.978474,-80.13799
Gulfstream Park,USA,North America,1200,Sprint,Dirt,Sugar Swirl Stakes,1/ST Racing,4,Local,,25.978474,-80.13799
Gulfstream Park,USA,North America,1400,Sprint,Dirt,Swale Stakes,1/ST Racing,4,Local,,25.978474,-80.13799
Gulfstream Park,USA,North America,2200,Medium,Turf,Via Borghese Stakes,1/ST Racing,4,Local,,25.978474,-80.13799
Gulfstream Park,USA,North America,1600,Mile,Dirt,Rampart Stakes,1/ST Racing,4,Local,,25.978474,-80.13799
Gulfstream Park,USA,North America,1600,Mile,Dirt,Cash Run Stakes,1/ST Racing,4,Local,,25.978474,-80.13799
Gulfstream Park,USA,North America,1600,Mile,Dirt,Mucho Macho Man Stakes,1/ST Racing,4,Local,,25.978474,-80.13799
Gulfstream Park,USA,North America,1600,Mile,Turf,Ginger Brew Stakes,1/ST Racing,4,Local,,25.978474,-80.13799
Gulfstream Park,USA,North America,1600,Mile,Turf,Dania Beach Stakes,1/ST Racing,4,Local,,25.978474,-80.13799
Gulfstream Park,USA,North America,1700,Mile,Dirt,Sunshine Millions Classic,1/ST Racing,4,Local,,25.978474,-80.13799
Gulfstream Park,USA,North America,1700,Mile,Turf,Sunshine Millions Turf,1/ST Racing,4,Local,,25.978474,-80.13799
Gulfstream Park,USA,North America,1200,Sprint,Dirt,Sunshine Millions Sprint,1/ST Racing,4,Local,,25.978474,-80.13799
Gulfstream Park,USA,North America,1000,Sprint,Turf,Gulfstream Park Turf Sprint,1/ST Racing,4,Local,,25.978474,-80.13799
Gulfstream Park,USA,North America,1000,Sprint,Turf,Ladies Turf Sprint,1/ST Racing,4,Local,,25.978474,-80.13799
Gulfstream Park,USA,North America,1000,Sprint,Turf,Silks Run Stakes,1/ST Racing,4,Local,,25.978474,-80.13799
Gulfstream Park,USA,North America,1000,Sprint,Turf,Captiva Island Stakes,1/ST Racing,4,Local,,25.978474,-80.13799
Gulfstream Park,USA,North America,1200,Sprint,Dirt,Hutcheson Stakes,1/ST Racing,4,Local,,25.978474,-80.13799
Gulfstream Park,USA,North America,1200,Sprint,Dirt,Any Limit Stakes,1/ST Racing,4,Local,,25.978474,-80.13799
Gulfstream Park,USA,North America,1000,Sprint,Turf,Texas Glitter Stakes,1/ST Racing,4,Local,,25.978474,-80.13799
Indianapolis,USA,North America,1700,Mile,Dirt,Indiana Derby,IHRC,3,G3,,39.59,-85.822
Indianapolis,USA,North America,1700,Mile,Dirt,Indiana Oaks,IHRC,3,G3,,39.59,-85.822
Indianapolis,USA,North America,1100,Sprint,Dirt,Merill C. Roberts Overnight Handicap,IHRC,4,Local,,39.59,-85.822
Indianapolis,USA,North America,1600,Mile,Turf,Cleopatra Stakes,IHRC,4,Local,,39.59,-85.822
Indianapolis,USA,North America,1200,Sprint,Dirt,Shelby County Stakes,IHRC,4,Local,,39.59,-85.822
Indianapolis,USA,North America,1100,Sprint,Dirt,Sagamore Sired Stakes,IHRC,4,Local,,39.59,-85.822
Indianapolis,USA,North America,1670,Mile,Dirt,Indiana First Lady Stakes,IHRC,4,Local,,39.59,-85.822
Indianapolis,USA,North America,1670,Mile,Dirt,Miss Indiana Stakes,IHRC,4,Local,,39.59,-85.822
Indianapolis,USA,North America,1700,Mile,Dirt,Strong Tide Overnight Handicap,IHRC,4,Local,,39.59,-85.822
Saratoga,USA,North America,1600,Mile,Turf,Just a Game Stakes,NYRA,1,G1,,43.0696,-73.7678
Saratoga,USA,North America,1900,Medium,Turf,New York Stakes,NYRA,1,G1,,43.0696,-73.7678
Saratoga,USA,North America,1800,Mile,Dirt,Acorn Stakes,NYRA,1,G1,USA Triple Tiara,43.0696,-73.7678
Saratoga,USA,North America,1800,Mile,Dirt,Ogden Phipps Stakes,NYRA,1,G1,,43.0696,-73.7678
Saratoga,USA,North America,2000,Medium,Dirt,Belmont Stakes,NYRA,1,G1,USA Triple Crown,43.0696,-73.7678
Saratoga,USA,North America,1400,Sprint,Dirt,Woody Stephens Stakes,NYRA,1,G1,,43.0696,-73.7678
Saratoga,USA,North America,1600,Mile,Dirt,Metropolitan Handicap,NYRA,1,G1,,43.0696,-73.7678
Saratoga,USA,North America,1100,Sprint,Turf,Jaipur Stakes,NYRA,1,G1,,43.0696,-73.7678
Saratoga,USA,North America,1800,Mile,Turf,Manhattan Stakes,NYRA,1,G1,,43.0696,-73.7678
Saratoga,USA,North America,1800,Mile,Turf,Belmont Derby,NYRA,1,G1,,43.0696,-73.7678
Saratoga,USA,North America,1800,Mile,Turf,Belmont Oaks,NYRA,1,G1,,43.0696,-73.7678
Saratoga,USA,North America,1800,Mile,Turf,Diana Stakes,NYRA,1,G1,,43.0696,-73.7678
Saratoga,USA,North America,1800,Mile,Dirt,Coaching Club American Oaks,NYRA,1,G1,USA Triple Tiara,43.0696,-73.7678
Saratoga,USA,North America,1800,Mile,Dirt,Whitney Stakes,NYRA,1,G1,,43.0696,-73.7678
Saratoga,USA,North America,1900,Medium,Turf,Saratoga Derby Invitational,NYRA,1,G1,,43.0696,-73.7678
Saratoga,USA,North America,1400,Sprint,Dirt,Test Stakes,NYRA,1,G1,,43.0696,-73.7678
Saratoga,USA,North America,1600,Mile,Turf,Fourstardave Stakes,NYRA,1,G1,,43.0696,-73.7678
Saratoga,USA,North America,2400,Long,Turf,Sword Dancer Stakes,NYRA,1,G1,,43.0696,-73.7678
Saratoga,USA,North America,2000,Medium,Dirt,Alabama Stakes,NYRA,1,G1,USA Triple Tiara,43.0696,-73.7678
Saratoga,USA,North America,1800,Mile,Dirt,Personal Ensign Stakes,NYRA,1,G1,,43.0696,-73.7678
Saratoga,USA,North America,1400,Sprint,Dirt,H. Allen Jerkens Memorial Stakes,NYRA,1,G1,,43.0696,-73.7678
Saratoga,USA,North America,2000,Medium,Dirt,Travers Stakes,NYRA,1,G1,,43.0696,-73.7678
Saratoga,USA,North America,1400,Sprint,Dirt,Forego Stakes,NYRA,1,G1,,43.0696,-73.7678
Saratoga,USA,North America,1400,Sprint,Dirt,Ballerina Stakes,NYRA,1,G1,,43.0696,-73.7678
Saratoga,USA,North America,1400,Sprint,Dirt,Spinaway Stakes,NYRA,1,G1,,43.0696,-73.7678
Saratoga,USA,North America,2000,Medium,Dirt,Jockey Club Gold Cup,NYRA,1,G1,,43.0696,-73.7678
Saratoga,USA,North America,1400,Sprint,Dirt,Hopeful Stakes,NYRA,1,G1,,43.0696,-73.7678
Saratoga,USA,North America,1100,Sprint,Turf,Intercontinental Stakes,NYRA,2,G2,,43.0696,-73.7678
Saratoga,USA,North America,2800,Long,Dirt,Belmont Gold Cup,NYRA,2,G2,,43.0696,-73.7678
Saratoga,USA,North America,1400,Sprint,Dirt,Bed O' Roses Stakes,NYRA,2,G2,,43.0696,-73.7678
Saratoga,USA,North America,1300,Sprint,Dirt,True North Stakes,NYRA,2,G2,,43.0696,-73.7678
Saratoga,USA,North America,2000,Medium,Dirt,Surburban Stakes,NYRA,2,G2,,43.0696,-73.7678
Saratoga,USA,North America,2200,Medium,Turf,Bowling Green Stakes,NYRA,2,G2,,43.0696,-73.7678
Saratoga,USA,North America,1800,Mile,Dirt,Shuvee Stakes,NYRA,2,G2,,43.0696,-73.7678
Saratoga,USA,North America,1100,Sprint,Turf,Caress Stakes,NYRA,2,G2,,43.0696,-73.7678
Saratoga,USA,North America,1200,Sprint,Dirt,Alfred G. Vanderbilt Handicap,NYRA,2,G2,,43.0696,-73.7678
Saratoga,USA,North America,1200,Sprint,Dirt,Honorable Miss Stakes,NYRA,2,G2,,43.0696,-73.7678
Saratoga,USA,North America,1300,Sprint,Dirt,Amsterdam Stakes,NYRA,2,G2,,43.0696,-73.7678
Saratoga,USA,North America,1800,Mile,Dirt,Jim Dandy Stakes,NYRA,2,G2,,43.0696,-73.7678
Saratoga,USA,North America,2400,Long,Turf,Glens Falls Stakes,NYRA,2,G2,,43.0696,-73.7678
Saratoga,USA,North America,1600,Mile,Turf,National Museum of Racing Hall of Fame Stakes,NYRA,2,G2,,43.0696,-73.7678
Saratoga,USA,North America,1300,Sprint,Dirt,Saratoga Special Stakes,NYRA,2,G2,,43.0696,-73.7678
Saratoga,USA,North America,1700,Mile,Turf,Ballston Spa Stakes,NYRA,2,G2,,43.0696,-73.7678
Saratoga,USA,North America,1900,Medium,Turf,Saratoga Oaks Invitational,NYRA,2,G2,,43.0696,-73.7678
Saratoga,USA,North America,1600,Mile,Turf,Lake Placid Stakes,NYRA,2,G2,,43.0696,-73.7678
Saratoga,USA,North America,2200,Medium,Turf,Flower Bowl Stakes,NYRA,2,G2,,43.0696,-73.7678
Saratoga,USA,North America,1600,Mile,Turf,Poker Stakes,NYRA,3,G3,,43.0696,-73.7678
Saratoga,USA,North America,1600,Mile,Dirt,Wonder Again Stakes,NYRA,3,G3,,43.0696,-73.7678
Saratoga,USA,North America,1100,Sprint,Turf,Soaring Softly Stakes,NYRA,3,G3,,43.0696,-73.7678
Saratoga,USA,North America,1300,Sprint,Dirt,Victory Ride Stakes,NYRA,3,G3,,43.0696,-73.7678
Saratoga,USA,North America,1600,Mile,Turf,Manila Stakes,NYRA,3,G3,,43.0696,-73.7678
Saratoga,USA,North America,1600,Mile,Turf,Kelso Stakes,NYRA,3,G3,,43.0696,-73.7678
Saratoga,USA,North America,1200,Sprint,Dirt,Sanford Stakes,NYRA,3,G3,,43.0696,-73.7678
Saratoga,USA,North America,1100,Sprint,Turf,Coronation Cup Stakes,NYRA,3,G3,,43.0696,-73.7678
Saratoga,USA,North America,1100,Sprint,Turf,Quick Call Stakes,NYRA,3,G3,,43.0696,-73.7678
Saratoga,USA,North America,1700,Mile,Turf,Lake George Stakes,NYRA,3,G3,,43.0696,-73.7678
Saratoga,USA,North America,1100,Sprint,Dirt,Troy Stakes,NYRA,3,G3,,43.0696,-73.7678
Saratoga,USA,North America,1300,Sprint,Dirt,Adirondack Stakes,NYRA,3,G3,,43.0696,-73.7678
Saratoga,USA,North America,1100,Sprint,Turf,Mahony Stakes,NYRA,3,G3,,43.0696,-73.7678
Saratoga,USA,North America,1700,Mile,Turf,With Anticipation Stakes,NYRA,3,G3,,43.0696,-73.7678
Saratoga,USA,North America,1200,Sprint,Dirt,Prioress Stakes,NYRA,3,G3,,43.0696,-73.7678
Saratoga,USA,North America,1200,Sprint,Dirt,Schuylerville Stakes,NYRA,4,Local,,43.0696,-73.7678
Saratoga,USA,North America,1600,Mile,Turf,De La Rose Stakes,NYRA,4,Local,,43.0696,-73.7678
Saratoga,USA,North America,1100,Sprint,Turf,Bolton Landing Stakes,NYRA,4,Local,,43.0696,-73.7678
Saratoga,USA,North America,2800,Long,Dirt,Birdstone Stakes,NYRA,4,Local,,43.0696,-73.7678
Saratoga,USA,North America,1200,Sprint,Dirt,John Morrissey Stakes,NYRA,4,Local,,43.0696,-73.7678
Saratoga,USA,North America,1300,Sprint,Dirt,Funny Cide Stakes,NYRA,4,Local,,43.0696,-73.7678
Saratoga,USA,North America,1800,Mile,Dirt,Albany Stakes,NYRA,4,Local,,43.0696,-73.7678
Saratoga,USA,North America,1800,Mile,Dirt,Fleet Indian Stakes,NYRA,4,Local,,43.0696,-73.7678
Saratoga,USA,North America,1700,Mile,Turf,Saranac Stakes,NYRA,4,Local,,43.0696,-73.7678
Belmont Park,USA,North America,2400,Long,Dirt,Belmont Stakes,NYRA,1,G1,USA Triple Crown,40.715,-73.722778
Belmont Park,USA,North America,2000,Medium,Turf,Manhattan Stakes,NYRA,1,G1,,40.715,-73.722778
Belmont Park,USA,North America,1600,Mile,Dirt,Metropolitan Handicap,NYRA,1,G1,,40.715,-73.722778
Belmont Park,USA,North America,1700,Mile,Dirt,Ogden Phipps Stakes,NYRA,1,G1,,40.715,-73.722778
Belmont Park,USA,North America,1200,Sprint,Turf,Jaipur Stakes,NYRA,1,G1,,40.715,-73.722778
Belmont Park,USA,North America,1400,Sprint,Dirt,Woody Stephens Stakes,NYRA,1,G1,,40.715,-73.722778
Belmont Park,USA,North America,1600,Mile,Turf,Just a Game Stakes,NYRA,1,G1,,40.715,-73.722778
Belmont Park,USA,North America,1700,Mile,Dirt,Acorn Stakes,NYRA,1,G1,USA Triple Tiara,40.715,-73.722778
Belmont Park,USA,North America,2000,Medium,Turf,New York Stakes,NYRA,1,G1,,40.715,-73.722778
Belmont Park,USA,North America,1800,Mile,Turf,Belmont Derby Inviational,NYRA,1,G1,,40.715,-73.722778
Belmont Park,USA,North America,1800,Mile,Turf,Belmont Oaks Invitational,NYRA,1,G1,,40.715,-73.722778
Belmont Park,USA,North America,2400,Long,Turf,Joe Hirsch Turf Classic,NYRA,1,G1,,40.715,-73.722778
Belmont Park,USA,North America,1600,Mile,Dirt,Champagne Stakes,NYRA,1,G1,,40.715,-73.722778
Belmont Park,USA,North America,1600,Mile,Dirt,Frizette Stakes,NYRA,1,G1,,40.715,-73.722778
Belmont Park,USA,North America,2400,Long,Dirt,Brooklyn Stakes,NYRA,2,G2,,40.715,-73.722778
Belmont Park,USA,North America,1300,Sprint,Dirt,True North Stakes,NYRA,2,G2,,40.715,-73.722778
Belmont Park,USA,North America,3200,Long,Turf,Belmont Gold Cup,NYRA,2,G2,,40.715,-73.722778
Belmont Park,USA,North America,2000,Medium,Dirt,Surburban Stakes,NYRA,2,G2,,40.715,-73.722778
Belmont Park,USA,North America,1700,Mile,Turf,Wonder Again Stakes,NYRA,2,G2,,40.715,-73.722778
Belmont Park,USA,North America,2200,Medium,Turf,Man o' War Stakes,NYRA,2,G2,,40.715,-73.722778
Belmont Park,USA,North America,1600,Mile,Dirt,Ruffian Stakes,NYRA,2,G2,,40.715,-73.722778
Belmont Park,USA,North America,1800,Mile,Turf,Fort Marcy Stakes,NYRA,2,G2,,40.715,-73.722778
Belmont Park,USA,North America,1700,Mile,Turf,Pennine Ridge Stakes,NYRA,3,G3,,40.715,-73.722778
Belmont Park,USA,North America,1100,Sprint,Turf,Soaring Softly Stakes,NYRA,3,G3,,40.715,-73.722778
Belmont Park,USA,North America,1300,Sprint,Dirt,Victory Ride Stakes,NYRA,3,G3,,40.715,-73.722778
Belmont Park,USA,North America,1600,Mile,Turf,Kelso Stakes,NYRA,3,G3,,40.715,-73.722778
Belmont Park,USA,North America,1600,Mile,Dirt,Westchester Stakes,NYRA,3,G3,,40.715,-73.722778
Belmont Park,USA,North America,1300,Sprint,Dirt,Vagrancy Stakes,NYRA,3,G3,,40.715,-73.722778
Belmont Park,USA,North America,1700,Mile,Turf,Beaugay Stakes,NYRA,3,G3,,40.715,-73.722778
Belmont Park,USA,North America,1800,Mile,Dirt,Peter Pan Stakes,NYRA,3,G3,,40.715,-73.722778
Belmont Park,USA,North America,1200,Sprint,Dirt,Jersey Girl Stakes,NYRA,4,Local,,40.715,-73.722778
Belmont Park,USA,North America,1100,Sprint,Dirt,Tremont Stakes,NYRA,4,Local,,40.715,-73.722778
Belmont Park,USA,North America,1100,Sprint,Dirt,Astoria Stakes,NYRA,4,Local,,40.715,-73.722778
Belmont Park,USA,North America,1700,Mile,Dirt,Easy Goer Stakes,NYRA,4,Local,,40.715,-73.722778
Belmont Park,USA,North America,1200,Sprint,Turf,Elusive Quality Stakes,NYRA,4,Local,,40.715,-73.722778
Belmont Park,USA,North America,1400,Sprint,Turf,Paradise Creek Stakes,NYRA,4,Local,,40.715,-73.722778
Belmont Park,USA,North America,1600,Mile,Turf,Seek Again Stakes,NYRA,4,Local,,40.715,-73.722778
Belmont Park,USA,North America,1600,Mile,Dirt,Wilton Stakes,NYRA,4,Local,,40.715,-73.722778
Belmont Park,USA,North America,1400,Sprint,Dirt,Mike Lee Stakes,NYRA,4,Local,,40.715,-73.722778
Belmont Park,USA,North America,1400,Sprint,Dirt,Bouwerie Stakes,NYRA,4,Local,,40.715,-73.722778
Belmont Park,USA,North America,1200,Sprint,Dirt,Affirmed Success Stakes,NYRA,4,Local,,40.715,-73.722778
Belmont Park,USA,North America,1600,Mile,Turf,Mount Vernon Stakes,NYRA,4,Local,,40.715,-73.722778
Belmont Park,USA,North America,1700,Mile,Turf,Kinston Stakes,NYRA,4,Local,,40.715,-73.722778
Belmont Park,USA,North America,1600,Mile,Turf,Wild Applause Stakes,NYRA,4,Local,,40.715,-73.722778
Belmont Park,USA,North America,1700,Mile,Turf,Perfect Sting Stakes,NYRA,4,Local,,40.715,-73.722778
Belmont Park,USA,North America,1600,Mile,Turf,Manila Stakes,NYRA,4,Local,,40.715,-73.722778
Belmont Park,USA,North America,2400,Long,Turf,River Memories Stakes,NYRA,4,Local,,40.715,-73.722778
Belmont Park,USA,North America,1200,Sprint,Turf,Allied Forces Stakes,NYRA,4,Local,,40.715,-73.722778
Belmont Park,USA,North America,1200,Sprint,Turf,Christiecat Stakes,NYRA,4,Local,,40.715,-73.722778
Belmont Park,USA,North America,1400,Sprint,Dirt,Joseph A. Gimma Stakes,NYRA,4,Local,,40.715,-73.722778
Belmont Park,USA,North America,1400,Sprint,Dirt,Bertram F. Bongard Stakes,NYRA,4,Local,,40.715,-73.722778
Belmont Park,USA,North America,1800,Mile,Turf,Ashley T. Cole Stakes,NYRA,4,Local,,40.715,-73.722778
Belmont Park,USA,North America,1800,Mile,Turf,John Hettinger Stakes,NYRA,4,Local,,40.715,-73.722778
Belmont Park,USA,North America,1400,Sprint,Turf,Glen Cove Stakes,NYRA,4,Local,,40.715,-73.722778
Belmont Park,USA,North America,1400,Sprint,Turf,Carle Place Stakes,NYRA,4,Local,,40.715,-73.722778
Belmont Park,USA,North America,1400,Sprint,Turf,Oyster Bay Stakes,NYRA,4,Local,,40.715,-73.722778
Belmont Park,USA,North America,1800,Mile,Dirt,Empire Classic,NYRA,4,Local,,40.715,-73.722778
Belmont Park,USA,North America,1700,Mile,Dirt,Empire Distaff,NYRA,4,Local,,40.715,-73.722778
Belmont Park,USA,North America,1700,Mile,Turf,Mohawk Stakes,NYRA,4,Local,,40.715,-73.722778
Belmont Park,USA,North America,1700,Mile,Turf,Ticonderoga Stakes,NYRA,4,Local,,40.715,-73.722778
Laurel Park,USA,North America,1900,Medium,Dirt,Preakness Stakes,1/ST Racing,1,G1,USA Triple Crown,39.1023,-76.8252
Laurel Park,USA,North America,1800,Mile,Dirt,Black-Eyed Susan Stakes,1/ST Racing,2,G2,,39.1023,-76.8252
Laurel Park,USA,North America,1200,Sprint,Dirt,Miss Preakness Stakes,1/ST Racing,3,G3,,39.1023,-76.8252
Laurel Park,USA,North America,1900,Medium,Dirt,Pimlico Special,1/ST Racing,3,G3,,39.1023,-76.8252
Laurel Park,USA,North America,1700,Mile,Turf,Dinner Party Stakes,1/ST Racing,3,G3,,39.1023,-76.8252
Laurel Park,USA,North America,1700,Mile,Turf,Gallorette Stakes,1/ST Racing,3,G3,,39.1023,-76.8252
Laurel Park,USA,North America,1200,Sprint,Dirt,Maryland Sprint Stakes,1/ST Racing,3,G3,,39.1023,-76.8252
Laurel Park,USA,North America,1400,Sprint,Dirt,Spectacular Bid Stakes,1/ST Racing,4,Local,,39.1023,-76.8252
Laurel Park,USA,North America,1600,Mile,Dirt,Miracle Wood Stakes,1/ST Racing,4,Local,,39.1023,-76.8252
Laurel Park,USA,North America,1700,Mile,Dirt,Private Terms Stakes,1/ST Racing,4,Local,,39.1023,-76.8252
Laurel Park,USA,North America,1800,Mile,Dirt,Federico Tesio Stakes,1/ST Racing,4,Local,,39.1023,-76.8252
Laurel Park,USA,North America,1700,Mile,Dirt,Weber City Miss Stakes,1/ST Racing,4,Local,,39.1023,-76.8252
Laurel Park,USA,North America,1200,Sprint,Dirt,What A Summer Stakes,1/ST Racing,4,Local,,39.1023,-76.8252
Laurel Park,USA,North America,1300,Sprint,Dirt,Fire Plug Stakes,1/ST Racing,4,Local,,39.1023,-76.8252
Laurel Park,USA,North America,1600,Mile,Dirt,Jennings Stakes,1/ST Racing,4,Local,,39.1023,-76.8252
Laurel Park,USA,North America,1600,Mile,Dirt,Geisha Stakes,1/ST Racing,4,Local,,39.1023,-76.8252
Laurel Park,USA,North America,1200,Sprint,Turf,The Laurel Dash,1/ST Racing,4,Local,,39.1023,-76.8252
Laurel Park,USA,North America,1200,Sprint,Turf,The Sensible Lady Turf Dash,1/ST Racing,4,Local,,39.1023,-76.8252
Laurel Park,USA,North America,1800,Mile,Turf,The All Along Stakes,1/ST Racing,4,Local,,39.1023,-76.8252
Laurel Park,USA,North America,1200,Sprint,Dirt,The Weather Vane Stakes,1/ST Racing,4,Local,,39.1023,-76.8252
Laurel Park,USA,North America,1400,Sprint,Dirt,Polynesian Stakes,1/ST Racing,4,Local,,39.1023,-76.8252
Laurel Park,USA,North America,1800,Mile,Dirt,Maryland Million Classic,1/ST Racing,4,Local,Maryland Million Day,39.1023,-76.8252
Laurel Park,USA,North America,1400,Sprint,Dirt,Maryland Million Distaff Handicap,1/ST Racing,4,Local,Maryland Million Day,39.1023,-76.8252
Laurel Park,USA,North America,1200,Sprint,Dirt,Maryland Million Sprint Handicap,1/ST Racing,4,Local,Maryland Million Day,39.1023,-76.8252
Laurel Park,USA,North America,1200,Sprint,Dirt,Maryland Million Nursery,1/ST Racing,4,Local,Maryland Million Day,39.1023,-76.8252
Laurel Park,USA,North America,1200,Sprint,Dirt,Maryland Million Lassie,1/ST Racing,4,Local,Maryland Million Day,39.1023,-76.8252
Laurel Park,USA,North America,1600,Mile,Dirt,Maryland Million Oaks,1/ST Racing,4,Local,Maryland Million Day,39.1023,-76.8252
Laurel Park,USA,North America,1800,Mile,Turf,Maryland Million Turf,1/ST Racing,4,Local,Maryland Million Day,39.1023,-76.8252
Laurel Park,USA,North America,1800,Mile,Turf,Maryland Million Ladies,1/ST Racing,4,Local,Maryland Million Day,39.1023,-76.8252
Laurel Park,USA,North America,1100,Sprint,Turf,Maryland Million Turf Sprint Handicap,1/ST Racing,4,Local,Maryland Million Day,39.1023,-76.8252
Laurel Park,USA,North America,1700,Mile,Turf,Maryland Million Turf Starter,1/ST Racing,4,Local,Maryland Million Day,39.1023,-76.8252
Laurel Park,USA,North America,1700,Mile,Turf,Maryland Million Turf Distaff Starter,1/ST Racing,4,Local,Maryland Million Day,39.1023,-76.8252
Laurel Park,USA,North America,1400,Sprint,Dirt,Maryland Million Starter Handicap,1/ST Racing,4,Local,Maryland Million Day,39.1023,-76.8252
Laurel Park,USA,North America,1400,Sprint,Dirt,Maryland Million Distaff Starter,1/ST Racing,4,Local,Maryland Million Day,39.1023,-76.8252
Laurel Park,USA,North America,1400,Sprint,Dirt,City of Laurel Stakes,1/ST Racing,4,Local,,39.1023,-76.8252
Laurel Park,USA,North America,1400,Sprint,Dirt,Gin Talking Stakes,1/ST Racing,4,Local,,39.1023,-76.8252
Pimlico,USA,North America,1900,Medium,Dirt,Preakness Stakes,MTROA,1,G1,USA Triple Crown,39.353611,-76.673056
Pimlico,USA,North America,1700,Mile,Dirt,UAE President Cup,MTROA,1,G1,,39.353611,-76.673056
Pimlico,USA,North America,1800,Mile,Dirt,Black-Eyed Susan Stakes,MTROA,2,G2,,39.353611,-76.673056
Pimlico,USA,North America,1900,Medium,Dirt,Pimlico Special,MTROA,3,G3,,39.353611,-76.673056
Pimlico,USA,North America,1800,Mile,Turf,Dinner Party Stakes,MTROA,3,G3,,39.353611,-76.673056
Pimlico,USA,North America,1700,Mile,Turf,Gallorette Stakes,MTROA,3,G3,,39.353611,-76.673056
Pimlico,USA,North America,1200,Sprint,Dirt,Miss Preakness Stakes,MTROA,3,G3,,39.353611,-76.673056
Pimlico,USA,North America,1200,Sprint,Dirt,Maryland Sprint Stakes,MTROA,3,G3,,39.353611,-76.673056
Pimlico,USA,North America,1700,Mile,Dirt,Sir Barton Stakes,MTROA,4,Local,,39.353611,-76.673056
Pimlico,USA,North America,1600,Mile,Turf,James W. Murphy Stakes,MTROA,4,Local,,39.353611,-76.673056
Pimlico,USA,North America,1000,Sprint,Turf,The Very One Stakes,MTROA,4,Local,,39.353611,-76.673056
Pimlico,USA,North America,1600,Mile,Turf,Hilltop Stakes,MTROA,4,Local,,39.353611,-76.673056
Pimlico,USA,North America,1800,Mile,Dirt,Allaire DuPont Distaff Stakes,MTROA,4,Local,,39.353611,-76.673056
Pimlico,USA,North America,1200,Sprint,Dirt,Skipat Stakes,MTROA,4,Local,,39.353611,-76.673056
Pimlico,USA,North America,1200,Sprint,Dirt,Chick Lang Stakes,MTROA,4,Local,,39.353611,-76.673056
Pimlico,USA,North America,1000,Sprint,Turf,Jim McKay Turf Sprint,MTROA,4,Local,,39.353611,-76.673056
Keeneland,USA,North America,1700,Mile,Dirt,Ashland Stakes,KA Inc.,1,G1,,38.0464656,-84.6091091
Keeneland,USA,North America,1400,Sprint,Dirt,Madison Stakes,KA Inc.,1,G1,,38.0464656,-84.6091091
Keeneland,USA,North America,1800,Mile,Dirt,Blue Grass Stakes,KA Inc.,1,G1,,38.0464656,-84.6091091
Keeneland,USA,North America,1600,Mile,Turf,Maker's Mark Mile Stakes,KA Inc.,1,G1,,38.0464656,-84.6091091
Keeneland,USA,North America,1700,Mile,Turf,Jenny Wiley Stakes,KA Inc.,1,G1,,38.0464656,-84.6091091
Keeneland,USA,North America,1700,Mile,Dirt,Alcibiades Stakes,KA Inc.,1,G1,,38.0464656,-84.6091091
Keeneland,USA,North America,1600,Mile,Turf,Collmore Turf Mile Stakes,KA Inc.,1,G1,,38.0464656,-84.6091091
Keeneland,USA,North America,1700,Mile,Dirt,Breeders' Futurity Stakes,KA Inc.,1,G1,,38.0464656,-84.6091091
Keeneland,USA,North America,1600,Mile,Turf,First Lady Stakes,KA Inc.,1,G1,,38.0464656,-84.6091091
Keeneland,USA,North America,1800,Mile,Dirt,Spinster Stakes,KA Inc.,1,G1,,38.0464656,-84.6091091
Keeneland,USA,North America,1800,Mile,Turf,Queen Elizabeth II Challenge Cup Stakes,KA Inc.,1,G1,,38.0464656,-84.6091091
Keeneland,USA,North America,1464,Mile,Dirt,Beaumont Stakes,KA Inc.,2,G2,,38.0464656,-84.6091091
Keeneland,USA,North America,1100,Sprint,Turf,Shakertown Stakes,KA Inc.,2,G2,,38.0464656,-84.6091091
Keeneland,USA,North America,1600,Mile,Turf,Appalachian Stakes,KA Inc.,2,G2,,38.0464656,-84.6091091
Keeneland,USA,North America,1100,Sprint,Turf,Giant's Causeway Stakes,KA Inc.,2,G2,,38.0464656,-84.6091091
Keeneland,USA,North America,1700,Mile,Dirt,Doubledogdare Stakes,KA Inc.,2,G2,,38.0464656,-84.6091091
Keeneland,USA,North America,2400,Long,Turf,Elkhorn Stakes,KA Inc.,2,G2,,38.0464656,-84.6091091
Keeneland,USA,North America,1700,Mile,Turf,Jessamine Stakes,KA Inc.,2,G2,,38.0464656,-84.6091091
Keeneland,USA,North America,1200,Sprint,Dirt,Phoenix Stakes,KA Inc.,2,G2,,38.0464656,-84.6091091
Keeneland,USA,North America,1100,Sprint,Turf,Woodford Stakes,KA Inc.,2,G2,,38.0464656,-84.6091091
Keeneland,USA,North America,1200,Sprint,Dirt,Thoroughbred Club of America Stakes,KA Inc.,2,G2,,38.0464656,-84.6091091
Keeneland,USA,North America,1700,Mile,Turf,Bourbon Stakes,KA Inc.,2,G2,,38.0464656,-84.6091091
Keeneland,USA,North America,1400,Sprint,Dirt,Raven Run Stakes,KA Inc.,2,G2,,38.0464656,-84.6091091
Keeneland,USA,North America,1700,Mile,Turf,Valley View Stakes,KA Inc.,2,G2,,38.0464656,-84.6091091
Keeneland,USA,North America,1600,Mile,Turf,Bryan Station Stakes,KA Inc.,2,G2,,38.0464656,-84.6091091
Keeneland,USA,North America,1100,Sprint,Turf,Franklin Stakes,KA Inc.,2,G2,,38.0464656,-84.6091091
Keeneland,USA,North America,1700,Mile,Turf,Transylvania Stakes,KA Inc.,3,G3,,38.0464656,-84.6091091
Keeneland,USA,North America,1400,Sprint,Dirt,Commonwealth Stakes,KA Inc.,3,G3,,38.0464656,-84.6091091
Keeneland,USA,North America,1100,Sprint,Turf,Limestone Stakes,KA Inc.,3,G3,,38.0464656,-84.6091091
Keeneland,USA,North America,1700,Mile,Dirt,Lexington Stakes,KA Inc.,3,G3,,38.0464656,-84.6091091
Keeneland,USA,North America,1900,Medium,Dirt,Ben Ali Stakes,KA Inc.,3,G3,,38.0464656,-84.6091091
Keeneland,USA,North America,2400,Long,Turf,Bewitch Stakes,KA Inc.,3,G3,,38.0464656,-84.6091091
Keeneland,USA,North America,2400,Long,Turf,Sycamore Stakes,KA Inc.,3,G3,,38.0464656,-84.6091091
Keeneland,USA,North America,1400,Sprint,Dirt,Perryville Stakes,KA Inc.,3,G3,,38.0464656,-84.6091091
Keeneland,USA,North America,2400,Long,Turf,Dowager Stakes,KA Inc.,3,G3,,38.0464656,-84.6091091
Keeneland,USA,North America,1800,Mile,Dirt,Fayette Stakes,KA Inc.,3,G3,,38.0464656,-84.6091091
Keeneland,USA,North America,1100,Sprint,Turf,Indian Summer Stakess,KA Inc.,4,Local,,38.0464656,-84.6091091
Keeneland,USA,North America,1400,Sprint,Dirt,Lafayette Stakes,KA Inc.,4,Local,,38.0464656,-84.6091091
Keeneland,USA,North America,1100,Sprint,Turf,Palisades Stakes,KA Inc.,4,Local,,38.0464656,-84.6091091
Kentucky Downs,USA,North America,1300,Sprint,Turf,Kentucky Down Ladies Sprint Stakes,KRA LLC.,1,G1,,36.6415,-86.5623
Kentucky Downs,USA,North America,1300,Sprint,Turf,Franklin-Simpson Stakes,KRA LLC.,1,G1,,36.6415,-86.5623
Kentucky Downs,USA,North America,2100,Medium,Turf,Nashville Derby,KRA LLC.,2,G2,,36.6415,-86.5623
Kentucky Downs,USA,North America,1600,Mile,Turf,Kentucky Downs Ladies Turf Stakes,KRA LLC.,2,G2,,36.6415,-86.5623
Kentucky Downs,USA,North America,1200,Sprint,Turf,Kentucky Downs Turf Sprint Stakes,KRA LLC.,2,G2,,36.6415,-86.5623
Kentucky Downs,USA,North America,2400,Long,Turf,Kentucky Turf Cup,KRA LLC.,2,G2,,36.6415,-86.5623
Kentucky Downs,USA,North America,1300,Sprint,Turf,Music City Stakes,KRA LLC.,2,G2,,36.6415,-86.5623
Kentucky Downs,USA,North America,1600,Mile,Turf,Mint Millions Stakes,KRA LLC.,3,G3,,36.6415,-86.5623
Kentucky Downs,USA,North America,2100,Medium,Turf,Aristocrat Ladies Marathon Stakes,KRA LLC.,3,G3,,36.6415,-86.5623
Kentucky Downs,USA,North America,2100,Medium,Turf,Dueling Grounds Oaks,KRA LLC.,3,G3,,36.6415,-86.5623
Kentucky Downs,USA,North America,1600,Mile,Turf,Gun Runner Stakes,KRA LLC.,4,Local,,36.6415,-86.5623
Kentucky Downs,USA,North America,1600,Mile,Turf,Kentucky Downs Juvenile Mile,KRA LLC.,4,Local,,36.6415,-86.5623
Kentucky Downs,USA,North America,1600,Mile,Turf,Kentucky Downs Juvenile Fillies,KRA LLC.,4,Local,,36.6415,-86.5623
Kentucky Downs,USA,North America,1300,Sprint,Turf,Kentucky Downs Juvenile Sprint,KRA LLC.,4,Local,,36.6415,-86.5623
Kentucky Downs,USA,North America,1300,Sprint,Turf,Untapable Stakes,KRA LLC.,4,Local,,36.6415,-86.5623
Kentucky Downs,USA,North America,1670,Mile,Turf,One Dreamer Stakes,KRA LLC.,4,Local,,36.6415,-86.5623
Kentucky Downs,USA,North America,1670,Mile,Turf,Tapit Stakes,KRA LLC.,4,Local,,36.6415,-86.5623
Kentucky Downs,USA,North America,3300,Long,Turf,Nashville Gold Cup,KRA LLC.,4,Local,,36.6415,-86.5623
Kentucky Downs,USA,North America,1600,Mile,Turf,Tight Spot Overnight Stakes,KRA LLC.,4,Local,,36.6415,-86.5623
Los Alamitos,USA,North America,1700,Mile,Dirt,Starlet Stakes,LAQHRA,2,G2,,33.808611,-118.043611
Los Alamitos,USA,North America,1300,Sprint,Dirt,Great Lady M. Stakes,LAQHRA,2,G2,,33.808611,-118.043611
Los Alamitos,USA,North America,1700,Mile,Dirt,Los Alamitos Futurity,LAQHRA,2,G2,,33.808611,-118.043611
Los Alamitos,USA,North America,1800,Mile,Dirt,Los Alamitos Derby,LAQHRA,3,G3,,33.808611,-118.043611
Los Alamitos,USA,North America,1700,Mile,Dirt,Bayakoa Stakes,LAQHRA,3,G3,,33.808611,-118.043611
Los Alamitos,USA,North America,1600,Mile,Dirt,Bertrando Stakes,LAQHRA,4,Local,,33.808611,-118.043611
Los Alamitos,USA,North America,1600,Mile,Dirt,E.B. Johnston Stakes,LAQHRA,4,Local,,33.808611,-118.043611
Los Alamitos,USA,North America,1700,Mile,Dirt,Dark Mirage Stakes,LAQHRA,4,Local,,33.808611,-118.043611
Los Alamitos,USA,North America,1700,Mile,Dirt,Los Alamitos Special,LAQHRA,4,Local,,33.808611,-118.043611
Los Alamitos,USA,North America,1300,Sprint,Dirt,Capote Stakes,LAQHRA,4,Local,,33.808611,-118.043611
Lone Star Park,USA,North America,1600,Mile,Dirt,Steve Sexton Mile Stakes,GGS LSP,3,G3,,32.773611,-96.986389
Lone Star Park,USA,North America,1700,Mile,Dirt,Lone Star Park Handicap,GGS LSP,3,G3,,32.773611,-96.986389
Lone Star Park,USA,North America,1600,Mile,Dirt,Texas Mile Stakes,GGS LSP,3,G3,,32.773611,-96.986389
Lone Star Park,USA,North America,1700,Mile,Dirt,Lone Star Derby,GGS LSP,3,G3,,32.773611,-96.986389
Lone Star Park,USA,North America,1700,Mile,Dirt,Texas Derby,GGS LSP,4,Local,,32.773611,-96.986389
Lone Star Park,USA,North America,1700,Mile,Turf,Lone Star Derby,GGS LSP,4,Local,,32.773611,-96.986389
Lone Star Park,USA,North America,1000,Sprint,Turf,Chamberlain Bridge Stakes,GGS LSP,4,Local,,32.773611,-96.986389
Lone Star Park,USA,North America,1800,Mile,Turf,Texas Turf Classic,GGS LSP,4,Local,,32.773611,-96.986389
Lone Star Park,USA,North America,1700,Mile,Turf,Wasted Tears Stakes,GGS LSP,4,Local,,32.773611,-96.986389
Lone Star Park,USA,North America,1000,Sprint,Turf,Grand Prairie Turf Sprint,GGS LSP,4,Local,,32.773611,-96.986389
Lone Star Park,USA,North America,1200,Sprint,Dirt,Speightstown Sprint,GGS LSP,4,Local,,32.773611,-96.986389
Lone Star Park,USA,North America,1200,Sprint,Dirt,Memorial Day Sprint,GGS LSP,4,Local,,32.773611,-96.986389
Lone Star Park,USA,North America,1000,Sprint,Turf,Chicken Fried Stakes,GGS LSP,4,Local,,32.773611,-96.986389
Lone Star Park,USA,North America,1100,Sprint,Dirt,Bluebonnet Stakes,GGS LSP,4,Local,,32.773611,-96.986389
Lone Star Park,USA,North America,1600,Mile,Turf,Assault Stakes,GGS LSP,4,Local,,32.773611,-96.986389
Lone Star Park,USA,North America,1100,Sprint,Dirt,Wayne Hanks Memorial Stakes,GGS LSP,4,Local,,32.773611,-96.986389
Lone Star Park,USA,North America,1700,Mile,Turf,Texas Horse Racing Hall of Fame Stakes,GGS LSP,4,Local,,32.773611,-96.986389
Lone Star Park,USA,North America,1000,Sprint,Dirt,Texas Stallion Stakes,GGS LSP,4,Local,,32.773611,-96.986389
Lone Star Park,USA,North America,1100,Sprint,Dirt,TTA Futurity,GGS LSP,4,Local,,32.773611,-96.986389
Sam Houston,USA,North America,1700,Mile,Dirt,Houston Ladies Classic Stakes,PENN,3,G3,,29.930425,-95.528675
Sam Houston,USA,North America,1800,Mile,Turf,John B. Connally Turf Cup,PENN,3,G3,,29.930425,-95.528675
Sam Houston,USA,North America,1800,Mile,Dirt,Maxxam Gold Cup,PENN,4,Local,,29.930425,-95.528675
Sam Houston,USA,North America,1700,Mile,Turf,Jersey Lilly Turf Stakes,PENN,4,Local,,29.930425,-95.528675
Sam Houston,USA,North America,1600,Mile,Turf,Bob Bork Texas Turf Mile,PENN,4,Local,,29.930425,-95.528675
Sam Houston,USA,North America,1670,Mile,Dirt,TTA Derby,PENN,4,Local,,29.930425,-95.528675
Sam Houston,USA,North America,1670,Mile,Dirt,TTA Oaks,PENN,4,Local,,29.930425,-95.528675
Sam Houston,USA,North America,1800,Mile,Turf,Richard King Turf Stakes,PENN,4,Local,,29.930425,-95.528675
Sam Houston,USA,North America,1700,Mile,Turf,San Jacinto Turf Stakes,PENN,4,Local,,29.930425,-95.528675
Sam Houston,USA,North America,1200,Sprint,Dirt,Spirit of Texas Stakes,PENN,4,Local,,29.930425,-95.528675
Sam Houston,USA,North America,1200,Sprint,Dirt,Yellow Rose Stakes,PENN,4,Local,,29.930425,-95.528675
Sam Houston,USA,North America,1600,Mile,Dirt,Star of Texas Stakes,PENN,4,Local,,29.930425,-95.528675
Sam Houston,USA,North America,1200,Sprint,Dirt,Groovy Stakes,PENN,4,Local,,29.930425,-95.528675
Sam Houston,USA,North America,1200,Sprint,Dirt,Bara Lass Stakes,PENN,4,Local,,29.930425,-95.528675
Sam Houston,USA,North America,1200,Sprint,Dirt,Jim's Orbit Stakes,PENN,4,Local,,29.930425,-95.528675
Sam Houston,USA,North America,1200,Sprint,Dirt,Two Altazano Stakes,PENN,4,Local,,29.930425,-95.528675
Sam Houston,USA,North America,1100,Sprint,Dirt,Darby's Daughter Stakes,PENN,4,Local,,29.930425,-95.528675
Sam Houston,USA,North America,1100,Sprint,Dirt,My Dandy Stakes,PENN,4,Local,,29.930425,-95.528675
Sam Houston,USA,North America,1400,Sprint,Dirt,H-Town Stakes,PENN,4,Local,,29.930425,-95.528675
Monmouth Park,USA,North America,1700,Mile,Dirt,Haskell Stakes,NJSEA,1,G1,,40.309681,-74.014486
Monmouth Park,USA,North America,2200,Medium,Turf,United Nations Stakes,NJSEA,2,G2,,40.309681,-74.014486
Monmouth Park,USA,North America,1700,Mile,Dirt,Molly Pitcher Stakes,NJSEA,2,G2,,40.309681,-74.014486
Monmouth Park,USA,North America,1600,Mile,Dirt,Salvator Mile Stakes,NJSEA,3,G3,,40.309681,-74.014486
Monmouth Park,USA,North America,1700,Mile,Turf,Eatontown Stakes,NJSEA,3,G3,,40.309681,-74.014486
Monmouth Park,USA,North America,1800,Mile,Dirt,Monmouth Cup Stakes,NJSEA,3,G3,,40.309681,-74.014486
Monmouth Park,USA,North America,1800,Mile,Turf,Matchmaker Stakes,NJSEA,3,G3,,40.309681,-74.014486
Monmouth Park,USA,North America,1700,Mile,Turf,Monmouth Oaks,NJSEA,3,G3,,40.309681,-74.014486
Monmouth Park,USA,North America,1700,Mile,Dirt,Philip H. Iselin Stakes,NJSEA,3,G3,,40.309681,-74.014486
Monmouth Park,USA,North America,1200,Sprint,Dirt,Jersey Shore Stakes,NJSEA,3,G3,,40.309681,-74.014486
Monmouth Park,USA,North America,1700,Mile,Turf,Oceanport Stakes,NJSEA,3,G3,,40.309681,-74.014486
Monmouth Park,USA,North America,1700,Mile,Dirt,NYRA Bets Pegasus Stakes,NJSEA,4,Local,,40.309681,-74.014486
Monmouth Park,USA,North America,1800,Mile,Turf,Monmouth Stakes,NJSEA,4,Local,,40.309681,-74.014486
Monmouth Park,USA,North America,1700,Mile,Dirt,Lady's Secret Stakes,NJSEA,4,Local,,40.309681,-74.014486
Monmouth Park,USA,North America,1700,Mile,Dirt,Miss Liberty Stakes,NJSEA,4,Local,,40.309681,-74.014486
Monmouth Park,USA,North America,1670,Mile,Dirt,Serena's Song Stakes,NJSEA,4,Local,,40.309681,-74.014486
Monmouth Park,USA,North America,1670,Mile,Dirt,Long Branch Stakes,NJSEA,4,Local,,40.309681,-74.014486
Monmouth Park,USA,North America,1600,Mile,Turf,Jersey Derby,NJSEA,4,Local,,40.309681,-74.014486
Monmouth Park,USA,North America,1200,Sprint,Dirt,Mr. Prospector Stakes,NJSEA,4,Local,,40.309681,-74.014486
Monmouth Park,USA,North America,1100,Sprint,Turf,Get Serious Stakes,NJSEA,4,Local,,40.309681,-74.014486
Monmouth Park,USA,North America,1700,Mile,Turf,Cliff Hanger Stakes,NJSEA,4,Local,,40.309681,-74.014486
Monmouth Park,USA,North America,1100,Sprint,Turf,Wolf Hill Stakes,NJSEA,4,Local,,40.309681,-74.014486
Monmouth Park,USA,North America,1000,Sprint,Turf,Tyro Stakes,NJSEA,4,Local,,40.309681,-74.014486
Monmouth Park,USA,North America,1600,Mile,Turf,Jersey Girl Handicap,NJSEA,4,Local,,40.309681,-74.014486
Monmouth Park,USA,North America,1200,Sprint,Dirt,Spruce Fir Handicap,NJSEA,4,Local,,40.309681,-74.014486
Monmouth Park,USA,North America,1200,Sprint,Dirt,John J. Reilly Handicap,NJSEA,4,Local,,40.309681,-74.014486
Mountaineer,USA,North America,1800,Mile,Dirt,West Virginia Derby,Century Casino,3,G3,,40.580278,-80.661667
Mountaineer,USA,North America,1700,Mile,Dirt,West Virginia Governor's Stakes,Century Casino,3,G3,,40.580278,-80.661667
Mountaineer,USA,North America,1670,Mile,Turf,West Virginia Senate President's Cup,Century Casino,4,Local,,40.580278,-80.661667
Mountaineer,USA,North America,1670,Mile,Turf,West Virginia House of Delegates Speaker's Cup,Century Casino,4,Local,,40.580278,-80.661667
Mountaineer,USA,North America,1200,Sprint,Dirt,West Virginia Secretary of State Stakes,Century Casino,4,Local,,40.580278,-80.661667
Mountaineer,USA,North America,1200,Sprint,Dirt,West Virginia Legislature Chairman's Cup,Century Casino,4,Local,,40.580278,-80.661667
Mountaineer,USA,North America,1600,Mile,Dirt,Mountaineer Mile,Century Casino,4,Local,,40.580278,-80.661667
Mountaineer,USA,North America,1700,Mile,Dirt,Autumn Leaves Stakes,Century Casino,4,Local,,40.580278,-80.661667
Mountaineer,USA,North America,1800,Mile,Dirt,Fall Stakes,Century Casino,4,Local,,40.580278,-80.661667
Mountaineer,USA,North America,1200,Sprint,Dirt,Harvey Arneault Memorial Stakes,Century Casino,4,Local,,40.580278,-80.661667
Mountaineer,USA,North America,1000,Sprint,Dirt,Panhandle Handicap,Century Casino,4,Local,,40.580278,-80.661667
Mountaineer,USA,North America,1670,Mile,Dirt,Labor Day Handicap,Century Casino,4,Local,,40.580278,-80.661667
Oaklawn Park,USA,North America,1800,Mile,Dirt,Arkansas Derby,OJC,1,G1,,34.484999,-93.057096
Oaklawn Park,USA,North America,1700,Mile,Dirt,Apple Blossom Handicap,OJC,1,G1,,34.484999,-93.057096
Oaklawn Park,USA,North America,1700,Mile,Dirt,Rebel Stakes,OJC,2,G2,,34.484999,-93.057096
Oaklawn Park,USA,North America,1700,Mile,Dirt,Azeri Stakes,OJC,2,G2,,34.484999,-93.057096
Oaklawn Park,USA,North America,1700,Mile,Dirt,Fantasy Stakes,OJC,2,G2,,34.484999,-93.057096
Oaklawn Park,USA,North America,1800,Mile,Dirt,Oaklawn Handicap,OJC,2,G2,,34.484999,-93.057096
Oaklawn Park,USA,North America,1700,Mile,Dirt,Southwest Stakes,OJC,3,G3,,34.484999,-93.057096
Oaklawn Park,USA,North America,1700,Mile,Dirt,Bayakoa Stakes,OJC,3,G3,,34.484999,-93.057096
Oaklawn Park,USA,North America,1700,Mile,Dirt,Razorback Handicap,OJC,3,G3,,34.484999,-93.057096
Oaklawn Park,USA,North America,1700,Mile,Dirt,Honeybee Stakes,OJC,3,G3,,34.484999,-93.057096
Oaklawn Park,USA,North America,1200,Sprint,Dirt,Whitmore Stakes,OJC,3,G3,,34.484999,-93.057096
Oaklawn Park,USA,North America,1700,Mile,Dirt,Essex Handicap,OJC,3,G3,,34.484999,-93.057096
Oaklawn Park,USA,North America,1600,Mile,Dirt,Oaklawn Mile Stakes,OJC,3,G3,,34.484999,-93.057096
Oaklawn Park,USA,North America,1200,Sprint,Dirt,Count Fleet Sprint Handicap,OJC,3,G3,,34.484999,-93.057096
Oaklawn Park,USA,North America,1700,Mile,Dirt,Smarty Jones Stakes,OJC,4,Local,,34.484999,-93.057096
Oaklawn Park,USA,North America,1800,Mile,Dirt,Tinsel Stakes,OJC,4,Local,,34.484999,-93.057096
Oaklawn Park,USA,North America,1600,Mile,Dirt,Fifth Season Stakes,OJC,4,Local,,34.484999,-93.057096
Oaklawn Park,USA,North America,1100,Sprint,Dirt,Advent Stakes,OJC,4,Local,,34.484999,-93.057096
Oaklawn Park,USA,North America,1700,Mile,Dirt,Pippin Stakes,OJC,4,Local,,34.484999,-93.057096
Oaklawn Park,USA,North America,1200,Sprint,Dirt,Ring The Bell Stakes,OJC,4,Local,,34.484999,-93.057096
Oaklawn Park,USA,North America,1100,Sprint,Dirt,Poinsettia Stakes,OJC,4,Local,,34.484999,-93.057096
Oaklawn Park,USA,North America,1600,Mile,Dirt,Year's End Stakes,OJC,4,Local,,34.484999,-93.057096
Oaklawn Park,USA,North America,1200,Sprint,Dirt,Renaissance Stakes,OJC,4,Local,,34.484999,-93.057096
Oaklawn Park,USA,North America,1700,Mile,Dirt,Lake Ouachita Stakes,OJC,4,Local,,34.484999,-93.057096
Oaklawn Park,USA,North America,1700,Mile,Dirt,Arkansas Breeders' Championship Stakes,OJC,4,Local,,34.484999,-93.057096
Oaklawn Park,USA,North America,1700,Mile,Dirt,The Coach Overnight Stakes,OJC,4,Local,,34.484999,-93.057096
Oaklawn Park,USA,North America,1700,Mile,Dirt,Oaklawn Sports Overnight stakes,OJC,4,Local,,34.484999,-93.057096
Oaklawn Park,USA,North America,1200,Sprint,Dirt,Southern Hospitality Overnight Stakes,OJC,4,Local,,34.484999,-93.057096
Oaklawn Park,USA,North America,1200,Sprint,Dirt,Astral Spa Overnight Stakes,OJC,4,Local,,34.484999,-93.057096
Oaklawn Park,USA,North America,1200,Sprint,Dirt,Silks Overnight Stakes,OJC,4,Local,,34.484999,-93.057096
Oaklawn Park,USA,North America,1200,Sprint,Dirt,Oaklawn Anywhere Overnight Stakes,OJC,4,Local,,34.484999,-93.057096
Oaklawn Park,USA,North America,1700,Mile,Dirt,American Pharoah Overnight Stakes,OJC,4,Local,,34.484999,-93.057096
Oaklawn Park,USA,North America,1200,Sprint,Dirt,Trivista Overnight Stakes,OJC,4,Local,,34.484999,-93.057096
Oaklawn Park,USA,North America,1200,Sprint,Dirt,Lapatourel Overnight Stakes,OJC,4,Local,,34.484999,-93.057096
Parx Racing,USA,North America,1800,Mile,Dirt,Pennsylvania Derby,Greenwood Racing,1,G1,,40.1186,-74.953
Parx Racing,USA,North America,1700,Mile,Dirt,Cotillon Stakes,Greenwood Racing,1,G1,,40.1186,-74.953
Parx Racing,USA,North America,1200,Sprint,Dirt,Gallant Bob Stakes,Greenwood Racing,2,G2,,40.1186,-74.953
Parx Racing,USA,North America,1000,Sprint,Turf,Turf Monster Stakes,Greenwood Racing,3,G3,,40.1186,-74.953
Parx Racing,USA,North America,2400,Long,Dirt,Greenwood Cup Stakes,Greenwood Racing,3,G3,,40.1186,-74.953
Parx Racing,USA,North America,1700,Mile,Dirt,Smarty Jones Stakes,Greenwood Racing,4,Local,,40.1186,-74.953
Parx Racing,USA,North America,1000,Sprint,Turf,Parx Dash Stakes,Greenwood Racing,4,Local,,40.1186,-74.953
Parx Racing,USA,North America,1600,Mile,Dirt,Parx Dirt Mile,Greenwood Racing,4,Local,,40.1186,-74.953
Parx Racing,USA,North America,1670,Mile,Dirt,Cathryn Sophia Stakes,Greenwood Racing,4,Local,,40.1186,-74.953
Parx Racing,USA,North America,1300,Sprint,Dirt,Liberty Bell Stakes,Greenwood Racing,4,Local,,40.1186,-74.953
Parx Racing,USA,North America,1670,Mile,Dirt,The Philly Special,Greenwood Racing,4,Local,,40.1186,-74.953
Parx Racing,USA,North America,1300,Sprint,Dirt,Stable Recovery Stakes,Greenwood Racing,4,Local,,40.1186,-74.953
Parx Racing,USA,North America,1600,Mile,Dirt,Mayor's Mile,Greenwood Racing,4,Local,,40.1186,-74.953
Parx Racing,USA,North America,1670,Mile,Dirt,Storm Cat Stakes,Greenwood Racing,4,Local,,40.1186,-74.953
Parx Racing,USA,North America,1200,Sprint,Dirt,Banjo Picker Stakes,Greenwood Racing,4,Local,,40.1186,-74.953
Parx Racing,USA,North America,1400,Sprint,Dirt,Dr. Teresa Garofalo Memorial,Greenwood Racing,4,Local,,40.1186,-74.953
Parx Racing,USA,North America,1670,Mile,Dirt,Lil E. Tee Stakes,Greenwood Racing,4,Local,,40.1186,-74.953
Parx Racing,USA,North America,1400,Sprint,Dirt,Pennsylvania Nursery Stakes,Greenwood Racing,4,Local,,40.1186,-74.953
Parx Racing,USA,North America,1200,Sprint,Dirt,Wait for It Stakes,Greenwood Racing,4,Local,,40.1186,-74.953
Parx Racing,USA,North America,1200,Sprint,Dirt,Page McKenney Handicap,Greenwood Racing,4,Local,,40.1186,-74.953
Parx Racing,USA,North America,1400,Sprint,Dirt,Unique Bella Stakes,Greenwood Racing,4,Local,,40.1186,-74.953
Parx Racing,USA,North America,1400,Sprint,Dirt,Jump Start Stakes,Greenwood Racing,4,Local,,40.1186,-74.953
Parx Racing,USA,North America,1400,Sprint,Dirt,Disco Chick Stakes,Greenwood Racing,4,Local,,40.1186,-74.953
Penn National,USA,North America,1600,Mile,Turf,Penn Mile Stakes,PENN,3,G3,,40.396667,-76.658611
Penn National,USA,North America,1600,Mile,Turf,Penn Oaks,PENN,4,Local,,40.396667,-76.658611
Penn National,USA,North America,1700,Mile,Turf,Lyphard Stakes,PENN,4,Local,,40.396667,-76.658611
Penn National,USA,North America,1700,Mile,Turf,Alphabet Soup Handicap,PENN,4,Local,,40.396667,-76.658611
Penn National,USA,North America,1200,Sprint,Dirt,Danzig Stakes,PENN,4,Local,,40.396667,-76.658611
Penn National,USA,North America,1200,Sprint,Dirt,New Start Stakes,PENN,4,Local,,40.396667,-76.658611
Penn National,USA,North America,1700,Mile,Turf,With Anticipation Stakes,PENN,4,Local,,40.396667,-76.658611
Penn National,USA,North America,1700,Mile,Turf,Robellino Stakes,PENN,4,Local,,40.396667,-76.658611
Prairie Meadows,USA,North America,1800,Mile,Dirt,Cornhusker Handicap,RACI,3,G3,,41.654782,-93.488385
Prairie Meadows,USA,North America,1700,Mile,Dirt,Iowa Derby,RACI,4,Local,,41.654782,-93.488385
Prairie Meadows,USA,North America,1700,Mile,Dirt,Iowa Oaks,RACI,4,Local,,41.654782,-93.488385
Prairie Meadows,USA,North America,1200,Sprint,Dirt,Saylorville Stakes,RACI,4,Local,,41.654782,-93.488385
Prairie Meadows,USA,North America,1200,Sprint,Dirt,Iowa Sprint,RACI,4,Local,,41.654782,-93.488385
Prairie Meadows,USA,North America,1700,Mile,Dirt,Jim and Sandra Rasmussen Stakes,RACI,4,Local,,41.654782,-93.488385
Prairie Meadows,USA,North America,1600,Mile,Dirt,The Prairie Mile,RACI,4,Local,,41.654782,-93.488385
Prairie Meadows,USA,North America,1700,Mile,Dirt,Jack Bishop Stakes,RACI,4,Local,,41.654782,-93.488385
Prairie Meadows,USA,North America,1600,Mile,Dirt,Panthers Stakes,RACI,4,Local,,41.654782,-93.488385
Prairie Meadows,USA,North America,1200,Sprint,Dirt,Goldfinch Stakes,RACI,4,Local,,41.654782,-93.488385
Prairie Meadows,USA,North America,1200,Sprint,Dirt,The Prairie Rose,RACI,4,Local,,41.654782,-93.488385
Prairie Meadows,USA,North America,1200,Sprint,Dirt,Ed Skinner Stakes,RACI,4,Local,,41.654782,-93.488385
Prairie Meadows,USA,North America,1200,Sprint,Dirt,John Wayne Stakes,RACI,4,Local,,41.654782,-93.488385
Prairie Meadows,USA,North America,1200,Sprint,Dirt,Bob Bryant Stakes,RACI,4,Local,,41.654782,-93.488385
Prairie Meadows,USA,North America,1700,Mile,Dirt,Terrace Hill Stakes,RACI,4,Local,,41.654782,-93.488385
Prairie Meadows,USA,North America,1200,Sprint,Dirt,Future of Iowa Stakes,RACI,4,Local,,41.654782,-93.488385
Prairie Meadows,USA,North America,1100,Sprint,Dirt,Prairie Gold Juvenile,RACI,4,Local,,41.654782,-93.488385
Prairie Meadows,USA,North America,1100,Sprint,Dirt,Prairie Gold Lassie,RACI,4,Local,,41.654782,-93.488385
Presque Isle Downs,USA,North America,1300,Sprint,Synthetic,Presque Isle Downs Master Stakes,CDI,2,G2,,42.0665,-80.1165
Presque Isle Downs,USA,North America,1700,Mile,Synthetic,Presque Isle Mile,CDI,4,Local,,42.0665,-80.1165
Presque Isle Downs,USA,North America,1300,Sprint,Synthetic,"Fitz Dixon, Jr. Memorial Juvenile Stakes",CDI,4,Local,,42.0665,-80.1165
Presque Isle Downs,USA,North America,1300,Sprint,Synthetic,Presque Isle Debutante Stakes,CDI,4,Local,,42.0665,-80.1165
Presque Isle Downs,USA,North America,1200,Sprint,Synthetic,Tom Ridge Stakes,CDI,4,Local,,42.0665,-80.1165
Presque Isle Downs,USA,North America,1200,Sprint,Synthetic,Lady Erie Stakes,CDI,4,Local,,42.0665,-80.1165
Presque Isle Downs,USA,North America,1200,Sprint,Synthetic,Satin and Lace Stakes,CDI,4,Local,,42.0665,-80.1165
Presque Isle Downs,USA,North America,1670,Mile,Synthetic,Avery Whisman Memorial Stakes,CDI,4,Local,,42.0665,-80.1165
Presque Isle Downs,USA,North America,1670,Mile,Synthetic,H.B.P.A. Stakes,CDI,4,Local,,42.0665,-80.1165
Presque Isle Downs,USA,North America,1670,Mile,Synthetic,Hard Spun Stakes,CDI,4,Local,,42.0665,-80.1165
Presque Isle Downs,USA,North America,1670,Mile,Synthetic,Princess of Sylmar Stakes,CDI,4,Local,,42.0665,-80.1165
Presque Isle Downs,USA,North America,1200,Sprint,Synthetic,The Finest City Stakes,CDI,4,Local,,42.0665,-80.1165
Presque Isle Downs,USA,North America,1200,Sprint,Synthetic,Mark McDermott Stakes,CDI,4,Local,,42.0665,-80.1165
Presque Isle Downs,USA,North America,1300,Sprint,Synthetic,The Power By Far Stakes,CDI,4,Local,,42.0665,-80.1165
Presque Isle Downs,USA,North America,1670,Mile,Synthetic,Malvern Rose Stakes,CDI,4,Local,,42.0665,-80.1165
Remington Park,USA,North America,1800,Mile,Dirt,Oklahoma Derby,Global Gaming RP,3,G3,,35.528333,-97.468611
Remington Park,USA,North America,1700,Mile,Dirt,Remington Park Oaks,Global Gaming RP,3,G3,,35.528333,-97.468611
Remington Park,USA,North America,1600,Mile,Dirt,Springboard Mile,Global Gaming RP,4,Local,,35.528333,-97.468611
Remington Park,USA,North America,1800,Mile,Dirt,Governor's Cup,Global Gaming RP,4,Local,,35.528333,-97.468611
Remington Park,USA,North America,1200,Sprint,Dirt,David M. Vance Stakes,Global Gaming RP,4,Local,,35.528333,-97.468611
Remington Park,USA,North America,1300,Sprint,Dirt,Clever Trevor Stakes,Global Gaming RP,4,Local,,35.528333,-97.468611
Remington Park,USA,North America,1300,Sprint,Dirt,E.L. Gaylord Memorial,Global Gaming RP,4,Local,,35.528333,-97.468611
Remington Park,USA,North America,1200,Sprint,Dirt,Kip Deville Stakes,Global Gaming RP,4,Local,,35.528333,-97.468611
Remington Park,USA,North America,1200,Sprint,Dirt,Flashy Lady Handicap,Global Gaming RP,4,Local,,35.528333,-97.468611
Remington Park,USA,North America,1600,Mile,Dirt,Toby Keith Stakes,Global Gaming RP,4,Local,,35.528333,-97.468611
Remington Park,USA,North America,1400,Sprint,Dirt,Oklahoma Stallion Stakes,Global Gaming RP,4,Local,,35.528333,-97.468611
Remington Park,USA,North America,1670,Mile,Dirt,She's All In Handicap,Global Gaming RP,4,Local,,35.528333,-97.468611
Remington Park,USA,North America,1600,Mile,Dirt,Jim Thorpe Stakes,Global Gaming RP,4,Local,,35.528333,-97.468611
Remington Park,USA,North America,1600,Mile,Dirt,Useeit Stakes,Global Gaming RP,4,Local,,35.528333,-97.468611
Remington Park,USA,North America,1000,Sprint,Turf,Great West Turf Sprint,Global Gaming RP,4,Local,,35.528333,-97.468611
Remington Park,USA,North America,1800,Mile,Turf,Remington Green Stakes,Global Gaming RP,4,Local,,35.528333,-97.468611
Remington Park,USA,North America,1700,Mile,Turf,Ricks Memorial,Global Gaming RP,4,Local,,35.528333,-97.468611
Remington Park,USA,North America,1500,Mile,Turf,Red Earth Stakes,Global Gaming RP,4,Local,,35.528333,-97.468611
Remington Park,USA,North America,1500,Mile,Turf,Bob Barry Memorial,Global Gaming RP,4,Local,,35.528333,-97.468611
Remington Park,USA,North America,1000,Sprint,Turf,Cliff Berry Turf Sprint,Global Gaming RP,4,Local,,35.528333,-97.468611
Santa Anita Park,USA,North America,2000,Medium,Dirt,Santa Anita Handicap,1/ST Racing,1,G1,,34.140635,-118.044354
Santa Anita Park,USA,North America,1600,Mile,Dirt,Beholder Mile Stakes,1/ST Racing,1,G1,,34.140635,-118.044354
Santa Anita Park,USA,North America,1800,Mile,Dirt,Santa Anita Derby,1/ST Racing,1,G1,,34.140635,-118.044354
Santa Anita Park,USA,North America,1800,Mile,Turf,Gamely Stakes,1/ST Racing,1,G1,,34.140635,-118.044354
Santa Anita Park,USA,North America,2000,Medium,Dirt,Hollywood Gold Cup Stakes,1/ST Racing,1,G1,,34.140635,-118.044354
Santa Anita Park,USA,North America,1600,Mile,Turf,Shoemaker Mile Stakes,1/ST Racing,1,G1,,34.140635,-118.044354
Santa Anita Park,USA,North America,1800,Mile,Dirt,Goodwood Stakes,1/ST Racing,1,G1,,34.140635,-118.044354
Santa Anita Park,USA,North America,1700,Mile,Dirt,American Pharoah Stakes,1/ST Racing,1,G1,,34.140635,-118.044354
Santa Anita Park,USA,North America,2000,Medium,Dirt,American Oaks,1/ST Racing,1,G1,,34.140635,-118.044354
Santa Anita Park,USA,North America,1400,Sprint,Dirt,La Brea Stakes,1/ST Racing,1,G1,,34.140635,-118.044354
Santa Anita Park,USA,North America,1400,Sprint,Dirt,Malibu Stakes,1/ST Racing,1,G1,,34.140635,-118.044354
Santa Anita Park,USA,North America,1400,Sprint,Dirt,San Vicente Stakes,1/ST Racing,2,G2,,34.140635,-118.044354
Santa Anita Park,USA,North America,1800,Mile,Dirt,San Pasqual Stakes,1/ST Racing,2,G2,,34.140635,-118.044354
Santa Anita Park,USA,North America,1400,Sprint,Dirt,D. Wayne Lukas Stakes,1/ST Racing,2,G2,,34.140635,-118.044354
Santa Anita Park,USA,North America,2000,Medium,Turf,San Marcos Stakes,1/ST Racing,2,G2,,34.140635,-118.044354
Santa Anita Park,USA,North America,1600,Mile,Turf,Buena Vista Stakes,1/ST Racing,2,G2,,34.140635,-118.044354
Santa Anita Park,USA,North America,1600,Mile,Turf,Frank E. Kilroe Mile,1/ST Racing,2,G2,,34.140635,-118.044354
Santa Anita Park,USA,North America,1700,Mile,Dirt,San Felipe Stakes,1/ST Racing,2,G2,,34.140635,-118.044354
Santa Anita Park,USA,North America,1700,Mile,Dirt,Santa Anita Oaks,1/ST Racing,2,G2,,34.140635,-118.044354
Santa Anita Park,USA,North America,2000,Medium,Turf,Charles Whittingham Stakes,1/ST Racing,2,G2,,34.140635,-118.044354
Santa Anita Park,USA,North America,1800,Mile,Dirt,Santa Margarita Stakes,1/ST Racing,2,G2,,34.140635,-118.044354
Santa Anita Park,USA,North America,1700,Mile,Dirt,Summertime Oaks,1/ST Racing,2,G2,,34.140635,-118.044354
Santa Anita Park,USA,North America,1300,Sprint,Turf,Eddie D Stakes,1/ST Racing,2,G2,,34.140635,-118.044354
Santa Anita Park,USA,North America,1600,Mile,Turf,City of Hope Mile Stakes,1/ST Racing,2,G2,,34.140635,-118.044354
Santa Anita Park,USA,North America,2000,Medium,Turf,John Henry Turf Championship Stakes,1/ST Racing,2,G2,,34.140635,-118.044354
Santa Anita Park,USA,North America,1700,Mile,Dirt,Zenyatta Stakes,1/ST Racing,2,G2,,34.140635,-118.044354
Santa Anita Park,USA,North America,1200,Sprint,Dirt,Santa Anita Sprint Championship,1/ST Racing,2,G2,,34.140635,-118.044354
Santa Anita Park,USA,North America,1700,Mile,Dirt,Oak Leaf Stakes,1/ST Racing,2,G2,,34.140635,-118.044354
Santa Anita Park,USA,North America,2000,Medium,Turf,Rodeo Drive Stakes,1/ST Racing,2,G2,,34.140635,-118.044354
Santa Anita Park,USA,North America,1800,Mile,Turf,Twilight Derby,1/ST Racing,2,G2,,34.140635,-118.044354
Santa Anita Park,USA,North America,1700,Mile,Dirt,Laffit Pincay Jr. Stakes,1/ST Racing,2,G2,,34.140635,-118.044354
Santa Anita Park,USA,North America,1600,Mile,Dirt,Mathis Mile Stakes,1/ST Racing,2,G2,,34.140635,-118.044354
Santa Anita Park,USA,North America,1800,Mile,Turf,Robert J. Frankel Stakes,1/ST Racing,3,G3,,34.140635,-118.044354
Santa Anita Park,USA,North America,1200,Sprint,Dirt,Las Flores Stakes,1/ST Racing,3,G3,,34.140635,-118.044354
Santa Anita Park,USA,North America,1300,Sprint,Turf,Las Cienegas Stakes,1/ST Racing,3,G3,,34.140635,-118.044354
Santa Anita Park,USA,North America,1700,Mile,Dirt,La Cañada Stakes,1/ST Racing,3,G3,,34.140635,-118.044354
Santa Anita Park,USA,North America,1600,Mile,Turf,Megahertz Stakes,1/ST Racing,3,G3,,34.140635,-118.044354
Santa Anita Park,USA,North America,1600,Mile,Turf,Thunder Road Stakes,1/ST Racing,3,G3,,34.140635,-118.044354
Santa Anita Park,USA,North America,1700,Mile,Dirt,Robert B. Lewis Stakes,1/ST Racing,3,G3,,34.140635,-118.044354
Santa Anita Park,USA,North America,1700,Mile,Dirt,Santa Ysabel Stakes,1/ST Racing,3,G3,,34.140635,-118.044354
Santa Anita Park,USA,North America,1300,Sprint,Turf,San Simeon Stakes,1/ST Racing,3,G3,,34.140635,-118.044354
Santa Anita Park,USA,North America,2000,Medium,Turf,Santa Anita Stakes,1/ST Racing,3,G3,,34.140635,-118.044354
Santa Anita Park,USA,North America,2400,Long,Turf,San Luis Rey Stakes,1/ST Racing,3,G3,,34.140635,-118.044354
Santa Anita Park,USA,North America,1600,Mile,Turf,Wilshire Stakes,1/ST Racing,3,G3,,34.140635,-118.044354
Santa Anita Park,USA,North America,1400,Sprint,Dirt,San Carlos Stakes,1/ST Racing,3,G3,,34.140635,-118.044354
Santa Anita Park,USA,North America,1300,Sprint,Dirt,Monrovia Stakes,1/ST Racing,3,G3,,34.140635,-118.044354
Santa Anita Park,USA,North America,1600,Mile,Turf,American Stakes,1/ST Racing,3,G3,,34.140635,-118.044354
Santa Anita Park,USA,North America,1700,Mile,Dirt,Santa Maria Stakes,1/ST Racing,3,G3,,34.140635,-118.044354
Santa Anita Park,USA,North America,1600,Mile,Turf,Royal Heroine Stakes,1/ST Racing,3,G3,,34.140635,-118.044354
Santa Anita Park,USA,North America,1300,Sprint,Turf,Senorita Stakes,1/ST Racing,3,G3,,34.140635,-118.044354
Santa Anita Park,USA,North America,1400,Sprint,Dirt,Triple Bend Stakes,1/ST Racing,3,G3,,34.140635,-118.044354
Santa Anita Park,USA,North America,1300,Sprint,Turf,Daytona Stakes,1/ST Racing,3,G3,,34.140635,-118.044354
Santa Anita Park,USA,North America,2800,Long,Turf,San Juan Capistrano Stakes,1/ST Racing,3,G3,,34.140635,-118.044354
Santa Anita Park,USA,North America,1300,Sprint,Turf,John C. Harris Stakes,1/ST Racing,3,G3,,34.140635,-118.044354
Santa Anita Park,USA,North America,1300,Sprint,Dirt,Chillingworth Stakes,1/ST Racing,3,G3,,34.140635,-118.044354
Santa Anita Park,USA,North America,2400,Long,Dirt,Tokyo City Cup Stakes,1/ST Racing,3,G3,,34.140635,-118.044354
Santa Anita Park,USA,North America,1600,Mile,Turf,Zuma Beach Stakes,1/ST Racing,3,G3,,34.140635,-118.044354
Santa Anita Park,USA,North America,1600,Mile,Turf,Surfer Girl Stakes,1/ST Racing,3,G3,,34.140635,-118.044354
Santa Anita Park,USA,North America,1600,Mile,Turf,Autumn Miss Stakes,1/ST Racing,3,G3,,34.140635,-118.044354
Santa Anita Park,USA,North America,1800,Mile,Dirt,San Gabriel Stakes,1/ST Racing,3,G3,,34.140635,-118.044354
Santa Anita Park,USA,North America,1300,Sprint,Turf,Joe Hernandez Stakes,1/ST Racing,3,G3,,34.140635,-118.044354
Santa Anita Park,USA,North America,2400,Long,Turf,Santa Barbara Stakes,1/ST Racing,4,Local,,34.140635,-118.044354
Santa Anita Park,USA,North America,2000,Medium,Turf,Possibly Perfect Stakes,1/ST Racing,4,Local,,34.140635,-118.044354
Santa Anita Park,USA,North America,1600,Mile,Turf,Cinema Stakes,1/ST Racing,4,Local,,34.140635,-118.044354
Santa Anita Park,USA,North America,1700,Mile,Dirt,Affirmed Stakes,1/ST Racing,4,Local,,34.140635,-118.044354
Santa Anita Park,USA,North America,1300,Sprint,Turf,Mizdirection Stakes,1/ST Racing,4,Local,,34.140635,-118.044354
Santa Anita Park,USA,North America,1300,Sprint,Turf,Baffle Stakes,1/ST Racing,4,Local,,34.140635,-118.044354
Santa Anita Park,USA,North America,1200,Sprint,Dirt,Desert Stormer Stakes,1/ST Racing,4,Local,,34.140635,-118.044354
Santa Anita Park,USA,North America,1200,Sprint,Turf,Siren Lure Stakes,1/ST Racing,4,Local,,34.140635,-118.044354
Santa Anita Park,USA,North America,1800,Mile,Turf,Snow Chief Stakes,1/ST Racing,4,Local,,34.140635,-118.044354
Santa Anita Park,USA,North America,1700,Mile,Dirt,Melair Stakes,1/ST Racing,4,Local,,34.140635,-118.044354
Santa Anita Park,USA,North America,1600,Mile,Turf,Fran's Valentine Stakes,1/ST Racing,4,Local,,34.140635,-118.044354
Santa Anita Park,USA,North America,1600,Mile,Turf,Crystal Water Stakes,1/ST Racing,4,Local,,34.140635,-118.044354
Santa Anita Park,USA,North America,1200,Sprint,Dirt,Thor's Echo Stakes,1/ST Racing,4,Local,,34.140635,-118.044354
Tampa Bay Downs,USA,North America,1800,Mile,Turf,Hillsborough Stakes,TBD Inc.,2,G2,,28.048333,-82.645556
Tampa Bay Downs,USA,North America,1700,Mile,Dirt,Tampa Bay Derby,TBD Inc.,2,G2,,28.048333,-82.645556
Tampa Bay Downs,USA,North America,1700,Mile,Dirt,Sam F. Davis Stakes,TBD Inc.,3,G3,,28.048333,-82.645556
Tampa Bay Downs,USA,North America,1700,Mile,Turf,Florida Oaks,TBD Inc.,3,G3,,28.048333,-82.645556
Tampa Bay Downs,USA,North America,1700,Mile,Turf,Endeavour Stakes,TBD Inc.,3,G3,,28.048333,-82.645556
Tampa Bay Downs,USA,North America,1700,Mile,Turf,Tampa Bay Stakes,TBD Inc.,3,G3,,28.048333,-82.645556
Tampa Bay Downs,USA,North America,1700,Mile,Dirt,Challenger Stakes,TBD Inc.,3,G3,,28.048333,-82.645556
Tampa Bay Downs,USA,North America,1400,Sprint,Dirt,Stonehedge Farm South Sophomore Fillies,TBD Inc.,4,Local,Florida Cup Day,28.048333,-82.645556
Tampa Bay Downs,USA,North America,1400,Sprint,Dirt,Ocala Breeders' Sales Sophomore,TBD Inc.,4,Local,Florida Cup Day,28.048333,-82.645556
Tampa Bay Downs,USA,North America,1200,Sprint,Dirt,NYRA Bets Sprint,TBD Inc.,4,Local,Florida Cup Day,28.048333,-82.645556
Tampa Bay Downs,USA,North America,1700,Mile,Turf,Pleasant Acres Stallions Distaff Turf,TBD Inc.,4,Local,Florida Cup Day,28.048333,-82.645556
Tampa Bay Downs,USA,North America,1700,Mile,Turf,Lambholm South Sophomore Turf,TBD Inc.,4,Local,Florida Cup Day,28.048333,-82.645556
Tampa Bay Downs,USA,North America,1700,Mile,Turf,Equistaff Sophomore Turf,TBD Inc.,4,Local,Florida Cup Day,28.048333,-82.645556
Tampa Bay Downs,USA,North America,1640,Mile,Dirt,Suncoast Stakes,TBD Inc.,4,Local,,28.048333,-82.645556
Tampa Bay Downs,USA,North America,1400,Sprint,Dirt,Pasco Stakes,TBD Inc.,4,Local,,28.048333,-82.645556
Tampa Bay Downs,USA,North America,1400,Sprint,Dirt,Gasparilla Stakes,TBD Inc.,4,Local,,28.048333,-82.645556
Tampa Bay Downs,USA,North America,1200,Sprint,Dirt,Pelican stakes,TBD Inc.,4,Local,,28.048333,-82.645556
Tampa Bay Downs,USA,North America,1200,Sprint,Dirt,Minaret Stakes,TBD Inc.,4,Local,,28.048333,-82.645556
Tampa Bay Downs,USA,North America,1200,Sprint,Dirt,Inaugural Stakes,TBD Inc.,4,Local,,28.048333,-82.645556
Tampa Bay Downs,USA,North America,1200,Sprint,Dirt,Sandpiper Stakes,TBD Inc.,4,Local,,28.048333,-82.645556
Tampa Bay Downs,USA,North America,1700,Mile,Dirt,Wayward Lass Stakes,TBD Inc.,4,Local,,28.048333,-82.645556
Tampa Bay Downs,USA,North America,1000,Sprint,Turf,Turf Dash Stakes,TBD Inc.,4,Local,,28.048333,-82.645556
Tampa Bay Downs,USA,North America,1000,Sprint,Turf,Lightning City Stakes,TBD Inc.,4,Local,,28.048333,-82.645556
Tampa Bay Downs,USA,North America,1600,Mile,Turf,Columbia Stakes,TBD Inc.,4,Local,,28.048333,-82.645556
Thistledown,USA,North America,1800,Mile,Dirt,Ohio Derby,JACK,3,G3,,41.4371,-81.5303
Thistledown,USA,North America,1800,Mile,Dirt,Cleveland Gold Cup,JACK,4,Local,,41.4371,-81.5303
Thistledown,USA,North America,1800,Mile,Dirt,Best of Ohio Endurance,JACK,4,Local,,41.4371,-81.5303
Thistledown,USA,North America,1800,Mile,Dirt,George Lewis Memorial Stakes,JACK,4,Local,,41.4371,-81.5303
Thistledown,USA,North America,1700,Mile,Dirt,J. William Petro Memorial Stakes,JACK,4,Local,,41.4371,-81.5303
Thistledown,USA,North America,1700,Mile,Dirt,Rose DeBartolo Memorial Stakes,JACK,4,Local,,41.4371,-81.5303
Thistledown,USA,North America,1700,Mile,Dirt,Catlaunch Stakes,JACK,4,Local,,41.4371,-81.5303
Thistledown,USA,North America,1700,Mile,Dirt,Governor's Buckeye Cup,JACK,4,Local,,41.4371,-81.5303
Thistledown,USA,North America,1200,Sprint,Dirt,Michael F. Rowland Memorial Stakes,JACK,4,Local,,41.4371,-81.5303
Thistledown,USA,North America,1200,Sprint,Dirt,Honey Jay Stakes,JACK,4,Local,,41.4371,-81.5303
Thistledown,USA,North America,1200,Sprint,Dirt,Dr. T.F. Classen Memorial Stakes,JACK,4,Local,,41.4371,-81.5303
Thistledown,USA,North America,1200,Sprint,Dirt,Cleveland Kindergarten Stakes,JACK,4,Local,,41.4371,-81.5303
Thistledown,USA,North America,1200,Sprint,Dirt,Best of Ohio Sprint,JACK,4,Local,,41.4371,-81.5303
Thistledown,USA,North America,1200,Sprint,Dirt,Miss Ohio Stakes,JACK,4,Local,,41.4371,-81.5303
Thistledown,USA,North America,1200,Sprint,Dirt,Emerald Necklace Stakes,JACK,4,Local,,41.4371,-81.5303
Thistledown,USA,North America,1200,Sprint,Dirt,Angenora Stakes,JACK,4,Local,,41.4371,-81.5303
Thistledown,USA,North America,1200,Sprint,Dirt,Scarlet and Gray Stakes,JACK,4,Local,,41.4371,-81.5303
Turfway Park,USA,North America,1800,Mile,Synthetic,Jeff Ruby Steaks,CDI,3,G3,,39.0252,-84.6349
Turfway Park,USA,North America,1800,Mile,Synthetic,Kentucky Cup Classic,CDI,3,G3,,39.0252,-84.6349
Turfway Park,USA,North America,1700,Mile,Synthetic,Bourbonette Oaks,CDI,3,G3,,39.0252,-84.6349
Turfway Park,USA,North America,2400,Long,Synthetic,Turfway Park Fall Championship Stakes,CDI,3,G3,,39.0252,-84.6349
Turfway Park,USA,North America,1700,Mile,Synthetic,John Battaglia Memorial Stakes,CDI,4,Local,,39.0252,-84.6349
Turfway Park,USA,North America,1600,Mile,Synthetic,Cincinnati Trophy Stakes,CDI,4,Local,,39.0252,-84.6349
Turfway Park,USA,North America,1700,Mile,Synthetic,Rushaway Stakes,CDI,4,Local,,39.0252,-84.6349
Turfway Park,USA,North America,1200,Sprint,Synthetic,Animal Kingdom Stakes,CDI,4,Local,,39.0252,-84.6349
Turfway Park,USA,North America,1700,Mile,Synthetic,Prairie Bayou Stakes,CDI,4,Local,,39.0252,-84.6349
Turfway Park,USA,North America,1200,Sprint,Synthetic,Holiday Inaugural Stakes,CDI,4,Local,,39.0252,-84.6349
Turfway Park,USA,North America,1700,Mile,Synthetic,My Charmer Stakes,CDI,4,Local,,39.0252,-84.6349
Turfway Park,USA,North America,1200,Sprint,Synthetic,Holiday Cheer Stakes,CDI,4,Local,,39.0252,-84.6349
Turfway Park,USA,North America,1700,Mile,Synthetic,Latonia Stakes,CDI,4,Local,,39.0252,-84.6349
Turfway Park,USA,North America,1200,Sprint,Synthetic,Gowell Stakes,CDI,4,Local,,39.0252,-84.6349
Turfway Park,USA,North America,1300,Sprint,Synthetic,Turfway Prevue Stakes,CDI,4,Local,,39.0252,-84.6349
Turfway Park,USA,North America,1600,Mile,Synthetic,Likely Exchange Stakes,CDI,4,Local,,39.0252,-84.6349
Turfway Park,USA,North America,1600,Mile,Synthetic,Leonatus Stakes,CDI,4,Local,,39.0252,-84.6349
Turfway Park,USA,North America,1300,Sprint,Synthetic,Wishing Well Stakes,CDI,4,Local,,39.0252,-84.6349
Turfway Park,USA,North America,1300,Sprint,Synthetic,Forego Stakes,CDI,4,Local,,39.0252,-84.6349
Turfway Park,USA,North America,1300,Sprint,Synthetic,Valdale Stakes,CDI,4,Local,,39.0252,-84.6349
Turfway Park,USA,North America,1700,Mile,Synthetic,Dust Commander Stakes,CDI,4,Local,,39.0252,-84.6349
Turfway Park,USA,North America,1200,Sprint,Synthetic,Big Daddy Stakes,CDI,4,Local,,39.0252,-84.6349
Turfway Park,USA,North America,1200,Sprint,Synthetic,Queen Stakes,CDI,4,Local,,39.0252,-84.6349
Chantilly,France,Europe,2100,Medium,Turf,Prix du Jockey Club,France Galop,1,G1,France Triple Crown,49.191667,2.475
Chantilly,France,Europe,2100,Medium,Turf,Prix de Diane,France Galop,2,G2,,49.191667,2.475
Chantilly,France,Europe,2400,Long,Turf,Grand Prix de Chantilly,France Galop,2,G2,,49.191667,2.475
Chantilly,France,Europe,1600,Mile,Turf,Prix de Sandringham,France Galop,2,G2,,49.191667,2.475
Chantilly,France,Europe,1200,Sprint,Turf,Prix Robert Papin,France Galop,2,G2,,49.191667,2.475
Chantilly,France,Europe,1200,Sprint,Turf,Critérium de Maisons-Laffitte,France Galop,3,G3,,49.191667,2.475
Chantilly,France,Europe,1100,Sprint,Turf,Prix Sigy,France Galop,3,G3,,49.191667,2.475
Chantilly,France,Europe,1800,Mile,Turf,Prix de Guiche,France Galop,3,G3,,49.191667,2.475
Chantilly,France,Europe,1200,Sprint,Turf,Prix Texanita,France Galop,3,G3,,49.191667,2.475
Chantilly,France,Europe,2400,Long,Turf,Prix de Royaumont,France Galop,3,G3,,49.191667,2.475
Chantilly,France,Europe,1000,Sprint,Turf,Prix du Gros Chêne,France Galop,3,G3,,49.191667,2.475
Chantilly,France,Europe,1600,Mile,Turf,Prix Bertrand du Breuil,France Galop,3,G3,,49.191667,2.475
Chantilly,France,Europe,2400,Long,Turf,Prix du Lys,France Galop,3,G3,,49.191667,2.475
Chantilly,France,Europe,1200,Sprint,Turf,Prix du Bois,France Galop,3,G3,,49.191667,2.475
Chantilly,France,Europe,1800,Mile,Turf,Prix Chloé,France Galop,3,G3,,49.191667,2.475
Chantilly,France,Europe,1600,Mile,Turf,Prix Messidor,France Galop,3,G3,,49.191667,2.475
Chantilly,France,Europe,1800,Mile,Turf,Prix Bertrand de Tarragon,France Galop,3,G3,,49.191667,2.475
Chantilly,France,Europe,1600,Mile,Turf,Prix des Chênes,France Galop,3,G3,,49.191667,2.475
Chantilly,France,Europe,1200,Sprint,Turf,Prix Eclipse,France Galop,3,G3,,49.191667,2.475
Chantilly,France,Europe,1600,Mile,Turf,Prix des Réservoirs,France Galop,3,G3,,49.191667,2.475
Chantilly,France,Europe,1200,Sprint,Turf,Prix de Seine-et-Oise,France Galop,3,G3,,49.191667,2.475
Chantilly,France,Europe,1400,Sprint,Turf,Prix Miesque,France Galop,3,G3,,49.191667,2.475
Chantilly,France,Europe,1800,Mile,Turf,Prix Thomas Bryon,France Galop,3,G3,,49.191667,2.475
Chantilly,France,Europe,1800,Mile,Turf,Prix Finlande,France Galop,4,Local,,49.191667,2.475
Chantilly,France,Europe,1200,Sprint,Turf,Prix Servanne,France Galop,4,Local,,49.191667,2.475
Chantilly,France,Europe,1600,Mile,Turf,Prix des Lilas,France Galop,4,Local,,49.191667,2.475
Chantilly,France,Europe,2000,Medium,Turf,Prix Rose de Mai,France Galop,4,Local,,49.191667,2.475
Chantilly,France,Europe,1900,Medium,Turf,Prix de Baron,France Galop,4,Local,,49.191667,2.475
Chantilly,France,Europe,1900,Medium,Turf,Prix de Borest,France Galop,4,Local,,49.191667,2.475
Chantilly,France,Europe,1900,Medium,Turf,Prix du Centre d’Entraînement,France Galop,4,Local,,49.191667,2.475
Chantilly,France,Europe,1600,Mile,Turf,Prix du Lieutenant,France Galop,4,Local,,49.191667,2.475
Deauville,France,Europe,1400,Sprint,Turf,Prix Jean Prat,France Galop,1,G1,,49.3539,0.0751
Deauville,France,Europe,1600,Mile,Turf,Prix Rothschild,France Galop,1,G1,,49.3539,0.0751
Deauville,France,Europe,1300,Sprint,Turf,Prix Maurice de Gheest,France Galop,1,G1,,49.3539,0.0751
Deauville,France,Europe,1600,Mile,Turf,Prix Jacques Le Marois,France Galop,1,G1,,49.3539,0.0751
Deauville,France,Europe,2000,Medium,Turf,Prix Jean Romanet,France Galop,1,G1,,49.3539,0.0751
Deauville,France,Europe,1200,Sprint,Turf,Prix Morny,France Galop,1,G1,,49.3539,0.0751
Deauville,France,Europe,2500,Long,Turf,Prix de Pomone,France Galop,2,G2,,49.3539,0.0751
Deauville,France,Europe,2000,Medium,Turf,Prix Guillaume d'Ornano,France Galop,2,G2,,49.3539,0.0751
Deauville,France,Europe,1400,Sprint,Turf,Prix du Calvados,France Galop,2,G2,,49.3539,0.0751
Deauville,France,Europe,3000,Long,Turf,Prix Kergorlay,France Galop,2,G2,,49.3539,0.0751
Deauville,France,Europe,2500,Long,Turf,Grand Prix de Deauville,France Galop,2,G2,,49.3539,0.0751
Deauville,France,Europe,1400,Sprint,Turf,Prix Djebel,France Galop,3,G3,,49.3539,0.0751
Deauville,France,Europe,1400,Sprint,Turf,Prix Imprudence,France Galop,3,G3,,49.3539,0.0751
Deauville,France,Europe,1200,Sprint,Turf,Prix de Ris-Orangis,France Galop,3,G3,,49.3539,0.0751
Deauville,France,Europe,1200,Sprint,Turf,Prix de Cabourg,France Galop,3,G3,,49.3539,0.0751
Deauville,France,Europe,2000,Medium,Turf,Prix de Psyché,France Galop,3,G3,,49.3539,0.0751
Deauville,France,Europe,1400,Sprint,Turf,Prix Six Perfections,France Galop,3,G3,,49.3539,0.0751
Deauville,France,Europe,2500,Long,Turf,Prix de Reux,France Galop,3,G3,,49.3539,0.0751
Deauville,France,Europe,1600,Mile,Turf,Prix Daphnis,France Galop,3,G3,,49.3539,0.0751
Deauville,France,Europe,1600,Mile,Turf,Prix de Lieurey,France Galop,3,G3,,49.3539,0.0751
Deauville,France,Europe,2000,Medium,Turf,Prix Gontaut-Biron,France Galop,3,G3,,49.3539,0.0751
Deauville,France,Europe,1400,Sprint,Turf,Prix François Boutin,France Galop,3,G3,,49.3539,0.0751
Deauville,France,Europe,2500,Long,Turf,Prix Minerve,France Galop,3,G3,,49.3539,0.0751
Deauville,France,Europe,1200,Sprint,Turf,Prix de Meautry,France Galop,3,G3,,49.3539,0.0751
Deauville,France,Europe,1600,Mile,Turf,Prix Quincey,France Galop,3,G3,,49.3539,0.0751
Deauville,France,Europe,1600,Mile,Turf,Prix des Réservoirs,France Galop,3,G3,,49.3539,0.0751
Deauville,France,Europe,3000,Long,Turf,Prix du Carrousel,France Galop,4,Local,,49.3539,0.0751
Deauville,France,Europe,2400,Long,Turf,Prix Luth Enchantée,France Galop,4,Local,,49.3539,0.0751
Deauville,France,Europe,2500,Long,Turf,Prix du Défi du Galop,France Galop,4,Local,,49.3539,0.0751
Deauville,France,Europe,2400,Long,Turf,Grand Prix de Clairefontaine,France Galop,4,Local,,49.3539,0.0751
Deauville,France,Europe,1500,Mile,Turf,Prix Altipan,France Galop,4,Local,,49.3539,0.0751
Deauville,France,Europe,1800,Mile,Turf,Fonds Européen de l'Élevage,France Galop,4,Local,,49.3539,0.0751
Deauville,France,Europe,1800,Mile,Turf,Prix du Pays d’Auge,France Galop,4,Local,,49.3539,0.0751
Deauville,France,Europe,1600,Mile,Turf,Prix de Tourgéville,France Galop,4,Local,,49.3539,0.0751
Deauville,France,Europe,1600,Mile,Turf,Prix du Chemin du Tocq,France Galop,4,Local,,49.3539,0.0751
Deauville,France,Europe,2000,Medium,Turf,Prix Pelléas,France Galop,4,Local,,49.3539,0.0751
Longchamp,France,Europe,2100,Medium,Turf,Prix Ganay,France Galop,1,G1,,48.858783,2.229633
Longchamp,France,Europe,1600,Mile,Turf,Poule d'Essai des Poulains,France Galop,1,G1,France Triple Crown,48.858783,2.229633
Longchamp,France,Europe,1600,Mile,Turf,Poule d'Essai des Pouliches,France Galop,1,G1,,48.858783,2.229633
Longchamp,France,Europe,1850,Medium,Turf,Prix Aga Khan IV,France Galop,1,G1,,48.858783,2.229633
Longchamp,France,Europe,3100,Long,Turf,Prix Vicomtesse Vigier,France Galop,1,G1,,48.858783,2.229633
Longchamp,France,Europe,2400,Long,Turf,Grand Prix de Paris,France Galop,1,G1,France Triple Crown,48.858783,2.229633
Longchamp,France,Europe,1600,Mile,Turf,Prix du Moulin de Longchamp,France Galop,1,G1,,48.858783,2.229633
Longchamp,France,Europe,2400,Long,Turf,Prix Vermeille,France Galop,1,G1,,48.858783,2.229633
Longchamp,France,Europe,2800,Long,Turf,Prix de Royallieu,France Galop,1,G1,,48.858783,2.229633
Longchamp,France,Europe,4000,Long,Turf,Prix du Cadran,France Galop,1,G1,,48.858783,2.229633
Longchamp,France,Europe,1000,Sprint,Turf,Prix de l'Abbaye de Longchamp,France Galop,1,G1,,48.858783,2.229633
Longchamp,France,Europe,2000,Medium,Turf,Prix de l'Opéra,France Galop,1,G1,,48.858783,2.229633
Longchamp,France,Europe,1400,Sprint,Turf,Prix de la Forêt,France Galop,1,G1,,48.858783,2.229633
Longchamp,France,Europe,2400,Long,Turf,Prix de l'Arc de Triomphe,France Galop,1,G1,,48.858783,2.229633
Longchamp,France,Europe,1400,Sprint,Turf,Prix Jean-Luc Lagardère,France Galop,1,G1,,48.858783,2.229633
Longchamp,France,Europe,1600,Mile,Turf,Prix Marcel Boussac,France Galop,1,G1,,48.858783,2.229633
Longchamp,France,Europe,2000,Medium,Turf,Prix d'Harcourt,France Galop,2,G2,,48.858783,2.229633
Longchamp,France,Europe,2000,Medium,Turf,Prix Saint-Alary,France Galop,2,G2,,48.858783,2.229633
Longchamp,France,Europe,2100,Medium,Turf,Prix Corrida,France Galop,2,G2,,48.858783,2.229633
Longchamp,France,Europe,1400,Sprint,Turf,Prix Paul de Moussac,France Galop,2,G2,,48.858783,2.229633
Longchamp,France,Europe,2400,Long,Turf,Prix de Malleret,France Galop,2,G2,,48.858783,2.229633
Longchamp,France,Europe,2800,Long,Turf,Prix Maurice de Nieuil,France Galop,2,G2,,48.858783,2.229633
Longchamp,France,Europe,1600,Mile,Turf,Prix d'Aumale,France Galop,2,G2,,48.858783,2.229633
Longchamp,France,Europe,2400,Long,Turf,Prix Foy,France Galop,2,G2,,48.858783,2.229633
Longchamp,France,Europe,2400,Long,Turf,Prix Niel,France Galop,2,G2,,48.858783,2.229633
Longchamp,France,Europe,3000,Long,Turf,Prix Chaudenay,France Galop,2,G2,,48.858783,2.229633
Longchamp,France,Europe,1600,Mile,Turf,Prix Daniel Wildenstein,France Galop,2,G2,,48.858783,2.229633
Longchamp,France,Europe,1950,Medium,Turf,Prix Dollar,France Galop,2,G2,,48.858783,2.229633
Longchamp,France,Europe,2200,Medium,Turf,Prix du Conseil de Paris,France Galop,2,G2,,48.858783,2.229633
Longchamp,France,Europe,1800,Mile,Turf,Prix La Force,France Galop,3,G3,,48.858783,2.229633
Longchamp,France,Europe,1800,Mile,Turf,Prix Vanteaux,France Galop,3,G3,,48.858783,2.229633
Longchamp,France,Europe,1600,Mile,Turf,Prix de la Grotte,France Galop,3,G3,,48.858783,2.229633
Longchamp,France,Europe,1600,Mile,Turf,Prix de Fontainebleau,France Galop,3,G3,,48.858783,2.229633
Longchamp,France,Europe,2100,Medium,Turf,Prix Noailles,France Galop,3,G3,,48.858783,2.229633
Longchamp,France,Europe,3000,Long,Turf,Prix de Barbeville,France Galop,3,G3,,48.858783,2.229633
Longchamp,France,Europe,2400,Long,Turf,Prix d'Hédouville,France Galop,3,G3,,48.858783,2.229633
Longchamp,France,Europe,1000,Sprint,Turf,Prix de Saint-Georges,France Galop,3,G3,,48.858783,2.229633
Longchamp,France,Europe,1400,Sprint,Turf,Prix du Palais-Royal,France Galop,3,G3,,48.858783,2.229633
Longchamp,France,Europe,2200,Medium,Turf,Prix Hocquart,France Galop,3,G3,,48.858783,2.229633
Longchamp,France,Europe,2000,Medium,Turf,La Coupe,France Galop,3,G3,,48.858783,2.229633
Longchamp,France,Europe,1400,Sprint,Turf,Prix de la Porte Maillot,France Galop,3,G3,,48.858783,2.229633
Longchamp,France,Europe,1000,Sprint,Turf,Prix d'Arenberg,France Galop,3,G3,,48.858783,2.229633
Longchamp,France,Europe,3000,Long,Turf,Prix Gérald de Geoffre,France Galop,3,G3,,48.858783,2.229633
Longchamp,France,Europe,1400,Sprint,Turf,Prix La Rochette,France Galop,3,G3,,48.858783,2.229633
Longchamp,France,Europe,3100,Long,Turf,Prix Gladiateur,France Galop,3,G3,,48.858783,2.229633
Longchamp,France,Europe,1000,Sprint,Turf,Prix du Petit Couvert,France Galop,3,G3,,48.858783,2.229633
Longchamp,France,Europe,1400,Sprint,Turf,Prix du Pin,France Galop,3,G3,,48.858783,2.229633
Longchamp,France,Europe,2000,Medium,Turf,Prix du Prince d'Orange,France Galop,3,G3,,48.858783,2.229633
Longchamp,France,Europe,2100,Medium,Turf,Prix Zarkava,France Galop,4,Local,,48.858783,2.229633
Longchamp,France,Europe,2400,Long,Turf,Prix de l'Avre,France Galop,4,Local,,48.858783,2.229633
Longchamp,France,Europe,2200,Medium,Turf,Prix de la Seine,France Galop,4,Local,,48.858783,2.229633
Longchamp,France,Europe,1400,Sprint,Turf,Prix Maurice Zilber,France Galop,4,Local,,48.858783,2.229633
Longchamp,France,Europe,2800,Long,Turf,Prix Gold River,France Galop,4,Local,,48.858783,2.229633
Longchamp,France,Europe,2400,Long,Turf,Prix de Thiberville,France Galop,4,Local,,48.858783,2.229633
Longchamp,France,Europe,1850,Medium,Turf,Super Handicap du Printemps,France Galop,4,Local,,48.858783,2.229633
Longchamp,France,Europe,1300,Sprint,Turf,Mogador Handicap,France Galop,4,Local,,48.858783,2.229633
Longchamp,France,Europe,1850,Medium,Turf,Prix du Petit Châtelet,France Galop,4,Local,,48.858783,2.229633
Longchamp,France,Europe,2400,Long,Turf,Prix de la Concorde,France Galop,4,Local,,48.858783,2.229633
Longchamp,France,Europe,2000,Medium,Turf,Prix de Bellechasse,France Galop,4,Local,,48.858783,2.229633
Saint-Cloud,France,Europe,2400,Long,Turf,Grand Prix de Saint-Cloud,France Galop,1,G1,,48.856944,2.202778
Saint-Cloud,France,Europe,2000,Medium,Turf,Critérium de Saint-Cloud,France Galop,1,G1,,48.856944,2.202778
Saint-Cloud,France,Europe,1600,Mile,Turf,Critérium International,France Galop,1,G1,,48.856944,2.202778
Saint-Cloud,France,Europe,3100,Long,Turf,Prix Royal-Oak,France Galop,1,G1,,48.856944,2.202778
Saint-Cloud,France,Europe,1600,Mile,Turf,Prix du Muguet,France Galop,2,G2,,48.856944,2.202778
Saint-Cloud,France,Europe,2000,Medium,Turf,Prix Eugène Adam,France Galop,2,G2,,48.856944,2.202778
Saint-Cloud,France,Europe,2000,Medium,Turf,Prix Exbury,France Galop,3,G3,,48.856944,2.202778
Saint-Cloud,France,Europe,1600,Mile,Turf,Prix Edmond Blanc,France Galop,3,G3,,48.856944,2.202778
Saint-Cloud,France,Europe,2100,Medium,Turf,Prix Cléopâtre,France Galop,3,G3,,48.856944,2.202778
Saint-Cloud,France,Europe,2000,Medium,Turf,Prix Allez France,France Galop,3,G3,,48.856944,2.202778
Saint-Cloud,France,Europe,2100,Medium,Turf,Prix Greffulhe,France Galop,3,G3,,48.856944,2.202778
Saint-Cloud,France,Europe,2000,Medium,Turf,Prix de Condé,France Galop,3,G3,,48.856944,2.202778
Saint-Cloud,France,Europe,2800,Long,Turf,Prix Belle de Nuit,France Galop,3,G3,,48.856944,2.202778
Saint-Cloud,France,Europe,2100,Medium,Turf,Prix de Flore,France Galop,3,G3,,48.856944,2.202778
Saint-Cloud,France,Europe,1600,Mile,Turf,Prix Perth,France Galop,3,G3,,48.856944,2.202778
Saint-Cloud,France,Europe,2100,Medium,Turf,Prix François Mathet,France Galop,4,Local,,48.856944,2.202778
Saint-Cloud,France,Europe,1600,Mile,Turf,Prix Omnium II,France Galop,4,Local,,48.856944,2.202778
Saint-Cloud,France,Europe,1600,Mile,Turf,Prix La Camargo,France Galop,4,Local,,48.856944,2.202778
Saint-Cloud,France,Europe,1600,Mile,Turf,Prix Altipan,France Galop,4,Local,,48.856944,2.202778
Saint-Cloud,France,Europe,3000,Long,Turf,Prix La Moskowa,France Galop,4,Local,,48.856944,2.202778
Saint-Cloud,France,Europe,1400,Sprint,Turf,Prix Hérod,France Galop,4,Local,,48.856944,2.202778
Saint-Cloud,France,Europe,2400,Long,Turf,Prix de la Porte de Madrid,France Galop,4,Local,,48.856944,2.202778
Saint-Cloud,France,Europe,2800,Long,Turf,Prix Scaramouche,France Galop,4,Local,,48.856944,2.202778
Saint-Cloud,France,Europe,2000,Medium,Turf,Prix Solitude,France Galop,4,Local,,48.856944,2.202778
Saint-Cloud,France,Europe,1600,Mile,Turf,Prix Tantième,France Galop,4,Local,,48.856944,2.202778
Saint-Cloud,France,Europe,1600,Mile,Turf,Prix Cadel Roussel,France Galop,4,Local,,48.856944,2.202778
Saint-Cloud,France,Europe,1600,Mile,Turf,Prix Calandria,France Galop,4,Local,,48.856944,2.202778
Saint-Cloud,France,Europe,2100,Medium,Turf,Prix de la Croix Blance,France Galop,4,Local,,48.856944,2.202778
Saint-Cloud,France,Europe,2100,Medium,Turf,Prix du Haras de la Celle-Saint-Cloud,France Galop,4,Local,,48.856944,2.202778
Saint-Cloud,France,Europe,1200,Sprint,Turf,Hunyade Stakes,France Galop,4,Local,,48.856944,2.202778
Saint-Cloud,France,Europe,1200,Sprint,Turf,La Belle II Stakes,France Galop,4,Local,,48.856944,2.202778
Saint-Cloud,France,Europe,2000,Medium,Turf,Fourire Stakes,France Galop,4,Local,,48.856944,2.202778
Saint-Cloud,France,Europe,2000,Medium,Turf,De Beaumesnil Handicap,France Galop,4,Local,,48.856944,2.202778
Toulouse,France,Europe,2100,Medium,Turf,Prix Fille de l'Air,France Galop,3,G3,,43.5855,1.4085
Toulouse,France,Europe,2000,Medium,Turf,Prix André Baboin,France Galop,4,Local,,43.5855,1.4085
Toulouse,France,Europe,2400,Long,Turf,Derby du Languedoc,France Galop,4,Local,,43.5855,1.4085
Toulouse,France,Europe,2400,Long,Turf,Prix Panacée,France Galop,4,Local,,43.5855,1.4085
Toulouse,France,Europe,2000,Medium,Turf,Le Vase d’Argent,France Galop,4,Local,,43.5855,1.4085
Toulouse,France,Europe,2100,Medium,Turf,Prix Caravelle,France Galop,4,Local,,43.5855,1.4085
Toulouse,France,Europe,1600,Mile,Turf,Prix Aymeri de Mauléon,France Galop,4,Local,,43.5855,1.4085
Toulouse,France,Europe,1600,Mile,Turf,Critérium du Languedoc,France Galop,4,Local,,43.5855,1.4085
Toulouse,France,Europe,2400,Long,Turf,Prix de la Ville de Toulouse,France Galop,4,Local,,43.5855,1.4085
Toulouse,France,Europe,2400,Long,Turf,Grand Prix du Sud-Ouest,France Galop,4,Local,,43.5855,1.4085
Toulouse,France,Europe,2200,Medium,Turf,French Arabian Breeders’ Challenge Classic,France Galop,4,Local,French Arabian Breeders’ Challenge,43.5855,1.4085
Toulouse,France,Europe,1600,Mile,Turf,French Arabian Breeders’ Challenge - Pouliches,France Galop,4,Local,French Arabian Breeders’ Challenge,43.5855,1.4085
Toulouse,France,Europe,1600,Mile,Turf,French Arabian Breeders’ Challenge - Poulains,France Galop,4,Local,French Arabian Breeders’ Challenge,43.5855,1.4085
Toulouse,France,Europe,1400,Sprint,Turf,Arabian Challenge Sprint,France Galop,4,Local,,43.5855,1.4085
Toulouse,France,Europe,2000,Medium,Turf,Prix Carthage,France Galop,4,Local,,43.5855,1.4085
Toulouse,France,Europe,2000,Medium,Turf,Prix Nefta,France Galop,4,Local,,43.5855,1.4085
Toulouse,France,Europe,2000,Medium,Turf,Prix de l'Elevage,France Galop,4,Local,,43.5855,1.4085
Toulouse,France,Europe,1600,Mile,Turf,Prix Djelfor,France Galop,4,Local,,43.5855,1.4085
Toulouse,France,Europe,1200,Sprint,Turf,France Galop Toulouse 1200m Turf,France Galop,0,Non-Graded,,43.5855,1.4085
Toulouse,France,Europe,3200,Long,Turf,France Galop Toulouse 3200m Turf,France Galop,0,Non-Graded,,43.5855,1.4085
Vichy,France,Europe,2000,Medium,Turf,Grand Prix de Vichy,France Galop,3,G3,,46.1278,3.4267
Vichy,France,Europe,2400,Long,Turf,Prix Frédéric de Lagrange,France Galop,4,Local,,46.1278,3.4267
Vichy,France,Europe,2000,Medium,Turf,Prix Madame Jean Couturié,France Galop,4,Local,,46.1278,3.4267
Vichy,France,Europe,1400,Sprint,Turf,Prix des Jouvenceaux et des Jouvencelles,France Galop,4,Local,,46.1278,3.4267
Vichy,France,Europe,1000,Sprint,Turf,France Galop Vichy 1000m Turf,France Galop,0,Non-Graded,,46.1278,3.4267
Vichy,France,Europe,1600,Mile,Turf,France Galop Vichy 1600m Turf,France Galop,0,Non-Graded,,46.1278,3.4267
Vichy,France,Europe,1850,Medium,Turf,France Galop Vichy 1850m Turf,France Galop,0,Non-Graded,,46.1278,3.4267
Vichy,France,Europe,2800,Long,Turf,France Galop Vichy 2800m Turf,France Galop,0,Non-Graded,,46.1278,3.4267
Vichy,France,Europe,3100,Long,Turf,France Galop Vichy 3100m Turf,France Galop,0,Non-Graded,,46.1278,3.4267
Marseille-Borély,France,Europe,2000,Medium,Turf,Grand Prix de Marseille,France Galop,4,Local,,43.25778,5.37889
Marseille-Borély,France,Europe,1700,Mile,Turf,Prix Delahante,France Galop,4,Local,,43.25778,5.37889
Marseille-Borély,France,Europe,2000,Medium,Turf,La Coupe de Marseille,France Galop,4,Local,,43.25778,5.37889
Marseille-Borély,France,Europe,2000,Medium,Turf,Prix André Baboin,France Galop,4,Local,,43.25778,5.37889
Marseille-Borély,France,Europe,1200,Sprint,Turf,Prix de Vitesse,France Galop,4,Local,,43.25778,5.37889
Marseille-Borély,France,Europe,1000,Sprint,Turf,Prix des Glycines,France Galop,4,Local,,43.25778,5.37889
Marseille-Borély,France,Europe,2600,Long,Turf,Prix de Beaucaire,France Galop,4,Local,,43.25778,5.37889
Marseille-Borély,France,Europe,2600,Long,Turf,Prix de Tarascon,France Galop,4,Local,,43.25778,5.37889
Marseille-Borély,France,Europe,2000,Medium,Turf,Prix Henri Martin,France Galop,4,Local,,43.25778,5.37889
Marseille-Borély,France,Europe,1500,Mile,Turf,France Galop Marseille-Borély 1500m Turf,France Galop,0,Non-Graded,,43.25778,5.37889
Marseille-Borély,France,Europe,2100,Medium,Turf,France Galop Marseille-Borély 2100m Turf,France Galop,0,Non-Graded,,43.25778,5.37889
Cagnes-sur-Mer,France,Europe,2000,Medium,Synthetic,Grand Prix de la Riviera Côte d'Azur,France Galop,4,Local,,43.6488,7.1451
Cagnes-sur-Mer,France,Europe,2150,Medium,Turf,Grand Prix du Département 06,France Galop,4,Local,,43.6488,7.1451
Cagnes-sur-Mer,France,Europe,1600,Mile,Synthetic,Prix Saonois,France Galop,4,Local,,43.6488,7.1451
Cagnes-sur-Mer,France,Europe,1500,Mile,Turf,Prix de la Californie,France Galop,4,Local,,43.6488,7.1451
Cagnes-sur-Mer,France,Europe,2000,Medium,Turf,Prix Policeman,France Galop,4,Local,,43.6488,7.1451
Cagnes-sur-Mer,France,Europe,1500,Mile,Turf,Prix de Caucade,France Galop,4,Local,,43.6488,7.1451
Cagnes-sur-Mer,France,Europe,1600,Mile,Turf,Prix Jean-Grabriel Domergue,France Galop,4,Local,,43.6488,7.1451
Cagnes-sur-Mer,France,Europe,1300,Sprint,Turf,France Galop Cagnes-sur-Mer 1300m Turf,France Galop,0,Non-Graded,,43.6488,7.1451
Cagnes-sur-Mer,France,Europe,2400,Long,Turf,France Galop Cagnes-sur-Mer 2400m Turf,France Galop,0,Non-Graded,,43.6488,7.1451
Cagnes-sur-Mer,France,Europe,2500,Long,Turf,France Galop Cagnes-sur-Mer 2500m Turf,France Galop,0,Non-Graded,,43.6488,7.1451
Cagnes-sur-Mer,France,Europe,1300,Sprint,Synthetic,France Galop Cagnes-sur-Mer 1300m Synthetic,France Galop,0,Non-Graded,,43.6488,7.1451
Lyon-Parilly,France,Europe,2400,Long,Turf,Prix Bedel,France Galop,4,Local,,45.72203,4.90557
Lyon-Parilly,France,Europe,2400,Long,Turf,Grand Prix de Lyon,France Galop,4,Local,,45.72203,4.90557
Lyon-Parilly,France,Europe,2400,Long,Turf,Prix André Baboin,France Galop,4,Local,,45.72203,4.90557
Lyon-Parilly,France,Europe,2000,Medium,Turf,Prix André Baboin,France Galop,4,Local,,45.72203,4.90557
Lyon-Parilly,France,Europe,2000,Medium,Turf,Prix des Azalées,France Galop,4,Local,,45.72203,4.90557
Lyon-Parilly,France,Europe,2000,Medium,Turf,Prix des Salvias,France Galop,4,Local,,45.72203,4.90557
Lyon-Parilly,France,Europe,2400,Long,Turf,Grand Prix de Parilly,France Galop,4,Local,,45.72203,4.90557
Lyon-Parilly,France,Europe,2000,Medium,Turf,Prix du Cercle de l'Union,France Galop,4,Local,,45.72203,4.90557
Lyon-Parilly,France,Europe,2400,Long,Turf,Prix Gabriel Giraud,France Galop,4,Local,,45.72203,4.90557
Lyon-Parilly,France,Europe,1000,Sprint,Turf,France Galop Lyon-Parilly 1000m Turf,France Galop,0,Non-Graded,,45.72203,4.90557
Lyon-Parilly,France,Europe,1200,Sprint,Turf,France Galop Lyon-Parilly 1200m Turf,France Galop,0,Non-Graded,,45.72203,4.90557
Lyon-Parilly,France,Europe,1350,Sprint,Turf,France Galop Lyon-Parilly 1350m Turf,France Galop,0,Non-Graded,,45.72203,4.90557
Lyon-Parilly,France,Europe,1600,Mile,Turf,France Galop Lyon-Parilly 1600m Turf,France Galop,0,Non-Graded,,45.72203,4.90557
Lyon-Parilly,France,Europe,2600,Long,Turf,France Galop Lyon-Parilly 2600m Turf,France Galop,0,Non-Graded,,45.72203,4.90557
Lyon-Parilly,France,Europe,2800,Long,Turf,France Galop Lyon-Parilly 2800m Turf,France Galop,0,Non-Graded,,45.72203,4.90557
Lyon-Parilly,France,Europe,3150,Long,Turf,France Galop Lyon-Parilly 3150m Turf,France Galop,0,Non-Graded,,45.72203,4.90557
Lyon-Parilly,France,Europe,3400,Long,Turf,France Galop Lyon-Parilly 3400m Turf,France Galop,0,Non-Graded,,45.72203,4.90557
La Teste-de-Buch,France,Europe,1200,Sprint,Turf,Critérium du Béquet,France Galop,4,Local,,44.6311,-1.1482
La Teste-de-Buch,France,Europe,1600,Mile,Turf,Prix La Sorellina,France Galop,4,Local,,44.6311,-1.1482
La Teste-de-Buch,France,Europe,1600,Mile,Turf,Prix Millkom,France Galop,4,Local,,44.6311,-1.1482
La Teste-de-Buch,France,Europe,1900,Medium,Turf,Testa In Bogio Stakes,France Galop,4,Local,,44.6311,-1.1482
La Teste-de-Buch,France,Europe,2000,Medium,Turf,Testerines Handicap,France Galop,4,Local,,44.6311,-1.1482
La Teste-de-Buch,France,Europe,1100,Sprint,Turf,Société Hippique de Gabarret Stakes,France Galop,4,Local,,44.6311,-1.1482
La Teste-de-Buch,France,Europe,1000,Sprint,Turf,L'Appe Claiming Stakes,France Galop,4,Local,,44.6311,-1.1482
La Teste-de-Buch,France,Europe,1200,Sprint,Turf,Prix de la Société des Courses de Langon,France Galop,4,Local,,44.6311,-1.1482
La Teste-de-Buch,France,Europe,1400,Sprint,Turf,France Galop La Teste-de-Buch 1400m Turf,France Galop,0,Non-Graded,,44.6311,-1.1482
La Teste-de-Buch,France,Europe,1800,Mile,Turf,France Galop La Teste-de-Buch 1800m Turf,France Galop,0,Non-Graded,,44.6311,-1.1482
La Teste-de-Buch,France,Europe,2400,Long,Turf,France Galop La Teste-de-Buch 2400m Turf,France Galop,0,Non-Graded,,44.6311,-1.1482
La Teste-de-Buch,France,Europe,3000,Long,Turf,France Galop La Teste-de-Buch 3000m Turf,France Galop,0,Non-Graded,,44.6311,-1.1482
Compiègne,France,Europe,2000,Medium,Turf,Grand Prix de Compiègne,France Galop,4,Local,,49.41291,2.83909
Compiègne,France,Europe,1800,Mile,Turf,Prix de la Plaine du Putois,France Galop,4,Local,,49.41291,2.83909
Compiègne,France,Europe,2400,Long,Turf,Crepy-en-Valois Stakes,France Galop,4,Local,,49.41291,2.83909
Compiègne,France,Europe,2400,Long,Turf,De Tracy-le-Mont Stakes,France Galop,4,Local,,49.41291,2.83909
Compiègne,France,Europe,2800,Long,Turf,Prix du Grand Parc,France Galop,4,Local,,49.41291,2.83909
Compiègne,France,Europe,1600,Mile,Turf,De la Fontaine Roch Stakes,France Galop,4,Local,,49.41291,2.83909
Compiègne,France,Europe,1800,Mile,Turf,Des Gentlemen Handicap,France Galop,4,Local,,49.41291,2.83909
Compiègne,France,Europe,1400,Sprint,Turf,Des Neuf Fontaines Maiden Stakes,France Galop,4,Local,,49.41291,2.83909
Compiègne,France,Europe,1800,Mile,Turf,De Soissons Maiden Stakes,France Galop,4,Local,,49.41291,2.83909
Compiègne,France,Europe,1400,Sprint,Turf,Prix des Belles Demoiselles,France Galop,4,Local,,49.41291,2.83909
Compiègne,France,Europe,1400,Sprint,Turf,Prix Karakontie,France Galop,4,Local,,49.41291,2.83909
Compiègne,France,Europe,1400,Sprint,Turf,Prix des Hamadryades,France Galop,4,Local,,49.41291,2.83909
Fontainebleau,France,Europe,1600,Mile,Turf,Grand Prix de Fontainebleau,France Galop,4,Local,,48.404676,2.70162
Fontainebleau,France,Europe,1200,Sprint,Turf,Prix de l'Empereur Napoléon III,France Galop,4,Local,,48.404676,2.70162
Fontainebleau,France,Europe,2000,Medium,Turf,Prix de la Mare aux Fées,France Galop,4,Local,,48.404676,2.70162
Fontainebleau,France,Europe,2000,Medium,Turf,Prix des Pins,France Galop,4,Local,,48.404676,2.70162
Fontainebleau,France,Europe,2000,Medium,Turf,Prix de la Chapelle-la-Reine,France Galop,4,Local,,48.404676,2.70162
Fontainebleau,France,Europe,1800,Mile,Turf,Prix Maurice Caillault,France Galop,4,Local,,48.404676,2.70162
Fontainebleau,France,Europe,1100,Sprint,Turf,Prix Cor de Chasse,France Galop,4,Local,,48.404676,2.70162
Fontainebleau,France,Europe,1600,Mile,Turf,Prix Tantième,France Galop,4,Local,,48.404676,2.70162
Fontainebleau,France,Europe,2200,Medium,Turf,France Galop Fontainebleau 2200m Turf,France Galop,0,Non-Graded,,48.404676,2.70162
Fontainebleau,France,Europe,2600,Long,Turf,France Galop Fontainebleau 2600m Turf,France Galop,0,Non-Graded,,48.404676,2.70162
Fontainebleau,France,Europe,3000,Long,Turf,France Galop Fontainebleau 3000m Turf,France Galop,0,Non-Graded,,48.404676,2.70162
Nantes,France,Europe,1600,Mile,Turf,Prix du Petit Port,France Galop,4,Local,,47.248,-1.564
Nantes,France,Europe,2400,Long,Turf,Grand Prix de Nantes,France Galop,4,Local,,47.248,-1.564
Nantes,France,Europe,1600,Mile,Turf,Grand Prix Anjou Bretagne,France Galop,4,Local,,47.248,-1.564
Nantes,France,Europe,1600,Mile,Turf,Prix Passage Pommeraye,France Galop,4,Local,,47.248,-1.564
Nantes,France,Europe,2400,Long,Turf,Prix de la Tortière,France Galop,4,Local,,47.248,-1.564
Nantes,France,Europe,1600,Mile,Turf,Prix du Printemps,France Galop,4,Local,,47.248,-1.564
Nantes,France,Europe,1600,Mile,Turf,Prix de Treillières,France Galop,4,Local,,47.248,-1.564
Nantes,France,Europe,1400,Sprint,Turf,Prix Xavier Cebron De Lisle,France Galop,4,Local,,47.248,-1.564
Nantes,France,Europe,3100,Long,Turf,Prix de l'Ile Feydeau,France Galop,4,Local,,47.248,-1.564
Nantes,France,Europe,3100,Long,Turf,Du Petit Port Stakes,France Galop,4,Local,,47.248,-1.564
Bordeaux,France,Europe,1600,Mile,Turf,Prix du Hong Kong Jockey Club,France Galop,4,Local,,44.87161,-0.62586
Bordeaux,France,Europe,2400,Long,Turf,Grand Prix de Bordeaux,France Galop,4,Local,,44.87161,-0.62586
Bordeaux,France,Europe,1600,Mile,Turf,Prix Torrestrella,France Galop,4,Local,,44.87161,-0.62586
Bordeaux,France,Europe,1000,Sprint,Turf,Francis de Luze Stakes,France Galop,4,Local,,44.87161,-0.62586
Bordeaux,France,Europe,1900,Medium,Turf,Fernand et Didier Soubagne Maiden Stakes,France Galop,4,Local,,44.87161,-0.62586
Bordeaux,France,Europe,1200,Sprint,Turf,Burdigala Stakes,France Galop,4,Local,,44.87161,-0.62586
Bordeaux,France,Europe,1400,Sprint,Turf,B. Mareihac Claiming Stakes,France Galop,4,Local,,44.87161,-0.62586
Bordeaux,France,Europe,1400,Sprint,Turf,Du Tremblay Stakes,France Galop,4,Local,,44.87161,-0.62586
Bordeaux,France,Europe,1400,Sprint,Turf,Epinard et Bertrand du Vivier Stakes,France Galop,4,Local,,44.87161,-0.62586
Bordeaux,France,Europe,1900,Medium,Turf,Capeyron Handicap,France Galop,4,Local,,44.87161,-0.62586
Bordeaux,France,Europe,1600,Mile,Turf,Prix de l'Office du Tourisme de Bordeaux,France Galop,4,Local,,44.87161,-0.62586
Bordeaux,France,Europe,1900,Medium,Turf,Philante Stakes,France Galop,4,Local,,44.87161,-0.62586
Lyon-La Soie,France,Europe,2400,Long,Turf,Prix de Bonneterre,France Galop,4,Local,,45.76694,4.92151
Lyon-La Soie,France,Europe,2400,Long,Turf,Prix de la Doua,France Galop,4,Local,,45.76694,4.92151
Lyon-La Soie,France,Europe,2400,Long,Turf,Prix Ortolan,France Galop,4,Local,,45.76694,4.92151
Lyon-La Soie,France,Europe,1800,Mile,Turf,Prix de Cusset,France Galop,4,Local,,45.76694,4.92151
Lyon-La Soie,France,Europe,1800,Mile,Turf,Prix de Sans-Souci,France Galop,4,Local,,45.76694,4.92151
Lyon-La Soie,France,Europe,1800,Mile,Turf,Prix de Mermoz,France Galop,4,Local,,45.76694,4.92151
Lyon-La Soie,France,Europe,1800,Mile,Turf,Prix Pierre Froment,France Galop,4,Local,,45.76694,4.92151
Lyon-La Soie,France,Europe,1800,Mile,Turf,Prix Cerealiste,France Galop,4,Local,,45.76694,4.92151
Lyon-La Soie,France,Europe,1800,Mile,Synthetic,Tour Du Pin Stakes,France Galop,4,Local,,45.76694,4.92151
Lyon-La Soie,France,Europe,2150,Medium,Synthetic,Dardilly Handicap,France Galop,4,Local,,45.76694,4.92151
Lyon-La Soie,France,Europe,2150,Medium,Synthetic,Cloture Handicap,France Galop,4,Local,,45.76694,4.92151
Lyon-La Soie,France,Europe,2150,Medium,Synthetic,Tour Salvagny Handicap,France Galop,4,Local,,45.76694,4.92151
Lyon-La Soie,France,Europe,2150,Medium,Synthetic,Prix de Charly Handicap,France Galop,4,Local,,45.76694,4.92151
Lyon-La Soie,France,Europe,2150,Medium,Synthetic,Kandis Maiden Stakes,France Galop,4,Local,,45.76694,4.92151
Lyon-La Soie,France,Europe,2150,Medium,Synthetic,Prix de Vaise Handicap,France Galop,4,Local,,45.76694,4.92151
Lyon-La Soie,France,Europe,2150,Medium,Synthetic,Prix de Saint-Just Handicap,France Galop,4,Local,,45.76694,4.92151
Lyon-La Soie,France,Europe,2150,Medium,Synthetic,Point-du-Jour Stakes,France Galop,4,Local,,45.76694,4.92151
Lyon-La Soie,France,Europe,1700,Mile,Synthetic,Crocus Maiden Stakes,France Galop,4,Local,,45.76694,4.92151
Lyon-La Soie,France,Europe,1700,Mile,Synthetic,A. Nebon Carle Stakes,France Galop,4,Local,,45.76694,4.92151
Lyon-La Soie,France,Europe,2400,Long,Turf,Prix de Chaponost,France Galop,4,Local,,45.76694,4.92151
Lyon-La Soie,France,Europe,1800,Mile,Turf,Des Jeunes Stakes,France Galop,4,Local,,45.76694,4.92151
Lyon-La Soie,France,Europe,1800,Mile,Turf,Francheville Stakes,France Galop,4,Local,,45.76694,4.92151
Le Lion-d'Angers,France,Europe,2000,Medium,Turf,Prix Urban Sea,France Galop,4,Local,,47.62928,-0.70748
Le Lion-d'Angers,France,Europe,2000,Medium,Turf,Commercants Maiden Stakes,France Galop,4,Local,,47.62928,-0.70748
Le Lion-d'Angers,France,Europe,3000,Long,Turf,Vern D'anjou Maiden Stakes,France Galop,4,Local,,47.62928,-0.70748
Le Lion-d'Angers,France,Europe,2400,Long,Turf,Prix des Hippodromes Angevins,France Galop,4,Local,,47.62928,-0.70748
Le Lion-d'Angers,France,Europe,1400,Sprint,Turf,Societaires Claiming Stakes,France Galop,4,Local,,47.62928,-0.70748
Le Lion-d'Angers,France,Europe,2000,Medium,Turf,Grand Prix L D'angers Stakes,France Galop,4,Local,,47.62928,-0.70748
Le Lion-d'Angers,France,Europe,3000,Long,Turf,Prix du Dolmen,France Galop,4,Local,,47.62928,-0.70748
Le Lion-d'Angers,France,Europe,2000,Medium,Turf,Olivier Bourgeais Handicap,France Galop,4,Local,,47.62928,-0.70748
Le Lion-d'Angers,France,Europe,1400,Sprint,Turf,Prix Christian de Tredern,France Galop,4,Local,,47.62928,-0.70748
Châteaubriant,France,Europe,2000,Medium,Turf,Grand Prix de Châteaubriant,France Galop,4,Local,,47.71712,-1.37624
Châteaubriant,France,Europe,1100,Sprint,Turf,Prix Whipper,France Galop,4,Local,,47.71712,-1.37624
Châteaubriant,France,Europe,2200,Medium,Turf,Vieux Manoir Stakes,France Galop,4,Local,,47.71712,-1.37624
Châteaubriant,France,Europe,1950,Medium,Turf,Joseph Severe Maiden Stakes,France Galop,4,Local,,47.71712,-1.37624
Châteaubriant,France,Europe,1950,Medium,Turf,Pontet Handicap,France Galop,4,Local,,47.71712,-1.37624
Châteaubriant,France,Europe,2650,Long,Turf,Prix des Etoiles,France Galop,4,Local,,47.71712,-1.37624
Châteaubriant,France,Europe,2650,Long,Turf,Claude Gauthier Maiden Stakes,France Galop,4,Local,,47.71712,-1.37624
Châteaubriant,France,Europe,1100,Sprint,Turf,Maredsous Handicap,France Galop,4,Local,,47.71712,-1.37624
Châteaubriant,France,Europe,1950,Medium,Turf,L'avenir Claiming Stakes,France Galop,4,Local,,47.71712,-1.37624
Châteaubriant,France,Europe,1950,Medium,Turf,Treve Handicap,France Galop,4,Local,,47.71712,-1.37624
Châteaubriant,France,Europe,1950,Medium,Turf,Choisel Handicap,France Galop,4,Local,,47.71712,-1.37624
Châteaubriant,France,Europe,2650,Long,Turf,Prix de Parislongchamp,France Galop,4,Local,,47.71712,-1.37624
Châteaubriant,France,Europe,2650,Long,Turf,Guy Raynard Handicap,France Galop,4,Local,,47.71712,-1.37624
Grand Genève,France,Europe,2200,Medium,Turf,Prix du Pays de Gex,France Galop,4,Local,,46.355,6.155
Grand Genève,France,Europe,2850,Long,Turf,Prix du Pays de Gex,France Galop,4,Local,,46.355,6.155
Grand Genève,France,Europe,2650,Long,Turf,Prix du Pays de Gex,France Galop,4,Local,,46.355,6.155
Grand Genève,France,Europe,1900,Medium,Turf,Prix du Conseil Régional de Bourgogne,France Galop,4,Local,,46.355,6.155
Grand Genève,France,Europe,1600,Mile,Turf,Prix de Divonne-les-Bains,France Galop,4,Local,,46.355,6.155
Grand Genève,France,Europe,2100,Medium,Turf,Prix de Divonne-les-Bains,France Galop,4,Local,,46.355,6.155
Grand Genève,France,Europe,2600,Long,Turf,Prix de Divonne-les-Bains,France Galop,4,Local,,46.355,6.155
Grand Genève,France,Europe,1200,Sprint,Turf,France Galop Grand Genève 1200m Turf,France Galop,0,Non-Graded,,46.355,6.155
Grand Genève,France,Europe,1700,Mile,Turf,France Galop Grand Genève 1700m Turf,France Galop,0,Non-Graded,,46.355,6.155
Grand Genève,France,Europe,2000,Medium,Turf,France Galop Grand Genève 2000m Turf,France Galop,0,Non-Graded,,46.355,6.155
Grand Genève,France,Europe,2400,Long,Turf,France Galop Grand Genève 2400m Turf,France Galop,0,Non-Graded,,46.355,6.155
Madagui,Vietnam,Asia,1400,Sprint,Turf,Duxn9's Vietnam Memorial 2026 - Lobby 2,VNRA,1,G1,Duxn9's Vietnam Memorial 2026,11.42009611,107.5782535
Madagui,Vietnam,Asia,1400,Sprint,Turf,Duxn9's Formula 1 Trials - Lobby 4,VNRA,1,G1,Duxn9's Formula 1 Trials,11.42009611,107.5782535
Madagui,Vietnam,Asia,1600,Mile,Turf,TouchClub Tet Champions Cup 2026 - Group N,VNRA,1,G1,TouchClub Tet Champions Cup 2026,11.42009611,107.5782535
Madagui,Vietnam,Asia,1600,Mile,Turf,TouchClub Tet Champions Cup 2026 - Group Z,VNRA,1,G1,TouchClub Tet Champions Cup 2026,11.42009611,107.5782535
Madagui,Vietnam,Asia,1800,Mile,Turf,VNRA Madagui 1800m Turf,VNRA,1,G1,,11.42009611,107.5782535
Madagui,Vietnam,Asia,2000,Medium,Turf,VNRA Madagui 2000m Turf,VNRA,1,G1,,11.42009611,107.5782535
Madagui,Vietnam,Asia,2300,Medium,Turf,VNRA Madagui 2300m Turf,VNRA,1,G1,,11.42009611,107.5782535
Madagui,Vietnam,Asia,2400,Long,Turf,TouchClub Tet Champions Cup 2026 - Group D,VNRA,1,G1,TouchClub Tet Champions Cup 2026,11.42009611,107.5782535
Madagui,Vietnam,Asia,2400,Long,Turf,TouchClub Tet Champions Cup 2026 - Group F,VNRA,1,G1,TouchClub Tet Champions Cup 2026,11.42009611,107.5782535
Madagui,Vietnam,Asia,2400,Long,Turf,TouchClub Tet Champions Cup 2026 - Group B2,VNRA,1,G1,TouchClub Tet Champions Cup 2026,11.42009611,107.5782535
Madagui,Vietnam,Asia,2400,Long,Turf,TouchClub Tet Champions Cup 2026 - Group E2,VNRA,1,G1,TouchClub Tet Champions Cup 2026,11.42009611,107.5782535
Madagui,Vietnam,Asia,2500,Long,Turf,VNRA Madagui 2500m Turf,VNRA,1,G1,,11.42009611,107.5782535
Madagui,Vietnam,Asia,3400,Long,Turf,Duxn9's Vietnam Memorial 2026 - Lobby 8,VNRA,1,G1,Duxn9's Vietnam Memorial 2026,11.42009611,107.5782535
Madagui,Vietnam,Asia,3400,Long,Turf,Duxn9's Vietnam Memorial 2026 - Final,VNRA,1,G1,Duxn9's Vietnam Memorial 2026,11.42009611,107.5782535
Madagui,Vietnam,Asia,1300,Sprint,Dirt,VNRA Madagui 1300m Dirt,VNRA,1,G1,,11.42009611,107.5782535
Madagui,Vietnam,Asia,1400,Sprint,Dirt,VNRA Madagui 1400m Dirt,VNRA,1,G1,,11.42009611,107.5782535
Madagui,Vietnam,Asia,1600,Mile,Dirt,Duxn9's Formula 1 Trials - Lobby 3,VNRA,1,G1,Duxn9's Formula 1 Trials,11.42009611,107.5782535
Madagui,Vietnam,Asia,1600,Mile,Dirt,TouchClub Tet Champions Cup 2026 - Group G,VNRA,1,G1,TouchClub Tet Champions Cup 2026,11.42009611,107.5782535
Madagui,Vietnam,Asia,1600,Mile,Dirt,TouchClub Tet Champions Cup 2026 - Semifinal 2,VNRA,1,G1,TouchClub Tet Champions Cup 2026,11.42009611,107.5782535
Madagui,Vietnam,Asia,2100,Medium,Dirt,VNRA Madagui 2100m Dirt,VNRA,1,G1,,11.42009611,107.5782535
Madagui,Vietnam,Asia,2400,Long,Dirt,VNRA Madagui 2400m Dirt,VNRA,1,G1,,11.42009611,107.5782535
Phú Thọ,Vietnam,Asia,1200,Sprint,Turf,TouchClub Tet Champions Cup 2026 - Group C,VNRA,1,G1,TouchClub Tet Champions Cup 2026,10.76787396,106.6559196
Phú Thọ,Vietnam,Asia,1200,Sprint,Turf,TouchClub Tet Champions Cup 2026 - Group D2,VNRA,1,G1,TouchClub Tet Champions Cup 2026,10.76787396,106.6559196
Phú Thọ,Vietnam,Asia,1600,Mile,Turf,VNRA Phú Thọ 1600m Turf,VNRA,1,G1,,10.76787396,106.6559196
Phú Thọ,Vietnam,Asia,1800,Mile,Turf,VNRA Phú Thọ 1800m Turf,VNRA,1,G1,,10.76787396,106.6559196
Phú Thọ,Vietnam,Asia,2000,Medium,Turf,TouchClub Tet Champions Cup 2026 - Group A,VNRA,1,G1,TouchClub Tet Champions Cup 2026,10.76787396,106.6559196
Phú Thọ,Vietnam,Asia,2000,Medium,Turf,TouchClub Tet Champions Cup 2026 - Group Q,VNRA,1,G1,TouchClub Tet Champions Cup 2026,10.76787396,106.6559196
Phú Thọ,Vietnam,Asia,2000,Medium,Turf,TouchClub Tet Champions Cup 2026 - Group C2,VNRA,1,G1,TouchClub Tet Champions Cup 2026,10.76787396,106.6559196
Phú Thọ,Vietnam,Asia,2200,Medium,Turf,VNRA Phú Thọ 2200m Turf,VNRA,1,G1,,10.76787396,106.6559196
Phú Thọ,Vietnam,Asia,2500,Long,Turf,Duxn9's Formula 1 Trials - Final,VNRA,1,G1,Duxn9's Formula 1 Trials,10.76787396,106.6559196
Phú Thọ,Vietnam,Asia,3600,Long,Turf,Duxn9's Vietnam Memorial 2026 - Lobby 7,VNRA,1,G1,Duxn9's Vietnam Memorial 2026,10.76787396,106.6559196
Phú Thọ,Vietnam,Asia,1200,Sprint,Dirt,Duxn9's Vietnam Memorial 2026 - Lobby 5,VNRA,1,G1,Duxn9's Vietnam Memorial 2026,10.76787396,106.6559196
Phú Thọ,Vietnam,Asia,1800,Mile,Dirt,VNRA Phú Thọ 1800m Dirt,VNRA,1,G1,,10.76787396,106.6559196
Phú Thọ,Vietnam,Asia,2400,Long,Dirt,VNRA Phú Thọ 2400m Dirt,VNRA,1,G1,,10.76787396,106.6559196
Phú Thọ,Vietnam,Asia,2500,Long,Dirt,VNRA Phú Thọ 2500m Dirt,VNRA,1,G1,,10.76787396,106.6559196
Đại Nam,Vietnam,Asia,1000,Sprint,Turf,VNRA Đại Nam 1000m Turf,VNRA,1,G1,,11.03673777,106.6334031
Đại Nam,Vietnam,Asia,1300,Sprint,Turf,VNRA Đại Nam 1300m Turf,VNRA,1,G1,,11.03673777,106.6334031
Đại Nam,Vietnam,Asia,1400,Sprint,Turf,VNRA Đại Nam 1400m Turf,VNRA,1,G1,,11.03673777,106.6334031
Đại Nam,Vietnam,Asia,1600,Mile,Turf,VNRA Đại Nam 1600m Turf,VNRA,1,G1,,11.03673777,106.6334031
Đại Nam,Vietnam,Asia,1800,Mile,Turf,VNRA Đại Nam 1800m Turf,VNRA,1,G1,,11.03673777,106.6334031
Đại Nam,Vietnam,Asia,1850,Medium,Turf,VNRA Đại Nam 1850m Turf,VNRA,1,G1,,11.03673777,106.6334031
Đại Nam,Vietnam,Asia,1950,Medium,Turf,VNRA Đại Nam 1950m Turf,VNRA,1,G1,,11.03673777,106.6334031
Đại Nam,Vietnam,Asia,2000,Medium,Turf,VNRA Đại Nam 2000m Turf,VNRA,1,G1,,11.03673777,106.6334031
Đại Nam,Vietnam,Asia,2100,Medium,Turf,VNRA Đại Nam 2100m Turf,VNRA,1,G1,,11.03673777,106.6334031
Đại Nam,Vietnam,Asia,2200,Medium,Turf,VNRA Đại Nam 2200m Turf,VNRA,1,G1,,11.03673777,106.6334031
Đại Nam,Vietnam,Asia,2400,Long,Turf,Duxn9's Vietnam Memorial 2026 - Lobby 6,VNRA,1,G1,Duxn9's Vietnam Memorial 2026,11.03673777,106.6334031
Đại Nam,Vietnam,Asia,2400,Long,Turf,Duxn9's Vietnam Memorial 2026 - Lobby 9,VNRA,1,G1,Duxn9's Vietnam Memorial 2026,11.03673777,106.6334031
Đại Nam,Vietnam,Asia,2800,Long,Turf,VNRA Đại Nam 2800m Turf,VNRA,1,G1,,11.03673777,106.6334031
Đại Nam,Vietnam,Asia,3000,Long,Turf,VNRA Đại Nam 3000m Turf,VNRA,1,G1,,11.03673777,106.6334031
Đại Nam,Vietnam,Asia,3100,Long,Turf,VNRA Đại Nam 3100m Turf,VNRA,1,G1,,11.03673777,106.6334031
Đại Nam,Vietnam,Asia,4000,Long,Turf,VNRA Đại Nam 4000m Turf,VNRA,1,G1,,11.03673777,106.6334031
Gò Thì Thùng,Vietnam,Asia,1200,Sprint,Turf,TouchClub Tet Champions Cup 2026 - Group H,VNRA,1,G1,TouchClub Tet Champions Cup 2026,13.24812739,109.1174801
Gò Thì Thùng,Vietnam,Asia,1400,Sprint,Turf,VNRA Gò Thì Thùng 1400m Turf,VNRA,1,G1,,13.24812739,109.1174801
Gò Thì Thùng,Vietnam,Asia,1600,Mile,Turf,VNRA Gò Thì Thùng 1600m Turf,VNRA,1,G1,,13.24812739,109.1174801
Gò Thì Thùng,Vietnam,Asia,2000,Medium,Turf,VNRA Gò Thì Thùng 2000m Turf,VNRA,1,G1,,13.24812739,109.1174801
Gò Thì Thùng,Vietnam,Asia,2200,Medium,Turf,VNRA Gò Thì Thùng 2200m Turf,VNRA,1,G1,,13.24812739,109.1174801
Gò Thì Thùng,Vietnam,Asia,1200,Sprint,Dirt,VNRA Gò Thì Thùng 1200m Dirt,VNRA,1,G1,,13.24812739,109.1174801
Gò Thì Thùng,Vietnam,Asia,1400,Sprint,Dirt,Duxn9's Vietnam Memorial 2026 - Lobby 3,VNRA,1,G1,Duxn9's Vietnam Memorial 2026,13.24812739,109.1174801
Gò Thì Thùng,Vietnam,Asia,1800,Mile,Dirt,TouchClub Tet Champions Cup 2026 - Group P,VNRA,1,G1,TouchClub Tet Champions Cup 2026,13.24812739,109.1174801
Gò Thì Thùng,Vietnam,Asia,1900,Medium,Dirt,VNRA Gò Thì Thùng 1900m Dirt,VNRA,1,G1,,13.24812739,109.1174801
Bắc Hà,Vietnam,Asia,1200,Sprint,Turf,VNRA Bắc Hà 1200m Turf,VNRA,1,G1,,22.52188322,104.3091658
Bắc Hà,Vietnam,Asia,1500,Mile,Turf,Duxn9's Vietnam Memorial 2026 - Lobby 4,VNRA,1,G1,Duxn9's Vietnam Memorial 2026,22.52188322,104.3091658
Bắc Hà,Vietnam,Asia,1800,Mile,Turf,Duxn9's Vietnam Memorial 2026 - Lobby 1,VNRA,1,G1,Duxn9's Vietnam Memorial 2026,22.52188322,104.3091658
Bắc Hà,Vietnam,Asia,2000,Medium,Turf,VNRA Bắc Hà 2000m Turf,VNRA,1,G1,,22.52188322,104.3091658
Bắc Hà,Vietnam,Asia,2600,Long,Turf,VNRA Bắc Hà 2600m Turf,VNRA,1,G1,,22.52188322,104.3091658
Bắc Hà,Vietnam,Asia,1000,Sprint,Dirt,VNRA Bắc Hà 1000m Dirt,VNRA,1,G1,,22.52188322,104.3091658
Bắc Hà,Vietnam,Asia,1700,Mile,Dirt,VNRA Bắc Hà 1700m Dirt,VNRA,1,G1,,22.52188322,104.3091658
Bắc Hà,Vietnam,Asia,2400,Long,Dirt,VNRA Bắc Hà 2400m Dirt,VNRA,1,G1,,22.52188322,104.3091658
Vũ Yên,Vietnam,Asia,1200,Sprint,Turf,VNRA Vũ Yên 1200m Turf,VNRA,1,G1,,20.87355391,106.7278588
Vũ Yên,Vietnam,Asia,1400,Sprint,Turf,VNRA Vũ Yên 1400m Turf,VNRA,1,G1,,20.87355391,106.7278588
Vũ Yên,Vietnam,Asia,1600,Mile,Turf,TouchClub Tet Champions Cup 2026 - Group L,VNRA,1,G1,TouchClub Tet Champions Cup 2026,20.87355391,106.7278588
Vũ Yên,Vietnam,Asia,1800,Mile,Turf,VNRA Vũ Yên 1800m Turf,VNRA,1,G1,,20.87355391,106.7278588
Vũ Yên,Vietnam,Asia,2000,Medium,Turf,TouchClub Tet Champions Cup 2026 - Final,VNRA,1,G1,TouchClub Tet Champions Cup 2026,20.87355391,106.7278588
Vũ Yên,Vietnam,Asia,2200,Medium,Turf,TouchClub Tet Champions Cup 2026 - Group Y,VNRA,1,G1,TouchClub Tet Champions Cup 2026,20.87355391,106.7278588
Vũ Yên,Vietnam,Asia,2200,Medium,Turf,TouchClub Tet Champions Cup 2026 - Semifinal 1,VNRA,1,G1,TouchClub Tet Champions Cup 2026,20.87355391,106.7278588
Vũ Yên,Vietnam,Asia,2400,Long,Turf,VNRA Vũ Yên 2400m Turf,VNRA,1,G1,,20.87355391,106.7278588
Vũ Yên,Vietnam,Asia,3000,Long,Turf,TouchClub Tet Champions Cup 2026 - Group K,VNRA,1,G1,TouchClub Tet Champions Cup 2026,20.87355391,106.7278588
Vũ Yên,Vietnam,Asia,3000,Long,Turf,TouchClub Tet Champions Cup 2026 - Semifinal 3,VNRA,1,G1,TouchClub Tet Champions Cup 2026,20.87355391,106.7278588
Vũ Yên,Vietnam,Asia,3200,Long,Turf,Duxn9's Formula 1 Trials - Lobby 1,VNRA,1,G1,Duxn9's Formula 1 Trials,20.87355391,106.7278588
Vũ Yên,Vietnam,Asia,3200,Long,Turf,TouchClub Tet Champions Cup 2026 - Group I,VNRA,1,G1,TouchClub Tet Champions Cup 2026,20.87355391,106.7278588
Vũ Yên,Vietnam,Asia,1200,Sprint,Dirt,VNRA Vũ Yên 1200m Dirt,VNRA,1,G1,,20.87355391,106.7278588
Vũ Yên,Vietnam,Asia,1400,Sprint,Dirt,VNRA Vũ Yên 1400m Dirt,VNRA,1,G1,,20.87355391,106.7278588
Vũ Yên,Vietnam,Asia,1900,Medium,Dirt,VNRA Vũ Yên 1900m Dirt,VNRA,1,G1,,20.87355391,106.7278588
Hà Giang,Vietnam,Asia,1000,Sprint,Turf,VNRA Hà Giang 1000m Turf,VNRA,1,G1,,22.82762582,104.984162
Hà Giang,Vietnam,Asia,1200,Sprint,Turf,VNRA Hà Giang 1200m Turf,VNRA,1,G1,,22.82762582,104.984162
Hà Giang,Vietnam,Asia,1800,Mile,Turf,Duxn9's Formula 1 Trials - Lobby 2,VNRA,1,G1,Duxn9's Formula 1 Trials,22.82762582,104.984162
Hà Giang,Vietnam,Asia,2000,Medium,Turf,VNRA Hà Giang 2000m Turf,VNRA,1,G1,,22.82762582,104.984162
Hà Giang,Vietnam,Asia,2600,Long,Turf,VNRA Hà Giang 2600m Turf,VNRA,1,G1,,22.82762582,104.984162
Hà Giang,Vietnam,Asia,1000,Sprint,Dirt,VNRA Hà Giang 1000m Dirt,VNRA,1,G1,,22.82762582,104.984162
Hà Giang,Vietnam,Asia,1700,Mile,Dirt,VNRA Hà Giang 1700m Dirt,VNRA,1,G1,,22.82762582,104.984162
Hà Giang,Vietnam,Asia,2400,Long,Dirt,VNRA Hà Giang 2400m Dirt,VNRA,1,G1,,22.82762582,104.984162
Bắc Ninh,Vietnam,Asia,1200,Sprint,Dirt,TouchClub Tet Champions Cup 2026 - Group S,VNRA,1,G1,TouchClub Tet Champions Cup 2026,21.04883889,106.0791735
Bắc Ninh,Vietnam,Asia,1600,Mile,Dirt,VNRA Bắc Ninh 1600m Dirt,VNRA,1,G1,,21.04883889,106.0791735
Bắc Ninh,Vietnam,Asia,1700,Mile,Dirt,VNRA Bắc Ninh 1700m Dirt,VNRA,1,G1,,21.04883889,106.0791735
Bắc Ninh,Vietnam,Asia,1800,Mile,Dirt,TouchClub Tet Champions Cup 2026 - Group R,VNRA,1,G1,TouchClub Tet Champions Cup 2026,21.04883889,106.0791735
Bắc Ninh,Vietnam,Asia,1800,Mile,Dirt,TouchClub Tet Champions Cup 2026 - Group F2,VNRA,1,G1,TouchClub Tet Champions Cup 2026,21.04883889,106.0791735
Bắc Ninh,Vietnam,Asia,2000,Medium,Dirt,TouchClub Tet Champions Cup 2026 - Group B,VNRA,1,G1,TouchClub Tet Champions Cup 2026,21.04883889,106.0791735
Bắc Ninh,Vietnam,Asia,2000,Medium,Dirt,TouchClub Tet Champions Cup 2026 - Group G2,VNRA,1,G1,TouchClub Tet Champions Cup 2026,21.04883889,106.0791735
Bắc Ninh,Vietnam,Asia,2400,Long,Dirt,VNRA Bắc Ninh 2400m Dirt,VNRA,1,G1,,21.04883889,106.0791735
Sóc Sơn,Vietnam,Asia,1200,Sprint,Turf,VNRA Sóc Sơn 1200m Turf,VNRA,1,G1,,21.24122242,105.8479019
Sóc Sơn,Vietnam,Asia,1400,Sprint,Turf,VNRA Sóc Sơn 1400m Turf,VNRA,1,G1,,21.24122242,105.8479019
Sóc Sơn,Vietnam,Asia,1600,Mile,Turf,TouchClub Tet Champions Cup 2026 - Group E,VNRA,1,G1,TouchClub Tet Champions Cup 2026,21.24122242,105.8479019
Sóc Sơn,Vietnam,Asia,1600,Mile,Turf,TouchClub Tet Champions Cup 2026 - Group J,VNRA,1,G1,TouchClub Tet Champions Cup 2026,21.24122242,105.8479019
Sóc Sơn,Vietnam,Asia,1600,Mile,Turf,TouchClub Tet Champions Cup 2026 - Group M,VNRA,1,G1,TouchClub Tet Champions Cup 2026,21.24122242,105.8479019
Sóc Sơn,Vietnam,Asia,1600,Mile,Turf,TouchClub Tet Champions Cup 2026 - Group A2,VNRA,1,G1,TouchClub Tet Champions Cup 2026,21.24122242,105.8479019
Sóc Sơn,Vietnam,Asia,1800,Mile,Turf,VNRA Sóc Sơn 1800m Turf,VNRA,1,G1,,21.24122242,105.8479019
Sóc Sơn,Vietnam,Asia,2000,Medium,Turf,VNRA Sóc Sơn 2000m Turf,VNRA,1,G1,,21.24122242,105.8479019
Sóc Sơn,Vietnam,Asia,2200,Medium,Turf,VNRA Sóc Sơn 2200m Turf,VNRA,1,G1,,21.24122242,105.8479019
Sóc Sơn,Vietnam,Asia,2400,Long,Turf,VNRA Sóc Sơn 2400m Turf,VNRA,1,G1,,21.24122242,105.8479019
Sóc Sơn,Vietnam,Asia,2600,Long,Turf,VNRA Sóc Sơn 2600m Turf,VNRA,1,G1,,21.24122242,105.8479019
Sóc Sơn,Vietnam,Asia,3000,Long,Turf,VNRA Sóc Sơn 3000m Turf,VNRA,1,G1,,21.24122242,105.8479019
Sóc Sơn,Vietnam,Asia,1200,Sprint,Dirt,VNRA Sóc Sơn 1200m Dirt,VNRA,1,G1,,21.24122242,105.8479019
Sóc Sơn,Vietnam,Asia,1400,Sprint,Dirt,VNRA Sóc Sơn 1400m Dirt,VNRA,1,G1,,21.24122242,105.8479019
Sóc Sơn,Vietnam,Asia,1800,Mile,Dirt,VNRA Sóc Sơn 1800m Dirt,VNRA,1,G1,,21.24122242,105.8479019
Sóc Sơn,Vietnam,Asia,2000,Medium,Dirt,VNRA Sóc Sơn 2000m Dirt,VNRA,1,G1,,21.24122242,105.8479019
Sóc Sơn,Vietnam,Asia,3200,Long,Dirt,VNRA Sóc Sơn 3200m Dirt,VNRA,1,G1,,21.24122242,105.8479019
SVĐ Trống Đồng,Vietnam,Asia,1000,Sprint,Turf,AceStudio SVĐ Trống Đồng 1000m Turf,AceStudio,1,G1,,20.84948119,105.8311183
SVĐ Trống Đồng,Vietnam,Asia,1200,Sprint,Turf,AceStudio SVĐ Trống Đồng 1200m Turf,AceStudio,1,G1,,20.84948119,105.8311183
SVĐ Trống Đồng,Vietnam,Asia,1400,Sprint,Turf,AceStudio SVĐ Trống Đồng 1400m Turf,AceStudio,1,G1,,20.84948119,105.8311183
SVĐ Trống Đồng,Vietnam,Asia,1600,Mile,Turf,AceStudio SVĐ Trống Đồng 1600m Turf,AceStudio,1,G1,,20.84948119,105.8311183
SVĐ Trống Đồng,Vietnam,Asia,1800,Mile,Turf,AceStudio SVĐ Trống Đồng 1800m Turf,AceStudio,1,G1,,20.84948119,105.8311183
SVĐ Trống Đồng,Vietnam,Asia,2000,Medium,Turf,AceStudio SVĐ Trống Đồng 2000m Turf,AceStudio,1,G1,,20.84948119,105.8311183
SVĐ Trống Đồng,Vietnam,Asia,2200,Medium,Turf,AceStudio SVĐ Trống Đồng 2200m Turf,AceStudio,1,G1,,20.84948119,105.8311183
SVĐ Trống Đồng,Vietnam,Asia,2500,Long,Turf,AceStudio SVĐ Trống Đồng 2500m Turf,AceStudio,1,G1,,20.84948119,105.8311183
SVĐ Trống Đồng,Vietnam,Asia,2600,Long,Turf,AceStudio SVĐ Trống Đồng 2600m Turf,AceStudio,1,G1,,20.84948119,105.8311183
SVĐ Trống Đồng,Vietnam,Asia,2985,Long,Turf,AceStudio SVĐ Trống Đồng 2985m Turf,AceStudio,1,G1,,20.84948119,105.8311183
SVĐ Trống Đồng,Vietnam,Asia,3600,Long,Turf,AceStudio SVĐ Trống Đồng 3600m Turf,AceStudio,1,G1,,20.84948119,105.8311183
SVĐ Trống Đồng,Vietnam,Asia,4000,Long,Turf,AceStudio SVĐ Trống Đồng 4000m Turf,AceStudio,1,G1,,20.84948119,105.8311183
SVĐ Trống Đồng,Vietnam,Asia,1000,Sprint,Dirt,AceStudio SVĐ Trống Đồng 1000m Dirt,AceStudio,1,G1,,20.84948119,105.8311183
SVĐ Trống Đồng,Vietnam,Asia,1200,Sprint,Dirt,AceStudio SVĐ Trống Đồng 1200m Dirt,AceStudio,1,G1,,20.84948119,105.8311183
SVĐ Trống Đồng,Vietnam,Asia,1400,Sprint,Dirt,AceStudio SVĐ Trống Đồng 1400m Dirt,AceStudio,1,G1,,20.84948119,105.8311183
SVĐ Trống Đồng,Vietnam,Asia,1600,Mile,Dirt,AceStudio SVĐ Trống Đồng 1600m Dirt,AceStudio,1,G1,,20.84948119,105.8311183
SVĐ Trống Đồng,Vietnam,Asia,1800,Mile,Dirt,AceStudio SVĐ Trống Đồng 1800m Dirt,AceStudio,1,G1,,20.84948119,105.8311183
SVĐ Trống Đồng,Vietnam,Asia,2000,Medium,Dirt,AceStudio SVĐ Trống Đồng 2000m Dirt,AceStudio,1,G1,,20.84948119,105.8311183
SVĐ Trống Đồng,Vietnam,Asia,2200,Medium,Dirt,AceStudio SVĐ Trống Đồng 2200m Dirt,AceStudio,1,G1,,20.84948119,105.8311183
SVĐ Trống Đồng,Vietnam,Asia,2400,Long,Dirt,AceStudio SVĐ Trống Đồng 2400m Dirt,AceStudio,1,G1,,20.84948119,105.8311183
SVĐ Trống Đồng,Vietnam,Asia,2500,Long,Dirt,AceStudio SVĐ Trống Đồng 2500m Dirt,AceStudio,1,G1,,20.84948119,105.8311183
SVĐ Trống Đồng,Vietnam,Asia,2985,Long,Dirt,AceStudio SVĐ Trống Đồng 2985m Dirt,AceStudio,1,G1,,20.84948119,105.8311183
Hoàn Kiếm (KH),Vietnam,Asia,1400,Sprint,Turf,AceStudio Hoàn Kiếm (KH) 1400m Turf,AceStudio,1,G1,,21.02800186,105.852521
Hoàn Kiếm (KH),Vietnam,Asia,1600,Mile,Turf,AceStudio Hoàn Kiếm (KH) 1600m Turf,AceStudio,1,G1,,21.02800186,105.852521
Hoàn Kiếm (KH),Vietnam,Asia,1800,Mile,Turf,AceStudio Hoàn Kiếm (KH) 1800m Turf,AceStudio,1,G1,,21.02800186,105.852521
Hoàn Kiếm (KH),Vietnam,Asia,2000,Medium,Turf,AceStudio Hoàn Kiếm (KH) 2000m Turf,AceStudio,1,G1,,21.02800186,105.852521
Hoàn Kiếm (KH),Vietnam,Asia,2300,Medium,Turf,AceStudio Hoàn Kiếm (KH) 2300m Turf,AceStudio,1,G1,,21.02800186,105.852521
Hoàn Kiếm (KH),Vietnam,Asia,2400,Long,Turf,AceStudio Hoàn Kiếm (KH) 2400m Turf,AceStudio,1,G1,,21.02800186,105.852521
Hoàn Kiếm (KH),Vietnam,Asia,2500,Long,Turf,AceStudio Hoàn Kiếm (KH) 2500m Turf,AceStudio,1,G1,,21.02800186,105.852521
Hoàn Kiếm (KH),Vietnam,Asia,3400,Long,Turf,AceStudio Hoàn Kiếm (KH) 3400m Turf,AceStudio,1,G1,,21.02800186,105.852521
Hoàn Kiếm (KH),Vietnam,Asia,1300,Sprint,Dirt,AceStudio Hoàn Kiếm (KH) 1300m Dirt,AceStudio,1,G1,,21.02800186,105.852521
Hoàn Kiếm (KH),Vietnam,Asia,1400,Sprint,Dirt,AceStudio Hoàn Kiếm (KH) 1400m Dirt,AceStudio,1,G1,,21.02800186,105.852521
Hoàn Kiếm (KH),Vietnam,Asia,1600,Mile,Dirt,AceStudio Hoàn Kiếm (KH) 1600m Dirt,AceStudio,1,G1,,21.02800186,105.852521
Hoàn Kiếm (KH),Vietnam,Asia,2100,Medium,Dirt,AceStudio Hoàn Kiếm (KH) 2100m Dirt,AceStudio,1,G1,,21.02800186,105.852521
Hoàn Kiếm (KH),Vietnam,Asia,2400,Long,Dirt,AceStudio Hoàn Kiếm (KH) 2400m Dirt,AceStudio,1,G1,,21.02800186,105.852521
Quan Lạn,Vietnam,Asia,1000,Sprint,Turf,AceStudio Quan Lạn 1000m Turf,AceStudio,1,G1,,20.86964631,107.4862732
Quan Lạn,Vietnam,Asia,1300,Sprint,Turf,AceStudio Quan Lạn 1300m Turf,AceStudio,1,G1,,20.86964631,107.4862732
Quan Lạn,Vietnam,Asia,1400,Sprint,Turf,AceStudio Quan Lạn 1400m Turf,AceStudio,1,G1,,20.86964631,107.4862732
Quan Lạn,Vietnam,Asia,1500,Mile,Turf,AceStudio Quan Lạn 1500m Turf,AceStudio,1,G1,,20.86964631,107.4862732
Quan Lạn,Vietnam,Asia,1600,Mile,Turf,AceStudio Quan Lạn 1600m Turf,AceStudio,1,G1,,20.86964631,107.4862732
Quan Lạn,Vietnam,Asia,1670,Mile,Turf,AceStudio Quan Lạn 1670m Turf,AceStudio,1,G1,,20.86964631,107.4862732
Quan Lạn,Vietnam,Asia,1700,Mile,Turf,AceStudio Quan Lạn 1700m Turf,AceStudio,1,G1,,20.86964631,107.4862732
Quan Lạn,Vietnam,Asia,1800,Mile,Turf,AceStudio Quan Lạn 1800m Turf,AceStudio,1,G1,,20.86964631,107.4862732
Quan Lạn,Vietnam,Asia,1900,Medium,Turf,AceStudio Quan Lạn 1900m Turf,AceStudio,1,G1,,20.86964631,107.4862732
Quan Lạn,Vietnam,Asia,2200,Medium,Turf,AceStudio Quan Lạn 2200m Turf,AceStudio,1,G1,,20.86964631,107.4862732
Quan Lạn,Vietnam,Asia,2400,Long,Turf,AceStudio Quan Lạn 2400m Turf,AceStudio,1,G1,,20.86964631,107.4862732
Quan Lạn,Vietnam,Asia,3200,Long,Turf,AceStudio Quan Lạn 3200m Turf,AceStudio,1,G1,,20.86964631,107.4862732
Quan Lạn,Vietnam,Asia,1000,Sprint,Dirt,AceStudio Quan Lạn 1000m Dirt,AceStudio,1,G1,,20.86964631,107.4862732
Quan Lạn,Vietnam,Asia,1100,Sprint,Dirt,AceStudio Quan Lạn 1100m Dirt,AceStudio,1,G1,,20.86964631,107.4862732
Quan Lạn,Vietnam,Asia,1200,Sprint,Dirt,AceStudio Quan Lạn 1200m Dirt,AceStudio,1,G1,,20.86964631,107.4862732
Quan Lạn,Vietnam,Asia,1300,Sprint,Dirt,AceStudio Quan Lạn 1300m Dirt,AceStudio,1,G1,,20.86964631,107.4862732
Quan Lạn,Vietnam,Asia,1400,Sprint,Dirt,AceStudio Quan Lạn 1400m Dirt,AceStudio,1,G1,,20.86964631,107.4862732
Quan Lạn,Vietnam,Asia,1600,Mile,Dirt,AceStudio Quan Lạn 1600m Dirt,AceStudio,1,G1,,20.86964631,107.4862732
Quan Lạn,Vietnam,Asia,1700,Mile,Dirt,AceStudio Quan Lạn 1700m Dirt,AceStudio,1,G1,,20.86964631,107.4862732
Quan Lạn,Vietnam,Asia,1800,Mile,Dirt,AceStudio Quan Lạn 1800m Dirt,AceStudio,1,G1,,20.86964631,107.4862732
Quan Lạn,Vietnam,Asia,1000,Sprint,Synthetic,AceStudio Quan Lạn 1000m Synthetic,AceStudio,1,G1,,20.86964631,107.4862732
Quan Lạn,Vietnam,Asia,1100,Sprint,Synthetic,AceStudio Quan Lạn 1100m Synthetic,AceStudio,1,G1,,20.86964631,107.4862732
Quan Lạn,Vietnam,Asia,1500,Mile,Synthetic,AceStudio Quan Lạn 1500m Synthetic,AceStudio,1,G1,,20.86964631,107.4862732
Quan Lạn,Vietnam,Asia,1600,Mile,Synthetic,AceStudio Quan Lạn 1600m Synthetic,AceStudio,1,G1,,20.86964631,107.4862732
Quan Lạn,Vietnam,Asia,1670,Mile,Synthetic,AceStudio Quan Lạn 1670m Synthetic,AceStudio,1,G1,,20.86964631,107.4862732
Quan Lạn,Vietnam,Asia,1700,Mile,Synthetic,AceStudio Quan Lạn 1700m Synthetic,AceStudio,1,G1,,20.86964631,107.4862732
Quan Lạn,Vietnam,Asia,1800,Mile,Synthetic,AceStudio Quan Lạn 1800m Synthetic,AceStudio,1,G1,,20.86964631,107.4862732
Quan Lạn,Vietnam,Asia,1900,Medium,Synthetic,AceStudio Quan Lạn 1900m Synthetic,AceStudio,1,G1,,20.86964631,107.4862732
Giơ-ne-vơ,Vietnam,Asia,1000,Sprint,Turf,AceStudio Giơ-ne-vơ 1000m Turf,AceStudio,1,G1,,21.02420228,105.849192
Giơ-ne-vơ,Vietnam,Asia,1300,Sprint,Turf,AceStudio Giơ-ne-vơ 1300m Turf,AceStudio,1,G1,,21.02420228,105.849192
Giơ-ne-vơ,Vietnam,Asia,1600,Mile,Turf,AceStudio Giơ-ne-vơ 1600m Turf,AceStudio,1,G1,,21.02420228,105.849192
Giơ-ne-vơ,Vietnam,Asia,1700,Mile,Turf,AceStudio Giơ-ne-vơ 1700m Turf,AceStudio,1,G1,,21.02420228,105.849192
Giơ-ne-vơ,Vietnam,Asia,1800,Mile,Turf,AceStudio Giơ-ne-vơ 1800m Turf,AceStudio,1,G1,,21.02420228,105.849192
Giơ-ne-vơ,Vietnam,Asia,2000,Medium,Turf,AceStudio Giơ-ne-vơ 2000m Turf,AceStudio,1,G1,,21.02420228,105.849192
Giơ-ne-vơ,Vietnam,Asia,2700,Long,Turf,AceStudio Giơ-ne-vơ 2700m Turf,AceStudio,1,G1,,21.02420228,105.849192
Giơ-ne-vơ,Vietnam,Asia,1000,Sprint,Dirt,AceStudio Giơ-ne-vơ 1000m Dirt,AceStudio,1,G1,,21.02420228,105.849192
Giơ-ne-vơ,Vietnam,Asia,1200,Sprint,Dirt,AceStudio Giơ-ne-vơ 1200m Dirt,AceStudio,1,G1,,21.02420228,105.849192
Giơ-ne-vơ,Vietnam,Asia,1300,Sprint,Dirt,AceStudio Giơ-ne-vơ 1300m Dirt,AceStudio,1,G1,,21.02420228,105.849192
Giơ-ne-vơ,Vietnam,Asia,1600,Mile,Dirt,AceStudio Giơ-ne-vơ 1600m Dirt,AceStudio,1,G1,,21.02420228,105.849192
Giơ-ne-vơ,Vietnam,Asia,1800,Mile,Dirt,AceStudio Giơ-ne-vơ 1800m Dirt,AceStudio,1,G1,,21.02420228,105.849192
Giơ-ne-vơ,Vietnam,Asia,2000,Medium,Dirt,AceStudio Giơ-ne-vơ 2000m Dirt,AceStudio,1,G1,,21.02420228,105.849192
Giơ-ne-vơ,Vietnam,Asia,2700,Long,Dirt,AceStudio Giơ-ne-vơ 2700m Dirt,AceStudio,1,G1,,21.02420228,105.849192
Đà Rằng,Vietnam,Asia,1000,Sprint,Turf,AceStudio Đà Rằng 1000m Turf,AceStudio,1,G1,,13.07202763,109.3015209
Đà Rằng,Vietnam,Asia,1200,Sprint,Turf,AceStudio Đà Rằng 1200m Turf,AceStudio,1,G1,,13.07202763,109.3015209
Đà Rằng,Vietnam,Asia,1400,Sprint,Turf,AceStudio Đà Rằng 1400m Turf,AceStudio,1,G1,,13.07202763,109.3015209
Đà Rằng,Vietnam,Asia,1600,Mile,Turf,AceStudio Đà Rằng 1600m Turf,AceStudio,1,G1,,13.07202763,109.3015209
Đà Rằng,Vietnam,Asia,2000,Medium,Turf,AceStudio Đà Rằng 2000m Turf,AceStudio,1,G1,,13.07202763,109.3015209
Đà Rằng,Vietnam,Asia,2200,Medium,Turf,AceStudio Đà Rằng 2200m Turf,AceStudio,1,G1,,13.07202763,109.3015209
Đà Rằng,Vietnam,Asia,2400,Long,Turf,AceStudio Đà Rằng 2400m Turf,AceStudio,1,G1,,13.07202763,109.3015209
Đà Rằng,Vietnam,Asia,2900,Long,Turf,AceStudio Đà Rằng 2900m Turf,AceStudio,1,G1,,13.07202763,109.3015209
Đà Rằng,Vietnam,Asia,3000,Long,Turf,AceStudio Đà Rằng 3000m Turf,AceStudio,1,G1,,13.07202763,109.3015209
Đà Rằng,Vietnam,Asia,3200,Long,Turf,AceStudio Đà Rằng 3200m Turf,AceStudio,1,G1,,13.07202763,109.3015209
Đà Rằng,Vietnam,Asia,3600,Long,Turf,AceStudio Đà Rằng 3600m Turf,AceStudio,1,G1,,13.07202763,109.3015209
Đà Rằng,Vietnam,Asia,3700,Long,Turf,AceStudio Đà Rằng 3700m Turf,AceStudio,1,G1,,13.07202763,109.3015209
Đà Rằng,Vietnam,Asia,1000,Sprint,Dirt,AceStudio Đà Rằng 1000m Dirt,AceStudio,1,G1,,13.07202763,109.3015209
Đà Rằng,Vietnam,Asia,1200,Sprint,Dirt,AceStudio Đà Rằng 1200m Dirt,AceStudio,1,G1,,13.07202763,109.3015209
Đà Rằng,Vietnam,Asia,1400,Sprint,Dirt,AceStudio Đà Rằng 1400m Dirt,AceStudio,1,G1,,13.07202763,109.3015209
Đà Rằng,Vietnam,Asia,1600,Mile,Dirt,AceStudio Đà Rằng 1600m Dirt,AceStudio,1,G1,,13.07202763,109.3015209
Đà Rằng,Vietnam,Asia,2000,Medium,Dirt,AceStudio Đà Rằng 2000m Dirt,AceStudio,1,G1,,13.07202763,109.3015209
Đà Rằng,Vietnam,Asia,2200,Medium,Dirt,AceStudio Đà Rằng 2200m Dirt,AceStudio,1,G1,,13.07202763,109.3015209
Đà Rằng,Vietnam,Asia,2400,Long,Dirt,AceStudio Đà Rằng 2400m Dirt,AceStudio,1,G1,,13.07202763,109.3015209
Đà Rằng,Vietnam,Asia,3000,Long,Dirt,AceStudio Đà Rằng 3000m Dirt,AceStudio,1,G1,,13.07202763,109.3015209
Công viên nước trong nhà,Vietnam,Asia,1000,Sprint,Turf,AceStudio Công viên nước trong nhà 1000m Turf,AceStudio,1,G1,,10.76909513,106.6356098
Công viên nước trong nhà,Vietnam,Asia,1100,Sprint,Turf,AceStudio Công viên nước trong nhà 1100m Turf,AceStudio,1,G1,,10.76909513,106.6356098
Công viên nước trong nhà,Vietnam,Asia,1200,Sprint,Turf,AceStudio Công viên nước trong nhà 1200m Turf,AceStudio,1,G1,,10.76909513,106.6356098
Công viên nước trong nhà,Vietnam,Asia,1300,Sprint,Turf,AceStudio Công viên nước trong nhà 1300m Turf,AceStudio,1,G1,,10.76909513,106.6356098
Công viên nước trong nhà,Vietnam,Asia,1400,Sprint,Turf,AceStudio Công viên nước trong nhà 1400m Turf,AceStudio,1,G1,,10.76909513,106.6356098
Công viên nước trong nhà,Vietnam,Asia,1600,Mile,Turf,AceStudio Công viên nước trong nhà 1600m Turf,AceStudio,1,G1,,10.76909513,106.6356098
Công viên nước trong nhà,Vietnam,Asia,1700,Mile,Turf,AceStudio Công viên nước trong nhà 1700m Turf,AceStudio,1,G1,,10.76909513,106.6356098
Công viên nước trong nhà,Vietnam,Asia,1800,Mile,Turf,AceStudio Công viên nước trong nhà 1800m Turf,AceStudio,1,G1,,10.76909513,106.6356098
Công viên nước trong nhà,Vietnam,Asia,2000,Medium,Turf,AceStudio Công viên nước trong nhà 2000m Turf,AceStudio,1,G1,,10.76909513,106.6356098
Công viên nước trong nhà,Vietnam,Asia,2200,Medium,Turf,AceStudio Công viên nước trong nhà 2200m Turf,AceStudio,1,G1,,10.76909513,106.6356098
Công viên nước trong nhà,Vietnam,Asia,2400,Long,Turf,AceStudio Công viên nước trong nhà 2400m Turf,AceStudio,1,G1,,10.76909513,106.6356098
Công viên nước trong nhà,Vietnam,Asia,2600,Long,Turf,AceStudio Công viên nước trong nhà 2600m Turf,AceStudio,1,G1,,10.76909513,106.6356098
Công viên nước trong nhà,Vietnam,Asia,3200,Long,Turf,AceStudio Công viên nước trong nhà 3200m Turf,AceStudio,1,G1,,10.76909513,106.6356098
Công viên nước trong nhà,Vietnam,Asia,3600,Long,Turf,AceStudio Công viên nước trong nhà 3600m Turf,AceStudio,1,G1,,10.76909513,106.6356098
Công viên nước trong nhà,Vietnam,Asia,1000,Sprint,Dirt,AceStudio Công viên nước trong nhà 1000m Dirt,AceStudio,1,G1,,10.76909513,106.6356098
Công viên nước trong nhà,Vietnam,Asia,1100,Sprint,Dirt,AceStudio Công viên nước trong nhà 1100m Dirt,AceStudio,1,G1,,10.76909513,106.6356098
Công viên nước trong nhà,Vietnam,Asia,1200,Sprint,Dirt,AceStudio Công viên nước trong nhà 1200m Dirt,AceStudio,1,G1,,10.76909513,106.6356098
Công viên nước trong nhà,Vietnam,Asia,1300,Sprint,Dirt,AceStudio Công viên nước trong nhà 1300m Dirt,AceStudio,1,G1,,10.76909513,106.6356098
Công viên nước trong nhà,Vietnam,Asia,1400,Sprint,Dirt,AceStudio Công viên nước trong nhà 1400m Dirt,AceStudio,1,G1,,10.76909513,106.6356098
Công viên nước trong nhà,Vietnam,Asia,1600,Mile,Dirt,AceStudio Công viên nước trong nhà 1600m Dirt,AceStudio,1,G1,,10.76909513,106.6356098
Công viên nước trong nhà,Vietnam,Asia,1700,Mile,Dirt,AceStudio Công viên nước trong nhà 1700m Dirt,AceStudio,1,G1,,10.76909513,106.6356098
Công viên nước trong nhà,Vietnam,Asia,1800,Mile,Dirt,AceStudio Công viên nước trong nhà 1800m Dirt,AceStudio,1,G1,,10.76909513,106.6356098
Công viên nước trong nhà,Vietnam,Asia,2000,Medium,Dirt,AceStudio Công viên nước trong nhà 2000m Dirt,AceStudio,1,G1,,10.76909513,106.6356098
Công viên nước trong nhà,Vietnam,Asia,2200,Medium,Dirt,AceStudio Công viên nước trong nhà 2200m Dirt,AceStudio,1,G1,,10.76909513,106.6356098
Công viên nước trong nhà,Vietnam,Asia,2400,Long,Dirt,AceStudio Công viên nước trong nhà 2400m Dirt,AceStudio,1,G1,,10.76909513,106.6356098
TBN ở châu Mỹ,Vietnam,Asia,1600,Mile,Turf,AceStudio TBN ở châu Mỹ 1600m Turf,AceStudio,1,G1,,10.78517758,106.6977107
TBN ở châu Mỹ,Vietnam,Asia,2100,Medium,Turf,AceStudio TBN ở châu Mỹ 2100m Turf,AceStudio,1,G1,,10.78517758,106.6977107
TBN ở châu Mỹ,Vietnam,Asia,2400,Long,Turf,AceStudio TBN ở châu Mỹ 2400m Turf,AceStudio,1,G1,,10.78517758,106.6977107
TBN ở châu Mỹ,Vietnam,Asia,2500,Long,Turf,AceStudio TBN ở châu Mỹ 2500m Turf,AceStudio,1,G1,,10.78517758,106.6977107
TBN ở châu Mỹ,Vietnam,Asia,2800,Long,Turf,AceStudio TBN ở châu Mỹ 2800m Turf,AceStudio,1,G1,,10.78517758,106.6977107
TBN ở châu Mỹ,Vietnam,Asia,1600,Mile,Dirt,AceStudio TBN ở châu Mỹ 1600m Dirt,AceStudio,1,G1,,10.78517758,106.6977107
TBN ở châu Mỹ,Vietnam,Asia,2100,Medium,Dirt,AceStudio TBN ở châu Mỹ 2100m Dirt,AceStudio,1,G1,,10.78517758,106.6977107
TBN ở châu Mỹ,Vietnam,Asia,2400,Long,Dirt,AceStudio TBN ở châu Mỹ 2400m Dirt,AceStudio,1,G1,,10.78517758,106.6977107
TBN ở châu Mỹ,Vietnam,Asia,2500,Long,Dirt,AceStudio TBN ở châu Mỹ 2500m Dirt,AceStudio,1,G1,,10.78517758,106.6977107
TBN ở châu Mỹ,Vietnam,Asia,2800,Long,Dirt,AceStudio TBN ở châu Mỹ 2800m Dirt,AceStudio,1,G1,,10.78517758,106.6977107
Argentino de Palermo,Argentina,South America,2200,Medium,Turf,Gran Premio Gilberto Lerena,HAPSA,1,G1,,-34.5669,-58.4252
Argentino de Palermo,Argentina,South America,2000,Medium,Dirt,Gran Premio de Honor,HAPSA,1,G1,,-34.5669,-58.4252
Argentino de Palermo,Argentina,South America,1500,Mile,Dirt,Gran Premio Jorge de Atucha,HAPSA,1,G1,,-34.5669,-58.4252
Argentino de Palermo,Argentina,South America,1500,Mile,Dirt,Gran Premio Montevideo,HAPSA,1,G1,,-34.5669,-58.4252
Argentino de Palermo,Argentina,South America,1000,Sprint,Dirt,Gran Premio Ciudad de Buenos Aires,HAPSA,1,G1,,-34.5669,-58.4252
Argentino de Palermo,Argentina,South America,1600,Mile,Dirt,Gran Premio de Las Américas - OSAF,HAPSA,1,G1,,-34.5669,-58.4252
Argentino de Palermo,Argentina,South America,2000,Medium,Dirt,Gran Premio Criadores,HAPSA,1,G1,,-34.5669,-58.4252
Argentino de Palermo,Argentina,South America,2000,Medium,Dirt,Gran Premio República Argentina,HAPSA,1,G1,,-34.5669,-58.4252
Argentino de Palermo,Argentina,South America,1600,Mile,Dirt,Gran Premio Estrellas Juvenile Fillies,HAPSA,1,G1,Argentina Gran Premio Estrellas,-34.5669,-58.4252
Argentino de Palermo,Argentina,South America,1600,Mile,Dirt,Gran Premio Estrellas Juvenile,HAPSA,1,G1,Argentina Gran Premio Estrellas,-34.5669,-58.4252
Argentino de Palermo,Argentina,South America,1000,Sprint,Dirt,Gran Premio Estrellas Sprint,HAPSA,1,G1,Argentina Gran Premio Estrellas,-34.5669,-58.4252
Argentino de Palermo,Argentina,South America,1600,Mile,Dirt,Gran Premio Estrellas Mile,HAPSA,1,G1,Argentina Gran Premio Estrellas,-34.5669,-58.4252
Argentino de Palermo,Argentina,South America,2000,Medium,Dirt,Gran Premio Estrellas Classic,HAPSA,1,G1,Argentina Gran Premio Estrellas,-34.5669,-58.4252
Argentino de Palermo,Argentina,South America,1800,Mile,Dirt,Gran Premio Estrellas Distaff,HAPSA,1,G1,Argentina Gran Premio Estrellas,-34.5669,-58.4252
Argentino de Palermo,Argentina,South America,1600,Mile,Dirt,Gran Premio Polla de Potrancas,HAPSA,1,G1,Argentina Triple Tiara,-34.5669,-58.4252
Argentino de Palermo,Argentina,South America,1600,Mile,Dirt,Gran Premio Polla de Potrillos,HAPSA,1,G1,Argentina Triple Crown,-34.5669,-58.4252
Argentino de Palermo,Argentina,South America,2400,Long,Turf,Gran Premio General San Martin,HAPSA,1,G1,,-34.5669,-58.4252
Argentino de Palermo,Argentina,South America,2000,Medium,Dirt,Gran Premio Selección,HAPSA,1,G1,Argentina Triple Tiara,-34.5669,-58.4252
Argentino de Palermo,Argentina,South America,2500,Long,Dirt,Gran Premio Nacional,HAPSA,1,G1,,-34.5669,-58.4252
Argentino de Palermo,Argentina,South America,1000,Sprint,Dirt,Gran Premio Maipú,HAPSA,1,G1,,-34.5669,-58.4252
Argentino de Palermo,Argentina,South America,1600,Mile,Dirt,Gran Premio Palermo,HAPSA,1,G1,,-34.5669,-58.4252
Argentino de Palermo,Argentina,South America,2100,Medium,Dirt,Gran Premio Latinoamericano,HAPSA,1,G1,,-34.5669,-58.4252
Argentino de Palermo,Argentina,South America,2100,Medium,Turf,Gran Premio Latinoamericano,HAPSA,1,G1,,-34.5669,-58.4252
Argentino de Palermo,Argentina,South America,2200,Medium,Turf,Premio Clásico Apertura,HAPSA,2,G2,,-34.5669,-58.4252
Argentino de Palermo,Argentina,South America,1600,Mile,Turf,Clásico Miguel A. y T. Juárez Celman,HAPSA,2,G2,,-34.5669,-58.4252
Argentino de Palermo,Argentina,South America,1200,Sprint,Dirt,Clásico Saturnino J. Unzué,HAPSA,2,G2,,-34.5669,-58.4252
Argentino de Palermo,Argentina,South America,1200,Sprint,Dirt,Clásico Santiago Luro,HAPSA,2,G2,,-34.5669,-58.4252
Argentino de Palermo,Argentina,South America,2000,Medium,Dirt,Clásico Arturo R. y A. Bullrich,HAPSA,2,G2,,-34.5669,-58.4252
Argentino de Palermo,Argentina,South America,2000,Medium,Dirt,Clásico Otoño,HAPSA,2,G2,,-34.5669,-58.4252
Argentino de Palermo,Argentina,South America,1600,Mile,Dirt,Clásico Benito Villanueva,HAPSA,2,G2,,-34.5669,-58.4252
Argentino de Palermo,Argentina,South America,2500,Long,Dirt,Premio Clásico General Belgrano,HAPSA,2,G2,,-34.5669,-58.4252
Argentino de Palermo,Argentina,South America,2400,Long,Turf,Clásico Chacabuco,HAPSA,2,G2,,-34.5669,-58.4252
Argentino de Palermo,Argentina,South America,2500,Long,Dirt,"Clásico Ignacio, Ignacio F. e Ignacio Correas",HAPSA,2,G2,,-34.5669,-58.4252
Argentino de Palermo,Argentina,South America,1800,Mile,Dirt,Clásico Perú,HAPSA,2,G2,,-34.5669,-58.4252
Argentino de Palermo,Argentina,South America,1600,Mile,Dirt,Clásico General Luis María Campos,HAPSA,2,G2,,-34.5669,-58.4252
Argentino de Palermo,Argentina,South America,1600,Mile,Dirt,Clásico Miguel Cané,HAPSA,2,G2,,-34.5669,-58.4252
Argentino de Palermo,Argentina,South America,2400,Long,Turf,Premio Clásico Comparación,HAPSA,2,G2,,-34.5669,-58.4252
Argentino de Palermo,Argentina,South America,1800,Mile,Dirt,Clásico Francisco J. Beazley,HAPSA,2,G2,,-34.5669,-58.4252
Argentino de Palermo,Argentina,South America,2200,Medium,Dirt,Premio Clásico Chile,HAPSA,2,G2,,-34.5669,-58.4252
Argentino de Palermo,Argentina,South America,2200,Medium,Dirt,Premio Clásico Eduardo Casey,HAPSA,2,G2,,-34.5669,-58.4252
Argentino de Palermo,Argentina,South America,1000,Sprint,Dirt,Clásico Venezuela,HAPSA,2,G2,,-34.5669,-58.4252
Argentino de Palermo,Argentina,South America,2200,Medium,Dirt,Premio Clásico Ramón Biaus,HAPSA,2,G2,,-34.5669,-58.4252
Argentino de Palermo,Argentina,South America,1600,Mile,Dirt,Clásico Carlos Tomkinson,HAPSA,2,G2,,-34.5669,-58.4252
Argentino de Palermo,Argentina,South America,1600,Mile,Turf,Clásico Buenos Aires,HAPSA,3,G3,,-34.5669,-58.4252
Argentino de Palermo,Argentina,South America,1000,Sprint,Dirt,Clásico General Francisco B. Bosch,HAPSA,3,G3,,-34.5669,-58.4252
Argentino de Palermo,Argentina,South America,1000,Sprint,Dirt,Clásico Carlos Casares,HAPSA,3,G3,,-34.5669,-58.4252
Argentino de Palermo,Argentina,South America,1000,Sprint,Dirt,Clásico Guillermo Kemmis,HAPSA,3,G3,,-34.5669,-58.4252
Argentino de Palermo,Argentina,South America,1000,Sprint,Dirt,Clásico General Arenales,HAPSA,3,G3,,-34.5669,-58.4252
Argentino de Palermo,Argentina,South America,1000,Sprint,Dirt,Clásico Irlanda,HAPSA,3,G3,,-34.5669,-58.4252
Argentino de Palermo,Argentina,South America,1400,Sprint,Dirt,Clásico Pedro E. y Manuel A. Crespo,HAPSA,3,G3,,-34.5669,-58.4252
Argentino de Palermo,Argentina,South America,1000,Sprint,Dirt,Clásico Estados Unidos de América,HAPSA,3,G3,,-34.5669,-58.4252
Argentino de Palermo,Argentina,South America,1400,Sprint,Turf,Clásico Asociación de Propietarios de Caballos de Carrera,HAPSA,3,G3,,-34.5669,-58.4252
Argentino de Palermo,Argentina,South America,1600,Mile,Dirt,Clásico Círculo Propietarios de Caballerizas de SPC,HAPSA,3,G3,,-34.5669,-58.4252
Argentino de Palermo,Argentina,South America,1000,Sprint,Dirt,Clásico Coronel Pringles,HAPSA,3,G3,,-34.5669,-58.4252
Argentino de Palermo,Argentina,South America,1000,Sprint,Dirt,Clásico General Lavalle,HAPSA,3,G3,,-34.5669,-58.4252
Argentino de Palermo,Argentina,South America,1000,Sprint,Dirt,Clásico República de Panamá,HAPSA,3,G3,,-34.5669,-58.4252
Argentino de Palermo,Argentina,South America,1000,Sprint,Dirt,Clásico Estrellas Junior Sprint,HAPSA,3,G3,,-34.5669,-58.4252
Argentino de Palermo,Argentina,South America,1400,Sprint,Dirt,Clásico Manuel J. Guiraldes,HAPSA,3,G3,,-34.5669,-58.4252
Argentino de Palermo,Argentina,South America,1400,Sprint,Dirt,Clásico Old Man,HAPSA,3,G3,,-34.5669,-58.4252
Argentino de Palermo,Argentina,South America,1600,Mile,Dirt,Clásico Inés Victorica Roca,HAPSA,3,G3,,-34.5669,-58.4252
Argentino de Palermo,Argentina,South America,1600,Mile,Dirt,Clásico Ricardo P. Sauze,HAPSA,3,G3,,-34.5669,-58.4252
Argentino de Palermo,Argentina,South America,1600,Mile,Turf,Clásico República Federativa de Brasil,HAPSA,3,G3,,-34.5669,-58.4252
Argentino de Palermo,Argentina,South America,1000,Sprint,Dirt,Clásico Paraguay,HAPSA,3,G3,,-34.5669,-58.4252
Argentino de Palermo,Argentina,South America,1000,Sprint,Dirt,Clásico México,HAPSA,3,G3,,-34.5669,-58.4252
Argentino de Palermo,Argentina,South America,1800,Mile,Dirt,Clásico Coronel Miguel F. Martínez,HAPSA,3,G3,,-34.5669,-58.4252
Argentino de Palermo,Argentina,South America,2000,Medium,Dirt,Clásico Italia,HAPSA,3,G3,,-34.5669,-58.4252
Argentino de Palermo,Argentina,South America,1000,Sprint,Dirt,Clásico Lotería de la Ciudad de Buenos Aires,HAPSA,3,G3,,-34.5669,-58.4252
Argentino de Palermo,Argentina,South America,2500,Long,Dirt,Premio Clásico Vicente L. Casares,HAPSA,3,G3,,-34.5669,-58.4252
Argentino de Palermo,Argentina,South America,1000,Sprint,Dirt,Clásico General Güemes,HAPSA,3,G3,,-34.5669,-58.4252
Argentino de Palermo,Argentina,South America,1400,Sprint,Turf,Clásico República Oriental del Uruguay,HAPSA,3,G3,,-34.5669,-58.4252
Argentino de Palermo,Argentina,South America,2500,Long,Dirt,Clásico Ayacucho,HAPSA,3,G3,,-34.5669,-58.4252
Argentino de Palermo,Argentina,South America,2000,Medium,Dirt,Clásico Malvinas Argentinas,HAPSA,4,Local,,-34.5669,-58.4252
Argentino de Palermo,Argentina,South America,1600,Mile,Dirt,Clásico Jamelao,HAPSA,4,Local,,-34.5669,-58.4252
Argentino de Palermo,Argentina,South America,2000,Medium,Dirt,Clásico Irineo Leguisamo,HAPSA,4,Local,,-34.5669,-58.4252
Argentino de Palermo,Argentina,South America,2500,Long,Dirt,Clásico Mineral,HAPSA,4,Local,,-34.5669,-58.4252
Argentino de Palermo,Argentina,South America,1200,Sprint,Dirt,Handicap Aniversario Inauguración Hipódromo Argentino,HAPSA,4,Local,,-34.5669,-58.4252
Argentino de Palermo,Argentina,South America,1000,Sprint,Dirt,Clásico Encuentro Provincial,HAPSA,4,Local,,-34.5669,-58.4252
Argentino de Palermo,Argentina,South America,1200,Sprint,Turf,Clásico Intendente Melchor Posse,HAPSA,4,Local,,-34.5669,-58.4252
Argentino de Palermo,Argentina,South America,2000,Medium,Dirt,Clásico Haras Argentinos,HAPSA,4,Local,,-34.5669,-58.4252
Argentino de Palermo,Argentina,South America,1600,Mile,Dirt,Clásico El Virtuoso,HAPSA,4,Local,,-34.5669,-58.4252
Argentino de Palermo,Argentina,South America,2200,Medium,Turf,Clásico Expressive Halo,HAPSA,4,Local,,-34.5669,-58.4252
Argentino de Palermo,Argentina,South America,1000,Sprint,Dirt,Clásico España,HAPSA,4,Local,,-34.5669,-58.4252
Argentino de Palermo,Argentina,South America,1600,Mile,Turf,Clásico Blend,HAPSA,4,Local,,-34.5669,-58.4252
Argentino de Palermo,Argentina,South America,1000,Sprint,Dirt,Clásico Prensa Hípica,HAPSA,4,Local,,-34.5669,-58.4252
Argentino de Palermo,Argentina,South America,1000,Sprint,Dirt,Clásico Guillermo Paats,HAPSA,4,Local,,-34.5669,-58.4252
Argentino de Palermo,Argentina,South America,1400,Sprint,Turf,Clásico Japón,HAPSA,4,Local,,-34.5669,-58.4252
Argentino de Palermo,Argentina,South America,1400,Sprint,Turf,Clásico Asociación Cooperativa de Criadores Ltda.,HAPSA,4,Local,,-34.5669,-58.4252
Argentino de Palermo,Argentina,South America,1800,Mile,Dirt,Clásico Carlos Gardel,HAPSA,4,Local,,-34.5669,-58.4252
Argentino de Palermo,Argentina,South America,1400,Sprint,Turf,Clásico The Japan Racing Association,HAPSA,4,Local,,-34.5669,-58.4252
Argentino de Palermo,Argentina,South America,1800,Mile,Dirt,Clásico Gobierno de la Ciudad de Buenos Aires,HAPSA,4,Local,,-34.5669,-58.4252
Argentino de Palermo,Argentina,South America,1000,Sprint,Dirt,Clásico General Alvear,HAPSA,4,Local,,-34.5669,-58.4252
De la Plata,Argentina,South America,2000,Medium,Dirt,Gran Premio Selección de Potrancas,HLP,1,G1,,-34.920345,-57.969559
De la Plata,Argentina,South America,2400,Long,Dirt,Gran Premio Dardo Rocha,HLP,1,G1,,-34.920345,-57.969559
De la Plata,Argentina,South America,2100,Medium,Dirt,Gran Premio Latinoamericano,HLP,1,G1,,-34.920345,-57.969559
De la Plata,Argentina,South America,1600,Mile,Dirt,Clásico 25 de Mayo de 1810,HLP,2,G2,,-34.920345,-57.969559
De la Plata,Argentina,South America,1500,Mile,Dirt,Clásico Raúl Aristegui,HLP,2,G2,,-34.920345,-57.969559
De la Plata,Argentina,South America,1200,Sprint,Dirt,Clásico General Manuel Belgrano,HLP,2,G2,,-34.920345,-57.969559
De la Plata,Argentina,South America,1500,Mile,Dirt,Clásico Pedro Goenaga,HLP,2,G2,,-34.920345,-57.969559
De la Plata,Argentina,South America,1600,Mile,Dirt,Clásico Miguel Luis Morales,HLP,2,G2,,-34.920345,-57.969559
De la Plata,Argentina,South America,1600,Mile,Dirt,Clásico Polla de Potrancas,HLP,2,G2,,-34.920345,-57.969559
De la Plata,Argentina,South America,2200,Medium,Dirt,Clásico Provincia de Buenos Aires,HLP,2,G2,,-34.920345,-57.969559
De la Plata,Argentina,South America,1200,Sprint,Dirt,Clásico Ciudad de La Plata,HLP,2,G2,,-34.920345,-57.969559
De la Plata,Argentina,South America,1600,Mile,Dirt,Clásico Marcos Levalle,HLP,2,G2,,-34.920345,-57.969559
De la Plata,Argentina,South America,1600,Mile,Dirt,Gran Premio Joaquín V. González,HLP,2,G2,,-34.920345,-57.969559
De la Plata,Argentina,South America,2000,Medium,Dirt,Clásico Los Criadores,HLP,2,G2,,-34.920345,-57.969559
De la Plata,Argentina,South America,2000,Medium,Dirt,Clásico Clausura,HLP,2,G2,,-34.920345,-57.969559
De la Plata,Argentina,South America,1400,Sprint,Dirt,Clásico Lucio Taborda,HLP,3,G3,,-34.920345,-57.969559
De la Plata,Argentina,South America,1600,Mile,Dirt,Clásico Fortunato Novara,HLP,3,G3,,-34.920345,-57.969559
De la Plata,Argentina,South America,1200,Sprint,Dirt,Clásico Arturo A. Bullrich,HLP,3,G3,,-34.920345,-57.969559
De la Plata,Argentina,South America,1200,Sprint,Dirt,Clásico Derli A. Gómez,HLP,3,G3,,-34.920345,-57.969559
De la Plata,Argentina,South America,1200,Sprint,Dirt,Clásico Agustín B. Gambier,HLP,3,G3,,-34.920345,-57.969559
De la Plata,Argentina,South America,1200,Sprint,Dirt,Clásico Asociación Bonaerense de Propietarios de Caballos de Carrera,HLP,3,G3,,-34.920345,-57.969559
De la Plata,Argentina,South America,1300,Sprint,Dirt,Clásico Fortunato Damiani,HLP,3,G3,,-34.920345,-57.969559
De la Plata,Argentina,South America,1300,Sprint,Dirt,Clásico Luis María Doyhenard,HLP,3,G3,,-34.920345,-57.969559
De la Plata,Argentina,South America,1400,Sprint,Dirt,Clásico Joaquín V. Maqueda,HLP,3,G3,,-34.920345,-57.969559
De la Plata,Argentina,South America,1400,Sprint,Dirt,Clásico Andrés S. Torres,HLP,3,G3,,-34.920345,-57.969559
De la Plata,Argentina,South America,1400,Sprint,Dirt,Clásico Asociación de Propietarios de Caballos de Carreras de Buenos Aires,HLP,3,G3,,-34.920345,-57.969559
De la Plata,Argentina,South America,2100,Medium,Dirt,Clásico Antonio Cané,HLP,3,G3,,-34.920345,-57.969559
De la Plata,Argentina,South America,1600,Mile,Dirt,Clásico 9 de Julio - Día de la Independencia,HLP,3,G3,,-34.920345,-57.969559
De la Plata,Argentina,South America,1600,Mile,Dirt,Clásico Isidoro Aramburu,HLP,3,G3,,-34.920345,-57.969559
De la Plata,Argentina,South America,1600,Mile,Dirt,Clásico Polla de Potrillos,HLP,3,G3,,-34.920345,-57.969559
De la Plata,Argentina,South America,1600,Mile,Dirt,Clásico Manuel F. y Emilio Gnecco,HLP,3,G3,,-34.920345,-57.969559
De la Plata,Argentina,South America,1600,Mile,Dirt,Clásico General José de San Martín,HLP,3,G3,,-34.920345,-57.969559
De la Plata,Argentina,South America,1700,Mile,Dirt,Clásico Diego White,HLP,3,G3,,-34.920345,-57.969559
De la Plata,Argentina,South America,1700,Mile,Dirt,Clásico José Pedro Ramírez,HLP,3,G3,,-34.920345,-57.969559
De la Plata,Argentina,South America,1600,Mile,Dirt,Clásico Hipódromo de La Plata,HLP,3,G3,,-34.920345,-57.969559
De la Plata,Argentina,South America,2000,Medium,Dirt,Clásico Jockey Club de la Provincia de Buenos Aires,HLP,3,G3,,-34.920345,-57.969559
De la Plata,Argentina,South America,2200,Medium,Dirt,Clásico OSAF,HLP,3,G3,,-34.920345,-57.969559
De la Plata,Argentina,South America,2000,Medium,Dirt,Clásico Hipódromo Independenica de Rosario,HLP,3,G3,,-34.920345,-57.969559
De la Plata,Argentina,South America,1200,Sprint,Dirt,Clásico Uberto F. Vignart,HLP,3,G3,,-34.920345,-57.969559
De la Plata,Argentina,South America,1200,Sprint,Dirt,Clásico Emilio Casares,HLP,4,Local,,-34.920345,-57.969559
De la Plata,Argentina,South America,1400,Sprint,Dirt,Clásico Jockey Club Argentino,HLP,4,Local,,-34.920345,-57.969559
De la Plata,Argentina,South America,1000,Sprint,Dirt,Clásico Amilcar A. Mercader,HLP,4,Local,,-34.920345,-57.969559
De la Plata,Argentina,South America,1000,Sprint,Dirt,Clásico Criadores Argentinos del S.P.C,HLP,4,Local,,-34.920345,-57.969559
De la Plata,Argentina,South America,2200,Medium,Dirt,Clásico Comparación,HLP,4,Local,,-34.920345,-57.969559
De la Plata,Argentina,South America,1200,Sprint,Dirt,Clásico Onesto Puente,HLP,4,Local,,-34.920345,-57.969559
De la Plata,Argentina,South America,1100,Sprint,Dirt,Clásico Julio Corte,HLP,4,Local,,-34.920345,-57.969559
De la Plata,Argentina,South America,1100,Sprint,Dirt,Clásico Club Hípico de Tandil,HLP,4,Local,,-34.920345,-57.969559
De la Plata,Argentina,South America,1600,Mile,Dirt,Clásico Otelo A. Orlandi,HLP,4,Local,,-34.920345,-57.969559
De la Plata,Argentina,South America,1100,Sprint,Dirt,Clásico Wilfredo Latham,HLP,4,Local,,-34.920345,-57.969559
De la Plata,Argentina,South America,1100,Sprint,Dirt,Clásico Jockey Club de Azul,HLP,4,Local,,-34.920345,-57.969559
De la Plata,Argentina,South America,1200,Sprint,Dirt,Clásico Raúl Lottero,HLP,4,Local,,-34.920345,-57.969559
De la Plata,Argentina,South America,1200,Sprint,Dirt,Clásico José M. Boquin,HLP,4,Local,,-34.920345,-57.969559
De la Plata,Argentina,South America,2200,Medium,Dirt,Clásico Stud Book Argentino,HLP,4,Local,,-34.920345,-57.969559
De la Plata,Argentina,South America,1200,Sprint,Dirt,Clásico Benito Lynch,HLP,4,Local,,-34.920345,-57.969559
De la Plata,Argentina,South America,1200,Sprint,Dirt,Clásico España,HLP,4,Local,,-34.920345,-57.969559
De la Plata,Argentina,South America,1400,Sprint,Dirt,Clásico Jockey Club de Venezuela,HLP,4,Local,,-34.920345,-57.969559
De la Plata,Argentina,South America,1100,Sprint,Dirt,Clásico Eusonio C. Boni,HLP,4,Local,,-34.920345,-57.969559
De la Plata,Argentina,South America,1100,Sprint,Dirt,Clásico Asociación Cooperativa Criadores Caballos de S.P.C. Ltda,HLP,4,Local,,-34.920345,-57.969559
De la Plata,Argentina,South America,1400,Sprint,Dirt,Clásico Luis Monteverde,HLP,4,Local,,-34.920345,-57.969559
De la Plata,Argentina,South America,1600,Mile,Dirt,Clásico Oswaldo Aranha,HLP,4,Local,,-34.920345,-57.969559
San Isidro,Argentina,South America,2000,Medium,Turf,Gran Premio Miguel Alfredo Martínez de Hoz,JCBA,1,G1,,-34.481587,-58.5256
San Isidro,Argentina,South America,2400,Long,Turf,Gran Premio 25 de Mayo - Copa Dr. Enrique Olivera,JCBA,1,G1,,-34.481587,-58.5256
San Isidro,Argentina,South America,1600,Mile,Turf,Gran Premio de Potrancas,JCBA,1,G1,,-34.481587,-58.5256
San Isidro,Argentina,South America,1600,Mile,Turf,Gran Premio Gran Criterium,JCBA,1,G1,,-34.481587,-58.5256
San Isidro,Argentina,South America,1600,Mile,Turf,Dos Mil Guineas,JCBA,1,G1,,-34.481587,-58.5256
San Isidro,Argentina,South America,2000,Medium,Turf,Gran Premio Jockey Club,JCBA,1,G1,Argentina Triple Crown,-34.481587,-58.5256
San Isidro,Argentina,South America,2000,Medium,Turf,Gran Premio Jockey Club,JCBA,1,G1,Argentina Triple Tiara,-34.481587,-58.5256
San Isidro,Argentina,South America,1600,Mile,Turf,Gran Premio San Isidro - Copa Melchor Ángel Posse,JCBA,1,G1,,-34.481587,-58.5256
San Isidro,Argentina,South America,1000,Sprint,Turf,Gran Premio Suipacha,JCBA,1,G1,,-34.481587,-58.5256
San Isidro,Argentina,South America,1600,Mile,Turf,Gran Premio Diamante,JCBA,1,G1,,-34.481587,-58.5256
San Isidro,Argentina,South America,2400,Long,Turf,Gran Premio Copa de Oro - Alfredo Lalor,JCBA,1,G1,,-34.481587,-58.5256
San Isidro,Argentina,South America,2000,Medium,Turf,Gran Premio Enrique Acebal,JCBA,1,G1,,-34.481587,-58.5256
San Isidro,Argentina,South America,2000,Medium,Turf,Gran Premio Copa de Plata Roberto Vasquez Mansilla Internacional,JCBA,1,G1,,-34.481587,-58.5256
San Isidro,Argentina,South America,2400,Long,Turf,Gran Premio Carlos Pellegrini Internacional,JCBA,1,G1,,-34.481587,-58.5256
San Isidro,Argentina,South America,1000,Sprint,Turf,Gran Premio Félix de Álzaga Unzué Internacional,JCBA,1,G1,,-34.481587,-58.5256
San Isidro,Argentina,South America,1600,Mile,Turf,Gran Premio Joaquín S. de Anchorena Internacional,JCBA,1,G1,,-34.481587,-58.5256
San Isidro,Argentina,South America,2000,Medium,Dirt,Gran Premio Latinoamericano,JCBA,1,G1,,-34.481587,-58.5256
San Isidro,Argentina,South America,2000,Medium,Turf,Gran Premio Latinoamericano,JCBA,1,G1,,-34.481587,-58.5256
San Isidro,Argentina,South America,2200,Medium,Turf,Clásico Juan Shaw,JCBA,2,G2,,-34.481587,-58.5256
San Isidro,Argentina,South America,1600,Mile,Turf,Clásico Horacio Bustillo,JCBA,2,G2,,-34.481587,-58.5256
San Isidro,Argentina,South America,1600,Mile,Turf,Clásico América,JCBA,2,G2,,-34.481587,-58.5256
San Isidro,Argentina,South America,1600,Mile,Turf,Clásico Ricardo Ezequiel y Ezequiel M. Fernández Guerrico,JCBA,2,G2,,-34.481587,-58.5256
San Isidro,Argentina,South America,1400,Sprint,Turf,Clásico Eliseo Ramírez,JCBA,2,G2,,-34.481587,-58.5256
San Isidro,Argentina,South America,1400,Sprint,Turf,Clásico Raúl y Raúl E. Chevallier,JCBA,2,G2,,-34.481587,-58.5256
San Isidro,Argentina,South America,1800,Mile,Turf,Clásico Paseana,JCBA,2,G2,,-34.481587,-58.5256
San Isidro,Argentina,South America,2000,Medium,Turf,Clásico Partícula,JCBA,2,G2,,-34.481587,-58.5256
San Isidro,Argentina,South America,1800,Mile,Turf,Clásico Forli,JCBA,2,G2,,-34.481587,-58.5256
San Isidro,Argentina,South America,1400,Sprint,Turf,Clásico Pippermint,JCBA,2,G2,,-34.481587,-58.5256
San Isidro,Argentina,South America,1600,Mile,Turf,Clásico Omega,JCBA,2,G2,,-34.481587,-58.5256
San Isidro,Argentina,South America,1600,Mile,Turf,Clásico 9 de Julio,JCBA,2,G2,,-34.481587,-58.5256
San Isidro,Argentina,South America,2000,Medium,Turf,Clásico La Mission,JCBA,2,G2,,-34.481587,-58.5256
San Isidro,Argentina,South America,1600,Mile,Turf,Clásico Ecuador,JCBA,2,G2,,-34.481587,-58.5256
San Isidro,Argentina,South America,1000,Sprint,Turf,Clásico Cyllene,JCBA,2,G2,,-34.481587,-58.5256
San Isidro,Argentina,South America,1800,Mile,Turf,Clásico Federico de Alvear,JCBA,2,G2,,-34.481587,-58.5256
San Isidro,Argentina,South America,1600,Mile,Turf,Clásico Sibila,JCBA,2,G2,,-34.481587,-58.5256
San Isidro,Argentina,South America,2000,Medium,Turf,Clásico Los Haras,JCBA,2,G2,,-34.481587,-58.5256
San Isidro,Argentina,South America,1600,Mile,Turf,Clásico Carlos P. Rodriguez,JCBA,2,G2,,-34.481587,-58.5256
San Isidro,Argentina,South America,2000,Medium,Turf,Clásico Botafogo,JCBA,3,G3,,-34.481587,-58.5256
San Isidro,Argentina,South America,1000,Sprint,Turf,Clásico General Viamonte,JCBA,3,G3,,-34.481587,-58.5256
San Isidro,Argentina,South America,1000,Sprint,Turf,Clásico Olavarría,JCBA,3,G3,,-34.481587,-58.5256
San Isidro,Argentina,South America,2400,Long,Turf,Clásico Porteño,JCBA,3,G3,,-34.481587,-58.5256
San Isidro,Argentina,South America,1400,Sprint,Turf,Clásico General Las Heras,JCBA,3,G3,,-34.481587,-58.5256
San Isidro,Argentina,South America,1400,Sprint,Turf,Clásico Southern Halo,JCBA,3,G3,,-34.481587,-58.5256
San Isidro,Argentina,South America,1000,Sprint,Turf,Clásico Santiago Lawrie,JCBA,3,G3,,-34.481587,-58.5256
San Isidro,Argentina,South America,1000,Sprint,Turf,Clásico Velocidad,JCBA,3,G3,,-34.481587,-58.5256
San Isidro,Argentina,South America,1600,Mile,Turf,Clásico Eudoro J. Balsa,JCBA,3,G3,,-34.481587,-58.5256
San Isidro,Argentina,South America,1000,Sprint,Turf,Clásico Ocurrencia,JCBA,3,G3,,-34.481587,-58.5256
San Isidro,Argentina,South America,3000,Long,Turf,Clásico General Pueyrredón,JCBA,3,G3,,-34.481587,-58.5256
San Isidro,Argentina,South America,1000,Sprint,Turf,Clásico Condesa,JCBA,3,G3,,-34.481587,-58.5256
San Isidro,Argentina,South America,1800,Mile,Turf,Clásico Ensayo Fernando Santamarina,JCBA,3,G3,,-34.481587,-58.5256
San Isidro,Argentina,South America,2400,Long,Turf,Clásico Yatasto,JCBA,3,G3,,-34.481587,-58.5256
San Isidro,Argentina,South America,1400,Sprint,Turf,Clásico Pedro Chapar,JCBA,3,G3,,-34.481587,-58.5256
San Isidro,Argentina,South America,2400,Long,Turf,Clásico de la Provincia de Buenos Aires César Iraola,JCBA,3,G3,,-34.481587,-58.5256
San Isidro,Argentina,South America,2400,Long,Turf,Gran Premio Vicente Dupuy Copa Gobierno de San Luis,JCBA,3,G3,,-34.481587,-58.5256
San Isidro,Argentina,South America,1000,Sprint,Turf,Clásico Congreve,JCBA,4,Local,,-34.481587,-58.5256
San Isidro,Argentina,South America,1400,Sprint,Turf,Clásico Haras Ojo De Agua,JCBA,4,Local,,-34.481587,-58.5256
San Isidro,Argentina,South America,1200,Sprint,Turf,Clásico Francia,JCBA,4,Local,,-34.481587,-58.5256
San Isidro,Argentina,South America,1200,Sprint,Turf,Clásico Rio de La Plata,JCBA,4,Local,,-34.481587,-58.5256
San Isidro,Argentina,South America,1400,Sprint,Turf,Clásico Omnium,JCBA,4,Local,,-34.481587,-58.5256
San Isidro,Argentina,South America,1200,Sprint,Turf,Clásico Antártida Argentina,JCBA,4,Local,,-34.481587,-58.5256
San Isidro,Argentina,South America,2400,Long,Dirt,Clásico Calidoscopio,JCBA,4,Local,,-34.481587,-58.5256
San Isidro,Argentina,South America,1200,Sprint,Turf,Clásico Asociación Argentina de Fomento Equino,JCBA,4,Local,,-34.481587,-58.5256
San Isidro,Argentina,South America,2200,Medium,Turf,Clásico Regimiento de Granaderos a Caballo,JCBA,4,Local,,-34.481587,-58.5256
San Isidro,Argentina,South America,1000,Sprint,Turf,Clásico Islas Malvinas,JCBA,4,Local,,-34.481587,-58.5256
San Isidro,Argentina,South America,1200,Sprint,Dirt,Clásico Lord at War,JCBA,4,Local,,-34.481587,-58.5256
San Isidro,Argentina,South America,1400,Sprint,Turf,Clásico Mesa del Senado,JCBA,4,Local,,-34.481587,-58.5256
San Isidro,Argentina,South America,1800,Mile,Turf,Clásico Macon,JCBA,4,Local,,-34.481587,-58.5256
San Isidro,Argentina,South America,1400,Sprint,Turf,Clásico Manuel Anasagasti,JCBA,4,Local,,-34.481587,-58.5256
San Isidro,Argentina,South America,2400,Long,Turf,Clásico Cocles,JCBA,4,Local,,-34.481587,-58.5256
San Isidro,Argentina,South America,1000,Sprint,Turf,Clásico Producción Nacional,JCBA,4,Local,,-34.481587,-58.5256
San Isidro,Argentina,South America,1000,Sprint,Turf,Clásico Necochea,JCBA,4,Local,,-34.481587,-58.5256
San Isidro,Argentina,South America,2000,Medium,Turf,Clásico Espirita,JCBA,4,Local,,-34.481587,-58.5256
San Isidro,Argentina,South America,1400,Sprint,Turf,Clásico Bayakoa,JCBA,4,Local,,-34.481587,-58.5256
San Isidro,Argentina,South America,1000,Sprint,Turf,Clásico Lamadrid,JCBA,4,Local,,-34.481587,-58.5256
San Isidro,Argentina,South America,1000,Sprint,Turf,Clásico Propietarios,JCBA,4,Local,,-34.481587,-58.5256
San Isidro,Argentina,South America,1400,Sprint,Turf,Clásico Reconquista,JCBA,4,Local,,-34.481587,-58.5256
San Isidro,Argentina,South America,1200,Sprint,Dirt,Clásico Refinado Tom,JCBA,4,Local,,-34.481587,-58.5256
San Isidro,Argentina,South America,2400,Long,Dirt,Clásico Domingo Faustino Sarmiento,JCBA,4,Local,,-34.481587,-58.5256
San Isidro,Argentina,South America,1200,Sprint,Dirt,Clásico Etoile,JCBA,4,Local,,-34.481587,-58.5256
San Isidro,Argentina,South America,1400,Sprint,Turf,Clásico Candy Ride,JCBA,4,Local,,-34.481587,-58.5256
San Isidro,Argentina,South America,1400,Sprint,Dirt,Clásico Orbit,JCBA,4,Local,,-34.481587,-58.5256
San Isidro,Argentina,South America,1400,Sprint,Dirt,Clásico Orange,JCBA,4,Local,,-34.481587,-58.5256
San Isidro,Argentina,South America,1000,Sprint,Turf,Clásico La Troienne,JCBA,4,Local,,-34.481587,-58.5256
San Isidro,Argentina,South America,1600,Mile,Turf,Clásico Embrujo,JCBA,4,Local,,-34.481587,-58.5256
San Isidro,Argentina,South America,1400,Sprint,Turf,Clásico Melgarejo,JCBA,4,Local,,-34.481587,-58.5256
San Isidro,Argentina,South America,1400,Sprint,Turf,Clásico Urbano de Iriondo,JCBA,4,Local,,-34.481587,-58.5256
San Isidro,Argentina,South America,2000,Medium,Turf,Clásico Tresiete,JCBA,4,Local,,-34.481587,-58.5256
San Isidro,Argentina,South America,1200,Sprint,Dirt,Clásico Latency,JCBA,4,Local,,-34.481587,-58.5256
San Isidro,Argentina,South America,1400,Sprint,Turf,Clásico Invasor,JCBA,4,Local,,-34.481587,-58.5256
La Punta,Argentina,South America,2400,Long,Dirt,Gran Premio Vicente Dupuy Copa Gobierno de San Luis,Grupo Slot,3,G3,,-33.18368,-66.3127
La Punta,Argentina,South America,1800,Mile,Dirt,Gran Premio Jorge A. Laffue,Grupo Slot,4,Local,,-33.18368,-66.3127
La Punta,Argentina,South America,1600,Mile,Dirt,Clásico Aniversario Hipódromo La Punta,Grupo Slot,4,Local,,-33.18368,-66.3127
La Punta,Argentina,South America,1400,Sprint,Dirt,Clásico Aniversario Ciudad de La Punta,Grupo Slot,4,Local,,-33.18368,-66.3127
La Punta,Argentina,South America,1600,Mile,Dirt,Clásico Estrellas Apertura,Grupo Slot,4,Local,,-33.18368,-66.3127
La Punta,Argentina,South America,1600,Mile,Dirt,Clásico Estrellas Clausura,Grupo Slot,4,Local,,-33.18368,-66.3127
La Punta,Argentina,South America,1000,Sprint,Dirt,Clásico Copa La Punta Juniors,Grupo Slot,4,Local,,-33.18368,-66.3127
La Punta,Argentina,South America,1000,Sprint,Dirt,Clásico Estrellas Puntanas,Grupo Slot,4,Local,,-33.18368,-66.3127
La Punta,Argentina,South America,1000,Sprint,Dirt,Clásico Estrellas Potrancas,Grupo Slot,4,Local,,-33.18368,-66.3127
La Punta,Argentina,South America,800,Sprint,Dirt,Clásico Estrellas Precoces,Grupo Slot,4,Local,,-33.18368,-66.3127
La Punta,Argentina,South America,1300,Sprint,Dirt,Clásico Estrellas Dirt,Grupo Slot,4,Local,,-33.18368,-66.3127
La Punta,Argentina,South America,1300,Sprint,Dirt,Clásico Estrellas Junior Dirt,Grupo Slot,4,Local,,-33.18368,-66.3127
La Punta,Argentina,South America,1000,Sprint,Dirt,Clásico Estrellas Provincias Argentinas - Copa Lito Bestani,Grupo Slot,4,Local,,-33.18368,-66.3127
La Punta,Argentina,South America,1000,Sprint,Dirt,Especial Nueva Generación,Grupo Slot,4,Local,,-33.18368,-66.3127
La Punta,Argentina,South America,1200,Sprint,Dirt,Especial Sprinters,Grupo Slot,4,Local,,-33.18368,-66.3127
La Punta,Argentina,South America,1400,Sprint,Dirt,Especial Estrellas,Grupo Slot,4,Local,,-33.18368,-66.3127
La Punta,Argentina,South America,1200,Sprint,Dirt,Premio Epic Hotel San Luis,Grupo Slot,4,Local,,-33.18368,-66.3127
La Punta,Argentina,South America,1100,Sprint,Dirt,Clásico United Provinces of South America Award,Grupo Slot,4,Local,,-33.18368,-66.3127
La Punta,Argentina,South America,600,Sprint,Dirt,Premio Réplica del Cabildo y Casa de Tucumán,Grupo Slot,4,Local,,-33.18368,-66.3127
La Punta,Argentina,South America,1300,Sprint,Dirt,Día del Himno Nacional Argentino,Grupo Slot,4,Local,,-33.18368,-66.3127
Cidade Jardim,Brazil,South America,1500,Mile,Turf,Grande Prêmio Juliano Martins,JC de São Paulo,1,G1,,-23.582914,-46.704706
Cidade Jardim,Brazil,South America,1500,Mile,Turf,Grande Prêmio João Cecílio Ferraz,JC de São Paulo,1,G1,,-23.582914,-46.704706
Cidade Jardim,Brazil,South America,1000,Sprint,Turf,Grande Prêmio A.B.C.P.C.C.,JC de São Paulo,1,G1,,-23.582914,-46.704706
Cidade Jardim,Brazil,South America,2000,Medium,Turf,Grande Prêmio O.S.A.F. - Organizacion Sudamericana de Fomento del Sangre Pura de Carrera,JC de São Paulo,1,G1,,-23.582914,-46.704706
Cidade Jardim,Brazil,South America,2400,Long,Turf,Grande Prêmio São Paulo,JC de São Paulo,1,G1,,-23.582914,-46.704706
Cidade Jardim,Brazil,South America,1600,Mile,Turf,Grande Prêmio Ipiranga,JC de São Paulo,1,G1,Brazil Sao Paolo Triple Crown,-23.582914,-46.704706
Cidade Jardim,Brazil,South America,1600,Mile,Turf,Grande Prêmio Barão de Piracicaba,JC de São Paulo,1,G1,Brazil Sao Paolo Triple Tiara,-23.582914,-46.704706
Cidade Jardim,Brazil,South America,2000,Medium,Turf,Grande Prêmio Jockey Club de São Paulo,JC de São Paulo,1,G1,Brazil Sao Paolo Triple Crown,-23.582914,-46.704706
Cidade Jardim,Brazil,South America,1800,Mile,Turf,Grande Prêmio Henrique de Toledo Lara,JC de São Paulo,1,G1,Brazil Sao Paolo Triple Tiara,-23.582914,-46.704706
Cidade Jardim,Brazil,South America,2400,Long,Turf,Grande Prêmio Derby Paulista,JC de São Paulo,1,G1,Brazil Sao Paolo Triple Crown,-23.582914,-46.704706
Cidade Jardim,Brazil,South America,2000,Medium,Turf,Grande Prêmio Diana,JC de São Paulo,1,G1,Brazil Sao Paolo Triple Tiara,-23.582914,-46.704706
Cidade Jardim,Brazil,South America,2000,Medium,Dirt,Gran Premio Latinoamericano,JC de São Paulo,1,G1,,-23.582914,-46.704706
Cidade Jardim,Brazil,South America,2000,Medium,Turf,Gran Premio Latinoamericano,JC de São Paulo,1,G1,,-23.582914,-46.704706
Cidade Jardim,Brazil,South America,2000,Medium,Dirt,Grande Prêmio 25 de Janeiro - 471º Aniversário de São Paulo,JC de São Paulo,2,G2,,-23.582914,-46.704706
Cidade Jardim,Brazil,South America,1600,Mile,Turf,Grande Prêmio Presidente Hernani Azevedo Silva,JC de São Paulo,2,G2,,-23.582914,-46.704706
Cidade Jardim,Brazil,South America,1800,Mile,Turf,Grande Prêmio Presidente Luiz Oliveira de Barros,JC de São Paulo,2,G2,,-23.582914,-46.704706
Cidade Jardim,Brazil,South America,1600,Mile,Turf,Grande Prêmio Presidente do Conselho do Jockey Club,JC de São Paulo,2,G2,,-23.582914,-46.704706
Cidade Jardim,Brazil,South America,2000,Medium,Turf,Grande Prêmio Prefeito Fabio da Silva Prado,JC de São Paulo,2,G2,,-23.582914,-46.704706
Cidade Jardim,Brazil,South America,1400,Sprint,Turf,Grande Prêmio Presidente José de Souza Queiroz,JC de São Paulo,2,G2,,-23.582914,-46.704706
Cidade Jardim,Brazil,South America,1400,Sprint,Turf,Grande Prêmio Guilherme Ellis,JC de São Paulo,2,G2,,-23.582914,-46.704706
Cidade Jardim,Brazil,South America,1600,Mile,Turf,Grande Prêmio Presidente da República,JC de São Paulo,2,G2,,-23.582914,-46.704706
Cidade Jardim,Brazil,South America,2000,Medium,Turf,Grande Prêmio Conde Silvio Alvares Penteado,JC de São Paulo,2,G2,,-23.582914,-46.704706
Cidade Jardim,Brazil,South America,1600,Mile,Turf,Grande Prêmio Governador do Estado,JC de São Paulo,2,G2,,-23.582914,-46.704706
Cidade Jardim,Brazil,South America,1000,Sprint,Turf,Grande Prêmio Proclamação da República,JC de São Paulo,2,G2,,-23.582914,-46.704706
Cidade Jardim,Brazil,South America,2400,Long,Turf,Grande Prêmio Ministério da Agricultura,JC de São Paulo,2,G2,,-23.582914,-46.704706
Cidade Jardim,Brazil,South America,2400,Long,Turf,Grande Prêmio Presidente José Bonifácio Coutinho Nogueira,JC de São Paulo,2,G2,,-23.582914,-46.704706
Cidade Jardim,Brazil,South America,2000,Medium,Turf,Copa dos Campeões,JC de São Paulo,2,G2,,-23.582914,-46.704706
Cidade Jardim,Brazil,South America,1600,Mile,Dirt,Grande Prêmio Piratininga,JC de São Paulo,3,G3,,-23.582914,-46.704706
Cidade Jardim,Brazil,South America,2000,Medium,Turf,Grande Prêmio Linneo de Paula Machado,JC de São Paulo,3,G3,,-23.582914,-46.704706
Cidade Jardim,Brazil,South America,1600,Mile,Turf,Grande Prêmio Presidente José Cerquinho de Assumpção,JC de São Paulo,3,G3,,-23.582914,-46.704706
Cidade Jardim,Brazil,South America,2200,Medium,Dirt,Grande Prêmio Chanceler Oswaldo Aranha,JC de São Paulo,3,G3,,-23.582914,-46.704706
Cidade Jardim,Brazil,South America,2400,Long,Turf,Grande Prêmio 14 de Março - 150º Aniversário do Jockey Club,JC de São Paulo,3,G3,,-23.582914,-46.704706
Cidade Jardim,Brazil,South America,1300,Sprint,Turf,Grande Prêmio Presidente José Antonio Pamplona de Andrade,JC de São Paulo,3,G3,,-23.582914,-46.704706
Cidade Jardim,Brazil,South America,1300,Sprint,Turf,Grande Prêmio Doutor Enio Buffolo,JC de São Paulo,3,G3,,-23.582914,-46.704706
Cidade Jardim,Brazil,South America,1000,Sprint,Turf,Grande Prêmio Presidente Waldyr Prudente de Toledo,JC de São Paulo,3,G3,,-23.582914,-46.704706
Cidade Jardim,Brazil,South America,1400,Sprint,Dirt,Grande Prêmio Presidente Augusto de Souza Queiroz,JC de São Paulo,3,G3,,-23.582914,-46.704706
Cidade Jardim,Brazil,South America,2400,Long,Turf,Grande Prêmio Presidente Raphael Aguiar Paes de Barros,JC de São Paulo,3,G3,,-23.582914,-46.704706
Cidade Jardim,Brazil,South America,2400,Long,Turf,Grande Prêmio José Paulino Nogueira,JC de São Paulo,3,G3,,-23.582914,-46.704706
Cidade Jardim,Brazil,South America,1400,Sprint,Dirt,Grande Prêmio Presidente João Carlos Leite Penteado,JC de São Paulo,3,G3,,-23.582914,-46.704706
Cidade Jardim,Brazil,South America,1500,Mile,Dirt,Grande Prêmio Antenor Lara Campos,JC de São Paulo,3,G3,,-23.582914,-46.704706
Cidade Jardim,Brazil,South America,1400,Sprint,Turf,Grande Prêmio Presidente Antonio Teixeira de Assumpção Netto,JC de São Paulo,3,G3,,-23.582914,-46.704706
Cidade Jardim,Brazil,South America,3218,Long,Turf,Grande Prêmio General Couto de Magalhães,JC de São Paulo,3,G3,,-23.582914,-46.704706
Cidade Jardim,Brazil,South America,1600,Mile,Dirt,Grande Prêmio Presidente Roberto Alves de Almeida,JC de São Paulo,3,G3,,-23.582914,-46.704706
Cidade Jardim,Brazil,South America,1000,Sprint,Turf,Grande Prêmio Mário Belmonte Moglia,JC de São Paulo,3,G3,,-23.582914,-46.704706
Cidade Jardim,Brazil,South America,1600,Mile,Turf,Grande Prêmio Copa Japão de Turfe,JC de São Paulo,3,G3,,-23.582914,-46.704706
Cidade Jardim,Brazil,South America,1000,Sprint,Turf,Grande Prêmio Independencia,JC de São Paulo,3,G3,,-23.582914,-46.704706
Cidade Jardim,Brazil,South America,1800,Mile,Turf,Grande Prêmio Luiz Fernando Cirne Lima,JC de São Paulo,3,G3,,-23.582914,-46.704706
Cidade Jardim,Brazil,South America,1600,Mile,Turf,Grande Prêmio Alberto Santos Dumont,JC de São Paulo,3,G3,,-23.582914,-46.704706
Cidade Jardim,Brazil,South America,1000,Sprint,Turf,Grande Prêmio Presidente Marcio Correa de Toledo,JC de São Paulo,3,G3,,-23.582914,-46.704706
Cidade Jardim,Brazil,South America,2400,Long,Turf,Grande Prêmio Criadores e Proprietários de Cavalos de Corrida de São Paulo,JC de São Paulo,3,G3,,-23.582914,-46.704706
Cidade Jardim,Brazil,South America,2200,Medium,Dirt,Grande Prêmio Presidente Antonio Correa Barbosaa,JC de São Paulo,3,G3,,-23.582914,-46.704706
Cidade Jardim,Brazil,South America,1600,Mile,Dirt,Grande Prêmio Presidente Antonio Grisi Filho,JC de São Paulo,3,G3,,-23.582914,-46.704706
Cidade Jardim,Brazil,South America,2800,Long,Turf,Grande Prêmio Consagração,JC de São Paulo,3,G3,,-23.582914,-46.704706
Cidade Jardim,Brazil,South America,1300,Sprint,Dirt,Grande Prêmio Thomaz Teixeira de Assumpção Netto,JC de São Paulo,4,Local,,-23.582914,-46.704706
Cidade Jardim,Brazil,South America,1500,Mile,Dirt,Grande Prêmio Presidente Luiz Nazareno Teixeira de Assumpção,JC de São Paulo,4,Local,,-23.582914,-46.704706
Cidade Jardim,Brazil,South America,1300,Sprint,Dirt,Grande Prêmio Presidente Eduardo da Rocha Azevedo,JC de São Paulo,4,Local,,-23.582914,-46.704706
Cidade Jardim,Brazil,South America,1000,Sprint,Turf,Grande Prêmio Erasmo Teixeira de Assumpção,JC de São Paulo,4,Local,,-23.582914,-46.704706
Cidade Jardim,Brazil,South America,1600,Mile,Dirt,Grande Prêmio Imprensa,JC de São Paulo,4,Local,,-23.582914,-46.704706
Cidade Jardim,Brazil,South America,1000,Sprint,Turf,Grande Prêmio Presidente Herculano de Freitas,JC de São Paulo,4,Local,,-23.582914,-46.704706
Cidade Jardim,Brazil,South America,1300,Sprint,Dirt,Grande Prêmio Presidente Vicente Renato Paolillo,JC de São Paulo,4,Local,,-23.582914,-46.704706
Cidade Jardim,Brazil,South America,1200,Sprint,Dirt,Grande Prêmio Presidente João Tobias de Aguiar,JC de São Paulo,4,Local,,-23.582914,-46.704706
Cidade Jardim,Brazil,South America,2200,Medium,Dirt,Grande Prêmio Delegações Turfísticas,JC de São Paulo,4,Local,,-23.582914,-46.704706
Cidade Jardim,Brazil,South America,3000,Long,Turf,Grande Prêmio Adil,JC de São Paulo,4,Local,,-23.582914,-46.704706
Cidade Jardim,Brazil,South America,1800,Mile,Turf,Grande Prêmio Candido Egydio de Souza Aranha,JC de São Paulo,4,Local,,-23.582914,-46.704706
Cidade Jardim,Brazil,South America,1300,Sprint,Turf,Grande Prêmio Edmundo Pires de Oliveira Dias,JC de São Paulo,4,Local,,-23.582914,-46.704706
Cidade Jardim,Brazil,South America,2000,Medium,Turf,Grande Prêmio Luiz e José Vieira de Carvalho Mesquita,JC de São Paulo,4,Local,,-23.582914,-46.704706
Cidade Jardim,Brazil,South America,1600,Mile,Turf,Grande Prêmio Emerald Hill,JC de São Paulo,4,Local,,-23.582914,-46.704706
Cidade Jardim,Brazil,South America,1600,Mile,Turf,Grande Prêmio Farwell,JC de São Paulo,4,Local,,-23.582914,-46.704706
Cidade Jardim,Brazil,South America,1600,Mile,Turf,Grande Prêmio Secretário de Estado da Agricultura,JC de São Paulo,4,Local,,-23.582914,-46.704706
Cidade Jardim,Brazil,South America,2400,Long,Dirt,Grande Prêmio Presidente Julio Mesquita,JC de São Paulo,4,Local,,-23.582914,-46.704706
Cidade Jardim,Brazil,South America,1000,Sprint,Turf,Grande Prêmio Presidente Luiz Alves de Almeida,JC de São Paulo,4,Local,,-23.582914,-46.704706
Cidade Jardim,Brazil,South America,1600,Mile,Turf,Grande Prêmio Prefeito de São Paulo,JC de São Paulo,4,Local,,-23.582914,-46.704706
Cidade Jardim,Brazil,South America,2400,Long,Turf,Grande Prêmio Conselheiro Antonio da Silva Prado,JC de São Paulo,4,Local,,-23.582914,-46.704706
Cidade Jardim,Brazil,South America,1900,Medium,Dirt,Grande Prêmio Paulo José da Costa e Professor Doutor Paulo José da Costa Junior,JC de São Paulo,4,Local,,-23.582914,-46.704706
Cidade Jardim,Brazil,South America,2200,Medium,Dirt,Grande Prêmio Ricardo Lara Vidigal,JC de São Paulo,4,Local,,-23.582914,-46.704706
Cidade Jardim,Brazil,South America,1400,Sprint,Dirt,Grande Prêmio Nelson de Almeida Prado,JC de São Paulo,4,Local,,-23.582914,-46.704706
Cidade Jardim,Brazil,South America,2400,Long,Turf,Grande Prêmio Emerson,JC de São Paulo,4,Local,,-23.582914,-46.704706
Cidade Jardim,Brazil,South America,2800,Long,Turf,Grande Prêmio Presidente João Domingos Sampaio,JC de São Paulo,4,Local,,-23.582914,-46.704706
Cidade Jardim,Brazil,South America,1900,Medium,Dirt,Grande Prêmio Natal,JC de São Paulo,4,Local,,-23.582914,-46.704706
Cidade Jardim,Brazil,South America,1200,Sprint,Dirt,Grande Prêmio Encerramento,JC de São Paulo,4,Local,,-23.582914,-46.704706
Gávea,Brazil,South America,1600,Mile,Turf,Grande Prêmio Estado do Rio de Janeiro,JC Brasileiro,1,G1,Brazil Rio de Janeiro Triple Crown,-22.973231,-43.221921
Gávea,Brazil,South America,1600,Mile,Turf,Grande Prêmio Henrique Possollo,JC Brasileiro,1,G1,Brazil Rio de Janeiro Triple Tiara,-22.973231,-43.221921
Gávea,Brazil,South America,2000,Medium,Turf,Grande Prêmio Diana,JC Brasileiro,1,G1,Brazil Rio de Janeiro Triple Tiara,-22.973231,-43.221921
Gávea,Brazil,South America,2000,Medium,Turf,Grande Prêmio Francisco Eduardo e Linneo Eduardo de Paula Machado,JC Brasileiro,1,G1,Brazil Rio de Janeiro Triple Crown,-22.973231,-43.221921
Gávea,Brazil,South America,2400,Long,Turf,Grande Prêmio Cruzeiro do Sul (Brazilian Derby),JC Brasileiro,1,G1,Brazil Rio de Janeiro Triple Crown,-22.973231,-43.221921
Gávea,Brazil,South America,2400,Long,Turf,Grande Prêmio Zélia Gonzaga Peixoto de Castro,JC Brasileiro,1,G1,Brazil Rio de Janeiro Triple Tiara,-22.973231,-43.221921
Gávea,Brazil,South America,1600,Mile,Turf,Grande Prêmio Jockey Club Brasileiro,JC Brasileiro,1,G1,,-22.973231,-43.221921
Gávea,Brazil,South America,1000,Sprint,Turf,Grande Prêmio Major Suckow,JC Brasileiro,1,G1,,-22.973231,-43.221921
Gávea,Brazil,South America,2400,Long,Turf,Grande Prêmio Brasil,JC Brasileiro,1,G1,,-22.973231,-43.221921
Gávea,Brazil,South America,1600,Mile,Turf,Grande Prêmio Presidente da República,JC Brasileiro,1,G1,,-22.973231,-43.221921
Gávea,Brazil,South America,2000,Medium,Turf,Grande Prêmio Roberto e Nelson Grimaldi Seabra,JC Brasileiro,1,G1,,-22.973231,-43.221921
Gávea,Brazil,South America,1600,Mile,Turf,Grande Prêmio Margarida Polak Lara - Taça de Prata,JC Brasileiro,1,G1,,-22.973231,-43.221921
Gávea,Brazil,South America,1600,Mile,Turf,Grande Prêmio João Adhemar de Almeida Prado - Taça de Prata,JC Brasileiro,1,G1,,-22.973231,-43.221921
Gávea,Brazil,South America,2000,Medium,Turf,Grande Prêmio Mathias Machline - ABCPCC Clássica,JC Brasileiro,1,G1,,-22.973231,-43.221921
Gávea,Brazil,South America,2000,Medium,Turf,Grande Prêmio Linneo de Paula Machado,JC Brasileiro,1,G1,,-22.973231,-43.221921
Gávea,Brazil,South America,2000,Medium,Dirt,Gran Premio Latinoamericano,JC Brasileiro,1,G1,,-22.973231,-43.221921
Gávea,Brazil,South America,2000,Medium,Turf,Gran Premio Latinoamericano,JC Brasileiro,1,G1,,-22.973231,-43.221921
Gávea,Brazil,South America,1400,Sprint,Turf,Grande Prêmio Conde de Herzberg,JC Brasileiro,2,G2,,-22.973231,-43.221921
Gávea,Brazil,South America,2000,Medium,Turf,Grande Prêmio José Carlos Fragoso Pires,JC Brasileiro,2,G2,,-22.973231,-43.221921
Gávea,Brazil,South America,1600,Mile,Turf,Grande Prêmio Gervásio Seabra,JC Brasileiro,2,G2,,-22.973231,-43.221921
Gávea,Brazil,South America,2400,Long,Turf,Grande Prêmio Antonio Joaquim Peixoto de Castro Jr.,JC Brasileiro,2,G2,,-22.973231,-43.221921
Gávea,Brazil,South America,2400,Long,Turf,Grande Prêmio Nove de Maio,JC Brasileiro,2,G2,,-22.973231,-43.221921
Gávea,Brazil,South America,1500,Mile,Turf,Grande Prêmio Francisco Vilella de Paula Machado,JC Brasileiro,2,G2,,-22.973231,-43.221921
Gávea,Brazil,South America,1600,Mile,Turf,Grande Prêmio Onze de Julho,JC Brasileiro,2,G2,,-22.973231,-43.221921
Gávea,Brazil,South America,2000,Medium,Turf,Grande Prêmio Duque de Caxias,JC Brasileiro,2,G2,,-22.973231,-43.221921
Gávea,Brazil,South America,2400,Long,Turf,Grande Prêmio Doutor Frontin,JC Brasileiro,2,G2,,-22.973231,-43.221921
Gávea,Brazil,South America,1600,Mile,Dirt,Grande Prêmio Salgado Filho,JC Brasileiro,2,G2,,-22.973231,-43.221921
Gávea,Brazil,South America,1000,Sprint,Turf,Grande Prêmio Cordeiro da Graça,JC Brasileiro,2,G2,,-22.973231,-43.221921
Gávea,Brazil,South America,2400,Long,Turf,Grande Prêmio João Borges Filho,JC Brasileiro,2,G2,,-22.973231,-43.221921
Gávea,Brazil,South America,2000,Medium,Turf,Grande Prêmio Rocha Faria,JC Brasileiro,2,G2,,-22.973231,-43.221921
Gávea,Brazil,South America,2000,Medium,Turf,Grande Prêmio Marciano de Aguiar Moreira,JC Brasileiro,2,G2,,-22.973231,-43.221921
Gávea,Brazil,South America,1600,Mile,Turf,Grande Prêmio Júlio Capua,JC Brasileiro,2,G2,,-22.973231,-43.221921
Gávea,Brazil,South America,2400,Long,Turf,Grande Prêmio Almirante Marquês de Tamandaré,JC Brasileiro,2,G2,,-22.973231,-43.221921
Gávea,Brazil,South America,2000,Medium,Turf,Grande Prêmio Oswaldo Aranha,JC Brasileiro,2,G2,,-22.973231,-43.221921
Gávea,Brazil,South America,1600,Mile,Turf,Grande Prêmio Roger Guedon,JC Brasileiro,3,G3,,-22.973231,-43.221921
Gávea,Brazil,South America,1600,Mile,Turf,Grande Prêmio José Buarque de Macedo,JC Brasileiro,3,G3,,-22.973231,-43.221921
Gávea,Brazil,South America,1900,Medium,Dirt,Grande Prêmio Prefeitura da Cidade do Rio de Janeiro,JC Brasileiro,3,G3,,-22.973231,-43.221921
Gávea,Brazil,South America,2000,Medium,Turf,Grande Prêmio Escorial,JC Brasileiro,3,G3,,-22.973231,-43.221921
Gávea,Brazil,South America,1000,Sprint,Turf,Grande Prêmio Hipodromo da Gávea,JC Brasileiro,3,G3,,-22.973231,-43.221921
Gávea,Brazil,South America,2000,Medium,Turf,Grande Prêmio Luiz Fernando C. Lima,JC Brasileiro,3,G3,,-22.973231,-43.221921
Gávea,Brazil,South America,1600,Mile,Turf,Grande Prêmio Euvaldo Lodi,JC Brasileiro,3,G3,,-22.973231,-43.221921
Gávea,Brazil,South America,1200,Sprint,Turf,Grande Prêmio Riboletta,JC Brasileiro,3,G3,,-22.973231,-43.221921
Gávea,Brazil,South America,1600,Mile,Turf,Grande Prêmio Presidente Vargas,JC Brasileiro,3,G3,,-22.973231,-43.221921
Gávea,Brazil,South America,1400,Sprint,Turf,Grande Prêmio Adayr E. de Araujo,JC Brasileiro,3,G3,,-22.973231,-43.221921
Gávea,Brazil,South America,1900,Medium,Turf,Grande Prêmio Professor Nova Monteiro,JC Brasileiro,3,G3,,-22.973231,-43.221921
Gávea,Brazil,South America,1000,Sprint,Turf,Grande Prêmio Mário de Azevedo Ribeiro,JC Brasileiro,3,G3,,-22.973231,-43.221921
Gávea,Brazil,South America,2500,Long,Turf,Grande Prêmio ABCPCC - Taça Stud Book Brasileiro,JC Brasileiro,3,G3,,-22.973231,-43.221921
Gávea,Brazil,South America,1000,Sprint,Turf,Grande Prêmio Adhemar e Roberto G. de Faria,JC Brasileiro,3,G3,,-22.973231,-43.221921
Gávea,Brazil,South America,2000,Medium,Turf,Grande Prêmio Sandpit,JC Brasileiro,3,G3,,-22.973231,-43.221921
Gávea,Brazil,South America,1600,Mile,Dirt,Grande Prêmio João José e José Carlos de Figueiredo,JC Brasileiro,3,G3,,-22.973231,-43.221921
Gávea,Brazil,South America,1600,Mile,Turf,Grande Prêmio Guilherme F. Penteado,JC Brasileiro,3,G3,,-22.973231,-43.221921
Gávea,Brazil,South America,1000,Sprint,Turf,Grande Prêmio Costa Ferraz,JC Brasileiro,3,G3,,-22.973231,-43.221921
Gávea,Brazil,South America,1600,Mile,Turf,Grande Prêmio Octávio Dupont,JC Brasileiro,3,G3,,-22.973231,-43.221921
Gávea,Brazil,South America,1600,Mile,Turf,Grande Prêmio Ernani de Freitas,JC Brasileiro,3,G3,,-22.973231,-43.221921
Gávea,Brazil,South America,1600,Mile,Turf,Grande Prêmio Frederico Lundgren,JC Brasileiro,3,G3,,-22.973231,-43.221921
Gávea,Brazil,South America,1600,Mile,Turf,Grande Prêmio Mariano Procópio,JC Brasileiro,3,G3,,-22.973231,-43.221921
Gávea,Brazil,South America,1600,Mile,Turf,Grande Prêmio Bal a Bali,JC Brasileiro,4,Local,,-22.973231,-43.221921
Gávea,Brazil,South America,2000,Medium,Turf,Grande Prêmio Antônio Carlos Amorim,JC Brasileiro,4,Local,,-22.973231,-43.221921
Gávea,Brazil,South America,1000,Sprint,Turf,Grande Prêmio Alfredo Grumser,JC Brasileiro,4,Local,,-22.973231,-43.221921
Gávea,Brazil,South America,1500,Mile,Dirt,Grande Prêmio Eurico Solanés,JC Brasileiro,4,Local,,-22.973231,-43.221921
Gávea,Brazil,South America,1500,Mile,Turf,Grande Prêmio Ministerio da Agricultura,JC Brasileiro,4,Local,,-22.973231,-43.221921
Gávea,Brazil,South America,1500,Mile,Turf,Grande Prêmio José Calmon,JC Brasileiro,4,Local,,-22.973231,-43.221921
Gávea,Brazil,South America,2000,Medium,Turf,Grande Prêmio Marcos Ribas de Faria,JC Brasileiro,4,Local,,-22.973231,-43.221921
Gávea,Brazil,South America,1000,Sprint,Turf,Grande Prêmio Jockey Club de São Paulo,JC Brasileiro,4,Local,,-22.973231,-43.221921
Gávea,Brazil,South America,1600,Mile,Turf,Grande Prêmio Itajara,JC Brasileiro,4,Local,,-22.973231,-43.221921
Gávea,Brazil,South America,1900,Medium,Dirt,Grande Prêmio Delegações Turfísticas,JC Brasileiro,4,Local,,-22.973231,-43.221921
Gávea,Brazil,South America,1400,Sprint,Dirt,Grande Prêmio Breno Caldas - Taça Criação Gaúcha,JC Brasileiro,4,Local,,-22.973231,-43.221921
Gávea,Brazil,South America,1300,Sprint,Dirt,Grande Prêmio Luiz Gurgel do Amaral Valente - Taça Criação Paranaense,JC Brasileiro,4,Local,,-22.973231,-43.221921
Gávea,Brazil,South America,1400,Sprint,Turf,Grande Prêmio OSAF,JC Brasileiro,4,Local,,-22.973231,-43.221921
Gávea,Brazil,South America,1000,Sprint,Dirt,Grande Prêmio Imprensa,JC Brasileiro,4,Local,,-22.973231,-43.221921
Gávea,Brazil,South America,1500,Mile,Turf,Grande Prêmio Luiz Rigoni,JC Brasileiro,4,Local,,-22.973231,-43.221921
Gávea,Brazil,South America,3000,Long,Turf,Grande Prêmio Derby Club,JC Brasileiro,4,Local,,-22.973231,-43.221921
Gávea,Brazil,South America,2000,Medium,Turf,Grande Prêmio Ghadeer,JC Brasileiro,4,Local,,-22.973231,-43.221921
Gávea,Brazil,South America,1900,Medium,Dirt,Grande Prêmio Much Better,JC Brasileiro,4,Local,,-22.973231,-43.221921
Gávea,Brazil,South America,1600,Mile,Turf,Grande Prêmio Armando Rodrigues Carneiro,JC Brasileiro,4,Local,,-22.973231,-43.221921
Gávea,Brazil,South America,1200,Sprint,Dirt,Grande Prêmio São Francisco Xavier,JC Brasileiro,4,Local,,-22.973231,-43.221921
Cristal,Brazil,South America,2400,Long,Dirt,Grande Prêmio Bento Gonçalves,JCRGS,1,G1,,-30.087161,-51.242445
Cristal,Brazil,South America,2200,Medium,Dirt,Grande Prêmio Protetora do Turfe,JCRGS,3,G3,,-30.087161,-51.242445
Cristal,Brazil,South America,1600,Mile,Dirt,Grande Prêmio Copa ABCPCC,JCRGS,3,G3,,-30.087161,-51.242445
Cristal,Brazil,South America,1600,Mile,Dirt,Copa ABCPCC Regional,JCRGS,4,Local,,-30.087161,-51.242445
Cristal,Brazil,South America,1600,Mile,Dirt,Grande Prêmio Presidente da República,JCRGS,4,Local,,-30.087161,-51.242445
Cristal,Brazil,South America,2200,Medium,Dirt,Grande Prêmio Protetora do Turfe,JCRGS,4,Local,,-30.087161,-51.242445
Cristal,Brazil,South America,2200,Medium,Dirt,Grande Prêmio do Rio Grande do Sul,JCRGS,4,Local,,-30.087161,-51.242445
Cristal,Brazil,South America,2000,Medium,Dirt,Grande Prêmio Diana,JCRGS,4,Local,,-30.087161,-51.242445
Cristal,Brazil,South America,1600,Mile,Dirt,Grande Prêmio Taça de Cristal,JCRGS,4,Local,,-30.087161,-51.242445
Cristal,Brazil,South America,2200,Medium,Dirt,Grande Prêmio Estado do Rio Grande do Sul,JCRGS,4,Local,,-30.087161,-51.242445
Cristal,Brazil,South America,700,Sprint,Turf,Grande Prêmio Turfe Gaúcho,JCRGS,4,Local,,-30.087161,-51.242445
Cristal,Brazil,South America,1300,Sprint,Turf,Clássico Imprensa,JCRGS,4,Local,,-30.087161,-51.242445
Cristal,Brazil,South America,2000,Medium,Turf,Clássico Cidade de Porto Alegre,JCRGS,4,Local,,-30.087161,-51.242445
Tarumã,Brazil,South America,2000,Medium,Turf,Grande Prêmio Paraná,JCPR,3,G3,,-30.0486,-51.0192
Tarumã,Brazil,South America,1200,Sprint,Turf,Clássico Luiz Gurgel do Amaral Valente,JCPR,4,Local,,-30.0486,-51.0192
Tarumã,Brazil,South America,1400,Sprint,Dirt,Clássico A.B.C.P.C.C.,JCPR,4,Local,,-30.0486,-51.0192
Tarumã,Brazil,South America,2000,Medium,Dirt,Clássico Derby Paranaense,JCPR,4,Local,,-30.0486,-51.0192
Tarumã,Brazil,South America,1400,Sprint,Dirt,Clássico Alô Ticoulat Guimarães,JCPR,4,Local,,-30.0486,-51.0192
Tarumã,Brazil,South America,1600,Mile,Dirt,Clássico Criadores - Criterium Paranaense,JCPR,4,Local,,-30.0486,-51.0192
Tarumã,Brazil,South America,1600,Mile,Dirt,Clássico Governador do Estado,JCPR,4,Local,,-30.0486,-51.0192
Tarumã,Brazil,South America,1800,Mile,Turf,Clássico Primavera,JCPR,4,Local,,-30.0486,-51.0192
Tarumã,Brazil,South America,1200,Sprint,Turf,Clássico Ciro Frare,JCPR,4,Local,,-30.0486,-51.0192
Tarumã,Brazil,South America,1000,Sprint,Dirt,Grande Prêmio Lions Heart,JCPR,4,Local,,-30.0486,-51.0192
Tarumã,Brazil,South America,1400,Sprint,Dirt,Prova Especial Claudio Roberto Guimarães Ribas,JCPR,4,Local,,-30.0486,-51.0192
Tarumã,Brazil,South America,1300,Sprint,Dirt,Clássico Hora da Vitória,JCPR,4,Local,,-30.0486,-51.0192
Tarumã,Brazil,South America,2400,Long,Dirt,Clássico Bento Munhoz da Rocha Neto,JCPR,4,Local,,-30.0486,-51.0192
Tarumã,Brazil,South America,2000,Medium,Dirt,Prêmio Taça Hipódromo Do Tarumã,JCPR,4,Local,,-30.0486,-51.0192
Tarumã,Brazil,South America,1000,Sprint,Dirt,Seletivas do XXIII Turfe Paranaense,JCPR,4,Local,,-30.0486,-51.0192
Santiago,Chile,South America,2000,Medium,Turf,Clásico Club Hípico de Santiago - Falabella,CHS S.A.,1,G1,,-33.4683,-70.6669
Santiago,Chile,South America,1600,Mile,Turf,Clásico Arturo Lyon Peña,CHS S.A.,1,G1,,-33.4683,-70.6669
Santiago,Chile,South America,1600,Mile,Turf,Clásico Alberto Vial Infante,CHS S.A.,1,G1,,-33.4683,-70.6669
Santiago,Chile,South America,1700,Mile,Turf,Clásico Polla de Potrancas (Joaquin Morande T.),CHS S.A.,1,G1,,-33.4683,-70.6669
Santiago,Chile,South America,1700,Mile,Turf,Clásico Polla de Potrillos (Roberto Allende U.),CHS S.A.,1,G1,,-33.4683,-70.6669
Santiago,Chile,South America,2000,Medium,Turf,Clásico Nacional Ricardo Lyon,CHS S.A.,1,G1,,-33.4683,-70.6669
Santiago,Chile,South America,2400,Long,Turf,Clásico El Ensayo,CHS S.A.,1,G1,Chile Triple Crown,-33.4683,-70.6669
Santiago,Chile,South America,2000,Medium,Turf,Clásico Las Oaks,CHS S.A.,1,G1,,-33.4683,-70.6669
Santiago,Chile,South America,2000,Medium,Turf,Gran Premio Latinoamericano,CHS S.A.,1,G1,,-33.4683,-70.6669
Santiago,Chile,South America,2000,Medium,Turf,Clásico Verano - Arturo Cousiño L.,CHS S.A.,2,G2,,-33.4683,-70.6669
Santiago,Chile,South America,2000,Medium,Turf,Gran Clásico Coronación (Pablo Baraona U.),CHS S.A.,2,G2,,-33.4683,-70.6669
Santiago,Chile,South America,2000,Medium,Turf,Clásico Otoño - Pedro García de la Huerta,CHS S.A.,2,G2,,-33.4683,-70.6669
Santiago,Chile,South America,1800,Mile,Turf,Clásico Carlos Campino L.,CHS S.A.,2,G2,,-33.4683,-70.6669
Santiago,Chile,South America,1600,Mile,Turf,Clásico Criadores Machos - Marcel Zarour A.,CHS S.A.,2,G2,,-33.4683,-70.6669
Santiago,Chile,South America,1600,Mile,Turf,Clásico Criadores Hembras - Carlos Hirmas A.,CHS S.A.,2,G2,,-33.4683,-70.6669
Santiago,Chile,South America,2000,Medium,Turf,Clásico Francisco Baeza S.,CHS S.A.,2,G2,,-33.4683,-70.6669
Santiago,Chile,South America,2000,Medium,Turf,Copa de Oro (María Luisa Solari F.),CHS S.A.,2,G2,,-33.4683,-70.6669
Santiago,Chile,South America,1300,Sprint,Turf,Clásico Cotejo de Potrancas,CHS S.A.,3,G3,,-33.4683,-70.6669
Santiago,Chile,South America,1300,Sprint,Turf,Clásico Cotejo de Potrillos,CHS S.A.,3,G3,,-33.4683,-70.6669
Santiago,Chile,South America,1600,Mile,Turf,Clásico Alvaro Covarrubias P.,CHS S.A.,3,G3,,-33.4683,-70.6669
Santiago,Chile,South America,1600,Mile,Turf,Clásico Julio Subercaseaux B.,CHS S.A.,3,G3,,-33.4683,-70.6669
Santiago,Chile,South America,1600,Mile,Turf,Clásico Carlos Valdés I.,CHS S.A.,3,G3,,-33.4683,-70.6669
Santiago,Chile,South America,1600,Mile,Turf,Clásico Raimundo Valdés C.,CHS S.A.,3,G3,,-33.4683,-70.6669
Santiago,Chile,South America,2000,Medium,Turf,Clásico Invierno - Sergio Del Sante M.,CHS S.A.,3,G3,,-33.4683,-70.6669
Santiago,Chile,South America,2000,Medium,Turf,Clásico Preparación - Luis Cousiño S.,CHS S.A.,3,G3,,-33.4683,-70.6669
Santiago,Chile,South America,2000,Medium,Turf,Clásico Lisímaco Jaraquemada,CHS S.A.,3,G3,,-33.4683,-70.6669
Santiago,Chile,South America,1000,Sprint,Turf,Clásico Velocidad,CHS S.A.,3,G3,,-33.4683,-70.6669
Santiago,Chile,South America,2000,Medium,Turf,Clásico Primavera - Hernán Braun P y Carolina Budge de B.,CHS S.A.,3,G3,,-33.4683,-70.6669
Santiago,Chile,South America,1800,Mile,Turf,Paddock Stakes,CHS S.A.,3,G3,,-33.4683,-70.6669
Santiago,Chile,South America,2400,Long,Turf,La Copa,CHS S.A.,3,G3,,-33.4683,-70.6669
Santiago,Chile,South America,2000,Medium,Turf,Clásico Haras de Chile,CHS S.A.,4,Local,,-33.4683,-70.6669
Santiago,Chile,South America,1600,Mile,Turf,Clásico Geoffrey Bushell W.,CHS S.A.,4,Local,,-33.4683,-70.6669
Santiago,Chile,South America,1200,Sprint,Turf,Clásico Carlos Cousiño G.,CHS S.A.,4,Local,,-33.4683,-70.6669
Santiago,Chile,South America,1200,Sprint,Turf,Clásico Luis Subercaseaux E.,CHS S.A.,4,Local,,-33.4683,-70.6669
Santiago,Chile,South America,1600,Mile,Turf,Clásico Ismael Tocornal,CHS S.A.,4,Local,,-33.4683,-70.6669
Santiago,Chile,South America,2000,Medium,Turf,Clásico Luis Aldunate Carrera,CHS S.A.,4,Local,,-33.4683,-70.6669
Santiago,Chile,South America,1700,Mile,Turf,Clásico Ilustre Municipalidad de Santiago,CHS S.A.,4,Local,,-33.4683,-70.6669
Santiago,Chile,South America,1300,Sprint,Turf,Clásico Luis Larraín Prieto,CHS S.A.,4,Local,,-33.4683,-70.6669
Santiago,Chile,South America,1300,Sprint,Turf,Clásico Luis Dávila Larrain,CHS S.A.,4,Local,,-33.4683,-70.6669
Santiago,Chile,South America,2000,Medium,Turf,Clásico Carreras del '20,CHS S.A.,4,Local,,-33.4683,-70.6669
Santiago,Chile,South America,1700,Mile,Turf,Clásico Jorge Baraona Puelma,CHS S.A.,4,Local,,-33.4683,-70.6669
Santiago,Chile,South America,1700,Mile,Turf,Clásico Ignacio Urrutia de la Sotta,CHS S.A.,4,Local,,-33.4683,-70.6669
Hipódromo Chile,Chile,South America,2200,Medium,Dirt,Gran Premio Hipódromo Chile,SHC S.A.,1,G1,,-33.4038,-70.6668
Hipódromo Chile,Chile,South America,1500,Mile,Dirt,Gran Premio Tanteo de Potrancas,SHC S.A.,1,G1,,-33.4038,-70.6668
Hipódromo Chile,Chile,South America,1500,Mile,Dirt,Tanteo de Potrillos,SHC S.A.,1,G1,,-33.4038,-70.6668
Hipódromo Chile,Chile,South America,1600,Mile,Dirt,Mil Guineas María Luisa Solari Falabella,SHC S.A.,1,G1,,-33.4038,-70.6668
Hipódromo Chile,Chile,South America,1600,Mile,Dirt,Dos Mil Guineas,SHC S.A.,1,G1,,-33.4038,-70.6668
Hipódromo Chile,Chile,South America,1900,Medium,Dirt,Gran Criterium Mauricio Serrano Palma,SHC S.A.,1,G1,,-33.4038,-70.6668
Hipódromo Chile,Chile,South America,2000,Medium,Dirt,Gran Premio Alberto Solari Magnasco,SHC S.A.,1,G1,,-33.4038,-70.6668
Hipódromo Chile,Chile,South America,2200,Medium,Dirt,Clásico St. Leger,SHC S.A.,1,G1,Chile Triple Crown,-33.4038,-70.6668
Hipódromo Chile,Chile,South America,2000,Medium,Dirt,Gran Premio Latinoamericano,SHC S.A.,1,G1,,-33.4038,-70.6668
Hipódromo Chile,Chile,South America,1600,Mile,Dirt,Clásico Fernando Moller Bordeu,SHC S.A.,2,G2,,-33.4038,-70.6668
Hipódromo Chile,Chile,South America,2400,Long,Dirt,Gran Premio de Honor,SHC S.A.,2,G2,,-33.4038,-70.6668
Hipódromo Chile,Chile,South America,1600,Mile,Dirt,Gran Premio Criadores Eugenio Zegers León,SHC S.A.,2,G2,,-33.4038,-70.6668
Hipódromo Chile,Chile,South America,1500,Mile,Dirt,Gran Premio Criadores Salvador Hess Riveros,SHC S.A.,2,G2,,-33.4038,-70.6668
Hipódromo Chile,Chile,South America,1500,Mile,Dirt,Clásico Domingo Segundo Herrera Martínez,SHC S.A.,2,G2,,-33.4038,-70.6668
Hipódromo Chile,Chile,South America,1800,Mile,Dirt,Clásico Fernando Coloma Reyes,SHC S.A.,2,G2,,-33.4038,-70.6668
Hipódromo Chile,Chile,South America,2000,Medium,Dirt,Clásico Haras de Chile Marcel Zarour Atanacio,SHC S.A.,2,G2,,-33.4038,-70.6668
Hipódromo Chile,Chile,South America,2000,Medium,Dirt,Clásico Julio Castro Ruiz,SHC S.A.,3,G3,,-33.4038,-70.6668
Hipódromo Chile,Chile,South America,1200,Sprint,Dirt,Clásico Selección de Potrancas,SHC S.A.,3,G3,,-33.4038,-70.6668
Hipódromo Chile,Chile,South America,1200,Sprint,Dirt,Clásico Selección de Potrillos,SHC S.A.,3,G3,,-33.4038,-70.6668
Hipódromo Chile,Chile,South America,2200,Medium,Dirt,Clásico Pedro Del Río Talavera,SHC S.A.,3,G3,,-33.4038,-70.6668
Hipódromo Chile,Chile,South America,1300,Sprint,Dirt,Clásico Juan Cavieres Mella,SHC S.A.,3,G3,,-33.4038,-70.6668
Hipódromo Chile,Chile,South America,1300,Sprint,Dirt,Clásico Ignacio Urrutia de la Sotta e Ignacio Urrutia del Río,SHC S.A.,3,G3,,-33.4038,-70.6668
Hipódromo Chile,Chile,South America,1500,Mile,Dirt,Clásico José Saavedra Baeza,SHC S.A.,3,G3,,-33.4038,-70.6668
Hipódromo Chile,Chile,South America,1500,Mile,Dirt,Clásico Víctor Matetic Fernández,SHC S.A.,3,G3,,-33.4038,-70.6668
Hipódromo Chile,Chile,South America,1500,Mile,Dirt,Clásico Carlos Allende Navarro y Roberto Allende Urrutia,SHC S.A.,3,G3,,-33.4038,-70.6668
Hipódromo Chile,Chile,South America,2000,Medium,Dirt,Clásico Libertador Bernardo O'Higgins Riquelme,SHC S.A.,3,G3,,-33.4038,-70.6668
Hipódromo Chile,Chile,South America,1800,Mile,Dirt,Clásico General José M.Carrera Verdugo,SHC S.A.,3,G3,,-33.4038,-70.6668
Hipódromo Chile,Chile,South America,1000,Sprint,Dirt,Clásico Selección de Velocistas,SHC S.A.,3,G3,,-33.4038,-70.6668
Hipódromo Chile,Chile,South America,2000,Medium,Dirt,Clásico Julio Prado Amor,SHC S.A.,4,Local,,-33.4038,-70.6668
Hipódromo Chile,Chile,South America,1400,Sprint,Dirt,Clásico Sociedad Hípica Luis Cousiño,SHC S.A.,4,Local,,-33.4038,-70.6668
Hipódromo Chile,Chile,South America,1600,Mile,Dirt,Gran Handicap de Chile,SHC S.A.,4,Local,,-33.4038,-70.6668
Hipódromo Chile,Chile,South America,1500,Mile,Dirt,Clásico Fuerza Aérea de Chile,SHC S.A.,4,Local,,-33.4038,-70.6668
Hipódromo Chile,Chile,South America,1600,Mile,Dirt,Clásico Coronel Santiago Bueras,SHC S.A.,4,Local,,-33.4038,-70.6668
Hipódromo Chile,Chile,South America,1500,Mile,Dirt,Clásico Carabineros de Chile,SHC S.A.,4,Local,,-33.4038,-70.6668
Hipódromo Chile,Chile,South America,1400,Sprint,Dirt,Clásico Alberto Vial Letelier,SHC S.A.,4,Local,,-33.4038,-70.6668
Hipódromo Chile,Chile,South America,1400,Sprint,Dirt,Clásico Raúl Spoerer Carmona y Raúl Spoerer Urrutia,SHC S.A.,4,Local,,-33.4038,-70.6668
Hipódromo Chile,Chile,South America,1800,Mile,Dirt,Clásico Armada de Chile,SHC S.A.,4,Local,,-33.4038,-70.6668
Hipódromo Chile,Chile,South America,1600,Mile,Dirt,Clásico Carlos Bello Silva,SHC S.A.,4,Local,,-33.4038,-70.6668
Hipódromo Chile,Chile,South America,1600,Mile,Dirt,Clásico Francisco Astaburuaga Ariztia,SHC S.A.,4,Local,,-33.4038,-70.6668
Hipódromo Chile,Chile,South America,2000,Medium,Dirt,Clásico Ejercito de Chile,SHC S.A.,4,Local,,-33.4038,-70.6668
Hipódromo Chile,Chile,South America,1800,Mile,Dirt,Clásico Luis Vera Calderón y Luis Vera Giannini,SHC S.A.,4,Local,,-33.4038,-70.6668
Hipódromo Chile,Chile,South America,1500,Mile,Dirt,Clásico Constancio Sílva Mandiola,SHC S.A.,4,Local,,-33.4038,-70.6668
Hipódromo Chile,Chile,South America,2000,Medium,Dirt,Clásico Guillermo Del Pedregal Herrera,SHC S.A.,4,Local,,-33.4038,-70.6668
Valparaiso,Chile,South America,2400,Long,Turf,Clásico El Derby,VSC S.A.,1,G1,Chile Triple Crown,-33.022482,-71.539278
Valparaiso,Chile,South America,2400,Long,Dirt,Gran Premio Latinoamericano,VSC S.A.,1,G1,,-33.022482,-71.539278
Valparaiso,Chile,South America,2400,Long,Turf,Gran Premio Latinoamericano,VSC S.A.,1,G1,,-33.022482,-71.539278
Valparaiso,Chile,South America,1900,Medium,Turf,Copa Jackson,VSC S.A.,2,G2,,-33.022482,-71.539278
Valparaiso,Chile,South America,1300,Sprint,Turf,Clásico El Estreno Nicanor Señoret,VSC S.A.,2,G2,,-33.022482,-71.539278
Valparaiso,Chile,South America,1400,Sprint,Turf,Gran Premio Gonzalo Bofill de Caso,VSC S.A.,2,G2,,-33.022482,-71.539278
Valparaiso,Chile,South America,1600,Mile,Turf,Copa de Plata Italo Traverso P.,VSC S.A.,2,G2,,-33.022482,-71.539278
Valparaiso,Chile,South America,1600,Mile,Turf,Clásico Alberto Solari M.,VSC S.A.,3,G3,,-33.022482,-71.539278
Valparaiso,Chile,South America,1600,Mile,Turf,Clásico Thompson Matthews,VSC S.A.,3,G3,,-33.022482,-71.539278
Valparaiso,Chile,South America,1900,Medium,Turf,Clásico Municipal de Viña del Mar (Handicap Libre),VSC S.A.,3,G3,,-33.022482,-71.539278
Valparaiso,Chile,South America,1900,Medium,Dirt,Clásico Valparaiso Sporting (Handicap Libre),VSC S.A.,3,G3,,-33.022482,-71.539278
Valparaiso,Chile,South America,1900,Medium,Turf,Clásico Alfredo L.S. Jackson,VSC S.A.,3,G3,,-33.022482,-71.539278
Valparaiso,Chile,South America,1600,Mile,Turf,Copa El Mercurio (Handicap Libre),VSC S.A.,4,Local,,-33.022482,-71.539278
Valparaiso,Chile,South America,1600,Mile,Turf,Clásico Hugo P. Bourchier,VSC S.A.,4,Local,,-33.022482,-71.539278
Valparaiso,Chile,South America,1500,Mile,Dirt,Clásico Gustavo Rivera B.,VSC S.A.,4,Local,,-33.022482,-71.539278
Valparaiso,Chile,South America,1600,Mile,Turf,Clásico Asociacion de Propietarios Fina Sangre de Carrera A.G. V Region,VSC S.A.,4,Local,,-33.022482,-71.539278
Valparaiso,Chile,South America,1500,Mile,Turf,Clásico Victor Raby y Carlos Raby,VSC S.A.,4,Local,,-33.022482,-71.539278
Monterrico,Peru,South America,2400,Long,Dirt,Gran Premio Jockey Club del Perú,JC del Perú,1,G1,,-12.092787,-76.977275
Monterrico,Peru,South America,2000,Medium,Turf,Gran Premio Pamplona,JC del Perú,1,G1,,-12.092787,-76.977275
Monterrico,Peru,South America,1600,Mile,Dirt,Gran Premio Polla de Potrillos,JC del Perú,1,G1,Peru Triple Crown,-12.092787,-76.977275
Monterrico,Peru,South America,1600,Mile,Dirt,Gran Premio Polla de Potrillos,JC del Perú,1,G1,Peru Quadruple Crown,-12.092787,-76.977275
Monterrico,Peru,South America,1600,Mile,Dirt,Gran Premio Polla de Potrancas,JC del Perú,1,G1,Peru Triple Tiara,-12.092787,-76.977275
Monterrico,Peru,South America,2400,Long,Dirt,Derby Nacional,JC del Perú,1,G1,Peru Triple Crown,-12.092787,-76.977275
Monterrico,Peru,South America,2400,Long,Dirt,Derby Nacional,JC del Perú,1,G1,Peru Quadruple Crown,-12.092787,-76.977275
Monterrico,Peru,South America,2400,Long,Dirt,Derby Nacional,JC del Perú,1,G1,Peru Triple Tiara,-12.092787,-76.977275
Monterrico,Peru,South America,2400,Long,Turf,Gran Premio Nacional “Augusto B. Leguía”,JC del Perú,1,G1,Peru Quadruple Crown,-12.092787,-76.977275
Monterrico,Peru,South America,2000,Medium,Dirt,Clásico Ricardo Ortiz de Zevallos,JC del Perú,1,G1,Peru Triple Crown,-12.092787,-76.977275
Monterrico,Peru,South America,2000,Medium,Dirt,Clásico Ricardo Ortiz de Zevallos,JC del Perú,1,G1,Peru Quadruple Crown,-12.092787,-76.977275
Monterrico,Peru,South America,2000,Medium,Dirt,Clásico Enrique Ayulo Pardo,JC del Perú,1,G1,Peru Triple Tiara,-12.092787,-76.977275
Monterrico,Peru,South America,2000,Medium,Dirt,Gran Premio Latinoamericano,JC del Perú,1,G1,,-12.092787,-76.977275
Monterrico,Peru,South America,2000,Medium,Turf,Gran Premio Latinoamericano,JC del Perú,1,G1,,-12.092787,-76.977275
Monterrico,Peru,South America,2000,Medium,Turf,Gran Premio Ciudad De Lima,JC del Perú,2,G2,,-12.092787,-76.977275
Monterrico,Peru,South America,2000,Medium,Dirt,Gran Premio Enrique Meiggs,JC del Perú,2,G2,,-12.092787,-76.977275
Monterrico,Peru,South America,2000,Medium,Dirt,Gran Premio Alfredo Benavides y Alfredo Diez Canseco,JC del Perú,2,G2,,-12.092787,-76.977275
Monterrico,Peru,South America,2200,Medium,Dirt,La Copa,JC del Perú,2,G2,,-12.092787,-76.977275
Monterrico,Peru,South America,1600,Mile,Dirt,Gran Premio O.S.A.F.,JC del Perú,2,G2,,-12.092787,-76.977275
Monterrico,Peru,South America,2400,Long,Dirt,Gran Premio Independencia,JC del Perú,2,G2,,-12.092787,-76.977275
Monterrico,Peru,South America,1600,Mile,Dirt,Gran Premio Polla de Potrillos – Roberto Alvarez Calderón Rey,JC del Perú,2,G2,,-12.092787,-76.977275
Monterrico,Peru,South America,2000,Medium,Dirt,Gran Premio Enrique Ayulo Pardo,JC del Perú,2,G2,,-12.092787,-76.977275
Monterrico,Peru,South America,2000,Medium,Dirt,Gran Premio Ricardo Ortíz de Zevallos,JC del Perú,2,G2,,-12.092787,-76.977275
Monterrico,Peru,South America,2000,Medium,Turf,Gran Premio Almirante Miguel Grau Seminario,JC del Perú,2,G2,,-12.092787,-76.977275
Monterrico,Peru,South America,2200,Medium,Dirt,Gran Premio Hipódromo de Monterrico,JC del Perú,2,G2,,-12.092787,-76.977275
Monterrico,Peru,South America,2400,Long,Turf,Gran Premio Presidente de la República,JC del Perú,2,G2,,-12.092787,-76.977275
Monterrico,Peru,South America,2400,Long,Turf,Gran Premio Postin,JC del Perú,2,G2,,-12.092787,-76.977275
Monterrico,Peru,South America,1000,Sprint,Dirt,Gran Premio Velocidad,JC del Perú,3,G3,,-12.092787,-76.977275
Monterrico,Peru,South America,2000,Medium,Turf,Gran Premio Baldomero Aspíllaga,JC del Perú,3,G3,,-12.092787,-76.977275
Monterrico,Peru,South America,2000,Medium,Dirt,Gran Premio Felipe Pardo y Barreda,JC del Perú,3,G3,,-12.092787,-76.977275
Monterrico,Peru,South America,1900,Medium,Turf,Gran Premio Miguel A. Checa Eguiguren,JC del Perú,3,G3,,-12.092787,-76.977275
Monterrico,Peru,South America,2000,Medium,Turf,Gran Premio República Argentina,JC del Perú,3,G3,,-12.092787,-76.977275
Monterrico,Peru,South America,1000,Sprint,Dirt,Gran Premio América,JC del Perú,3,G3,,-12.092787,-76.977275
Monterrico,Peru,South America,1800,Mile,Turf,Gran Premio Pedro García Miró,JC del Perú,3,G3,,-12.092787,-76.977275
Monterrico,Peru,South America,2800,Long,Turf,Gran Premio Santorín - Augusto Maggiolo Cavenecia,JC del Perú,3,G3,,-12.092787,-76.977275
Monterrico,Peru,South America,2300,Medium,Dirt,Gran Premio Comercio,JC del Perú,3,G3,,-12.092787,-76.977275
Monterrico,Peru,South America,1800,Mile,Turf,Gran Premio Miguel Fort Magot,JC del Perú,3,G3,,-12.092787,-76.977275
Monterrico,Peru,South America,1800,Mile,Turf,Gran Premio Claudio Fernandez Concha,JC del Perú,3,G3,,-12.092787,-76.977275
Monterrico,Peru,South America,2000,Medium,Dirt,Gran Premio Asociación Propietarios de Caballos de Carrera Perú,JC del Perú,3,G3,,-12.092787,-76.977275
Monterrico,Peru,South America,1600,Mile,Dirt,Gran Premio Juan Magot Rosselló,JC del Perú,3,G3,,-12.092787,-76.977275
Monterrico,Peru,South America,2000,Medium,Turf,Gran Premio Oscar Berckemeyer Pazos,JC del Perú,3,G3,,-12.092787,-76.977275
Monterrico,Peru,South America,2000,Medium,Turf,Gran Premio Gustavo Prado Heudebert,JC del Perú,3,G3,,-12.092787,-76.977275
Monterrico,Peru,South America,2000,Medium,Dirt,Gran Premio César A. del Río Suito,JC del Perú,3,G3,,-12.092787,-76.977275
Monterrico,Peru,South America,2000,Medium,Dirt,Gran Premio Mariano Ignacio Prado,JC del Perú,3,G3,,-12.092787,-76.977275
Monterrico,Peru,South America,1700,Mile,Dirt,Gran Premio José Rodríguez Razzeto,JC del Perú,3,G3,,-12.092787,-76.977275
Monterrico,Peru,South America,1600,Mile,Dirt,Gran Premio Perinox,JC del Perú,4,Local,,-12.092787,-76.977275
Monterrico,Peru,South America,1200,Sprint,Turf,Gran Premio Frau Astrid,JC del Perú,4,Local,,-12.092787,-76.977275
Monterrico,Peru,South America,1600,Mile,Dirt,Gran Premio Galeno,JC del Perú,4,Local,,-12.092787,-76.977275
Monterrico,Peru,South America,1000,Sprint,Dirt,Gran Premio Gustavo Luna Vértiz,JC del Perú,4,Local,,-12.092787,-76.977275
Monterrico,Peru,South America,2000,Medium,Dirt,Gran Premio Aniversario Fundación del Jockey Club del Perú,JC del Perú,4,Local,,-12.092787,-76.977275
Monterrico,Peru,South America,1200,Sprint,Dirt,Gran Premio Enrique D. Barreda y Ricardo Barreda Laos,JC del Perú,4,Local,,-12.092787,-76.977275
Monterrico,Peru,South America,1200,Sprint,Dirt,Gran Premio Carlos II Watson y Eduardo F.G. Watson,JC del Perú,4,Local,,-12.092787,-76.977275
Monterrico,Peru,South America,2000,Medium,Turf,Gran Premio Ernesto Ayulo Pardo,JC del Perú,4,Local,,-12.092787,-76.977275
Monterrico,Peru,South America,1600,Mile,Dirt,Gran Premio Reina Isabel II,JC del Perú,4,Local,,-12.092787,-76.977275
Monterrico,Peru,South America,1300,Sprint,Dirt,Gran Premio Arrabal,JC del Perú,4,Local,,-12.092787,-76.977275
Monterrico,Peru,South America,1300,Sprint,Dirt,Gran Premio Roberto Alvarez Calderón Granados,JC del Perú,4,Local,,-12.092787,-76.977275
Monterrico,Peru,South America,1300,Sprint,Dirt,Gran Premio Mario Manzur Chamy,JC del Perú,4,Local,,-12.092787,-76.977275
Monterrico,Peru,South America,1400,Sprint,Dirt,Gran Premio Augusto Mostajo Barrera,JC del Perú,4,Local,,-12.092787,-76.977275
Monterrico,Peru,South America,1400,Sprint,Dirt,Gran Premio Luis Olaechea Du Bois,JC del Perú,4,Local,,-12.092787,-76.977275
Monterrico,Peru,South America,1000,Sprint,Dirt,Gran Premio Greek Prince,JC del Perú,4,Local,,-12.092787,-76.977275
Monterrico,Peru,South America,1600,Mile,Dirt,Gran Premio Coronel Alfonso Ugarte,JC del Perú,4,Local,,-12.092787,-76.977275
Monterrico,Peru,South America,1800,Mile,Turf,Gran Premio Coronel Francisco Bolognesi,JC del Perú,4,Local,,-12.092787,-76.977275
Monterrico,Peru,South America,2000,Medium,Dirt,Gran Premio Estados Unidos de Norteamérica,JC del Perú,4,Local,,-12.092787,-76.977275
Monterrico,Peru,South America,1600,Mile,Dirt,Gran Premio Hipódromo de Santa Beatriz,JC del Perú,4,Local,,-12.092787,-76.977275
Monterrico,Peru,South America,1600,Mile,Dirt,Gran Premio Hipódromo de San Felipe,JC del Perú,4,Local,,-12.092787,-76.977275
Monterrico,Peru,South America,1400,Sprint,Dirt,Gran Premio Enrique Martinelli Tizón,JC del Perú,4,Local,,-12.092787,-76.977275
Monterrico,Peru,South America,1900,Medium,Turf,Gran Premio Mari July,JC del Perú,4,Local,,-12.092787,-76.977275
Monterrico,Peru,South America,1800,Mile,Turf,Gran Premio Batalla de Tarapacá,JC del Perú,4,Local,,-12.092787,-76.977275
Monterrico,Peru,South America,2000,Medium,Turf,Gran Premio Batalla de Ayacucho,JC del Perú,4,Local,,-12.092787,-76.977275
Monterrico,Peru,South America,2400,Long,Turf,Gran Premio Laredo,JC del Perú,4,Local,,-12.092787,-76.977275
Las Piedras,Uruguay,South America,2000,Medium,Dirt,Clásico 88 Aniversario Hipódromo Las Piedras,HRU,4,Local,,-34.717,-56.215
Las Piedras,Uruguay,South America,1400,Sprint,Dirt,Clásico Roberto Irazoqui,HRU,4,Local,,-34.717,-56.215
Las Piedras,Uruguay,South America,1800,Mile,Dirt,Clásico Doctor Aureliano Rodríguez Larreta,HRU,4,Local,,-34.717,-56.215
Las Piedras,Uruguay,South America,1200,Sprint,Dirt,Clásico Arturo Pineyro,HRU,4,Local,,-34.717,-56.215
Las Piedras,Uruguay,South America,1300,Sprint,Dirt,Clásico Ubal Migues,HRU,4,Local,,-34.717,-56.215
Las Piedras,Uruguay,South America,2000,Medium,Dirt,Gran Premio Batalla de las Piedras,HRU,4,Local,,-34.717,-56.215
Las Piedras,Uruguay,South America,2000,Medium,Dirt,Clásico Comparación,HRU,4,Local,,-34.717,-56.215
Las Piedras,Uruguay,South America,1400,Sprint,Dirt,Preferencial Municipio de Las Piedras,HRU,4,Local,,-34.717,-56.215
Las Piedras,Uruguay,South America,2000,Medium,Dirt,Gran Premio Selección Pedrense,HRU,4,Local,,-34.717,-56.215
Las Piedras,Uruguay,South America,1300,Sprint,Dirt,Preferencial Arq,HRU,4,Local,,-34.717,-56.215
Las Piedras,Uruguay,South America,1100,Sprint,Dirt,Preferencial Julio Sosa,HRU,4,Local,,-34.717,-56.215
Las Piedras,Uruguay,South America,1300,Sprint,Dirt,Premio Parrandero Plick,HRU,4,Local,,-34.717,-56.215
Las Piedras,Uruguay,South America,1000,Sprint,Dirt,Teoria De Caid H,HRU,4,Local,,-34.717,-56.215
Maroñas,Uruguay,South America,2400,Long,Dirt,Gran Premio José Pedro Ramírez,HRU,1,G1,,-34.839555,-56.142926
Maroñas,Uruguay,South America,2000,Medium,Dirt,Gran Premio Ciudad de Montevideo,HRU,1,G1,,-34.839555,-56.142926
Maroñas,Uruguay,South America,1600,Mile,Dirt,Gran Premio Polla de Potrillos,HRU,1,G1,Uruguay Triple Crown,-34.839555,-56.142926
Maroñas,Uruguay,South America,1600,Mile,Dirt,Gran Premio Polla de Pontrancas,HRU,1,G1,Uruguay Triple Tiara,-34.839555,-56.142926
Maroñas,Uruguay,South America,2000,Medium,Turf,Gran Premio Jockey Club,HRU,1,G1,Uruguay Triple Crown,-34.839555,-56.142926
Maroñas,Uruguay,South America,2000,Medium,Turf,Gran Premio Jockey Club,HRU,1,G1,Uruguay Triple Tiara,-34.839555,-56.142926
Maroñas,Uruguay,South America,2500,Long,Dirt,Gran Premio Nacional (Uruguayan Derby),HRU,1,G1,Uruguay Triple Crown,-34.839555,-56.142926
Maroñas,Uruguay,South America,2000,Medium,Dirt,Gran Premio Selección,HRU,1,G1,Uruguay Triple Tiara,-34.839555,-56.142926
Maroñas,Uruguay,South America,2000,Medium,Dirt,Gran Premio Latinoamericano,HRU,1,G1,,-34.839555,-56.142926
Maroñas,Uruguay,South America,2000,Medium,Turf,Gran Premio Latinoamericano,HRU,1,G1,,-34.839555,-56.142926
Maroñas,Uruguay,South America,1600,Mile,Dirt,Gran Premio Pedro Piñeyrúa,HRU,1,G1,,-34.839555,-56.142926
Maroñas,Uruguay,South America,2400,Long,Dirt,Gran Premio General Artigas,HRU,2,G2,,-34.839555,-56.142926
Maroñas,Uruguay,South America,1400,Sprint,Dirt,Gran Premio Criterium,HRU,2,G2,,-34.839555,-56.142926
Maroñas,Uruguay,South America,2000,Medium,Dirt,Gran Premio Estímulo,HRU,2,G2,,-34.839555,-56.142926
Maroñas,Uruguay,South America,2400,Long,Dirt,Gran Premio Comparación,HRU,2,G2,,-34.839555,-56.142926
Maroñas,Uruguay,South America,1200,Sprint,Turf,Gran Premio José Serrato,HRU,3,G3,,-34.839555,-56.142926
Maroñas,Uruguay,South America,2100,Medium,Turf,Gran Premio Manuel Quintela,HRU,3,G3,,-34.839555,-56.142926
Maroñas,Uruguay,South America,2000,Medium,Dirt,Gran Premio Los Haras,HRU,3,G3,,-34.839555,-56.142926
Maroñas,Uruguay,South America,1000,Sprint,Dirt,Gran Premio Juana Mautone de Cousiño,HRU,3,G3,,-34.839555,-56.142926
Maroñas,Uruguay,South America,2100,Medium,Turf,Gran Premio Ministerio de Economía Finanzas - DGC,HRU,3,G3,,-34.839555,-56.142926
Maroñas,Uruguay,South America,1600,Mile,Dirt,Gran Premio Diana,HRU,3,G3,,-34.839555,-56.142926
Maroñas,Uruguay,South America,1400,Sprint,Dirt,Gran Premio Gran Bretaña,HRU,3,G3,,-34.839555,-56.142926
Maroñas,Uruguay,South America,1600,Mile,Dirt,Gran Premio Benito Villanueva,HRU,3,G3,,-34.839555,-56.142926
Maroñas,Uruguay,South America,1200,Sprint,Turf,Gran Premio Rufino T. Domínguez,HRU,3,G3,,-34.839555,-56.142926
Maroñas,Uruguay,South America,1600,Mile,Dirt,Gran Premio Asociación Uruguaya de Propietarios de S. P. C.,HRU,3,G3,,-34.839555,-56.142926
Maroñas,Uruguay,South America,1800,Mile,Dirt,Gran Premio Agraciada,HRU,3,G3,,-34.839555,-56.142926
Maroñas,Uruguay,South America,1500,Mile,Dirt,Gran Premio Producción Nacional,HRU,3,G3,,-34.839555,-56.142926
Maroñas,Uruguay,South America,1500,Mile,Dirt,Gran Premio Ensayo,HRU,3,G3,,-34.839555,-56.142926
Maroñas,Uruguay,South America,2200,Medium,Turf,Gran Premio Asamblea de la Florida,HRU,3,G3,,-34.839555,-56.142926
Maroñas,Uruguay,South America,2100,Medium,Turf,Gran Premio Fomento,HRU,3,G3,,-34.839555,-56.142926
Maroñas,Uruguay,South America,1400,Sprint,Turf,Gran Premio Brasil,HRU,3,G3,,-34.839555,-56.142926
Maroñas,Uruguay,South America,1600,Mile,Turf,Gran Premio Uruguay,HRU,3,G3,,-34.839555,-56.142926
Maroñas,Uruguay,South America,1000,Sprint,Dirt,Gran Premio Maroñas,HRU,4,Local,,-34.839555,-56.142926
Maroñas,Uruguay,South America,1100,Sprint,Dirt,Gran Premio Perú,HRU,4,Local,,-34.839555,-56.142926
Maroñas,Uruguay,South America,1600,Mile,Turf,Gran Premio Guillermo Young,HRU,4,Local,,-34.839555,-56.142926
Maroñas,Uruguay,South America,1600,Mile,Dirt,Gran Premio Otoño,HRU,4,Local,,-34.839555,-56.142926
Maroñas,Uruguay,South America,1000,Sprint,Dirt,Gran Premio José Shaw,HRU,4,Local,,-34.839555,-56.142926
Maroñas,Uruguay,South America,2400,Long,Dirt,Gran Premio Municipal,HRU,4,Local,,-34.839555,-56.142926
Maroñas,Uruguay,South America,1200,Sprint,Turf,Gran Premio José Martinelli Gómez,HRU,4,Local,,-34.839555,-56.142926
Maroñas,Uruguay,South America,1300,Sprint,Turf,Gran Premio Treinta y Tres Orientales,HRU,4,Local,,-34.839555,-56.142926
Maroñas,Uruguay,South America,1300,Sprint,Turf,Gran Premio Lavalleja,HRU,4,Local,,-34.839555,-56.142926
Maroñas,Uruguay,South America,1400,Sprint,Turf,Gran Premio Milton Diaz Mainero,HRU,4,Local,,-34.839555,-56.142926
Maroñas,Uruguay,South America,1400,Sprint,Dirt,"Gran Premio Antonio, Antonio J. y Cyro Mattos",HRU,4,Local,,-34.839555,-56.142926
Maroñas,Uruguay,South America,1600,Mile,Dirt,Gran Premio Asociación de Criadores de S. P. C.,HRU,4,Local,,-34.839555,-56.142926
Maroñas,Uruguay,South America,1000,Sprint,Dirt,Gran Premio Reapertura Hipódromo Nacional de Maroñas,HRU,4,Local,,-34.839555,-56.142926
Maroñas,Uruguay,South America,2400,Long,Dirt,Gran Premio Presidente de la República,HRU,4,Local,,-34.839555,-56.142926
Maroñas,Uruguay,South America,1200,Sprint,Turf,Gran Premio Francisco Etcheverry Vidal,HRU,4,Local,,-34.839555,-56.142926
Maroñas,Uruguay,South America,1600,Mile,Dirt,Gran Premio Eduardo Vargas y Eduardo V. Garmendia,HRU,4,Local,,-34.839555,-56.142926
Maroñas,Uruguay,South America,1500,Mile,Dirt,Gran Premio Zelmar Michelini,HRU,4,Local,,-34.839555,-56.142926
Maroñas,Uruguay,South America,1100,Sprint,Turf,Gran Premio Romántico,HRU,4,Local,,-34.839555,-56.142926
Maroñas,Uruguay,South America,1600,Mile,Turf,Gran Premio Francisco y Aureliano Rodríguez Larreta,HRU,4,Local,,-34.839555,-56.142926
Maroñas,Uruguay,South America,2000,Medium,Dirt,Gran Premio Las Piedras,HRU,4,Local,,-34.839555,-56.142926
Maroñas,Uruguay,South America,1800,Mile,Dirt,Gran Premio Sarandí,HRU,4,Local,,-34.839555,-56.142926
Maroñas,Uruguay,South America,1800,Mile,Dirt,Gran Premio Criadores Nacionales,HRU,4,Local,,-34.839555,-56.142926
Maroñas,Uruguay,South America,1500,Mile,Dirt,Gran Premio Suprema Corte de Justicia,HRU,4,Local,,-34.839555,-56.142926
Maroñas,Uruguay,South America,1600,Mile,Dirt,Gran Premio Alfredo de Castro Pérez,HRU,4,Local,,-34.839555,-56.142926
Maroñas,Uruguay,South America,2400,Long,Turf,Gran Premio de Honor,HRU,4,Local,,-34.839555,-56.142926
Maroñas,Uruguay,South America,1000,Sprint,Dirt,Gran Premio Plinio Oribe y Andrés Oribe Deus,HRU,4,Local,,-34.839555,-56.142926
Maroñas,Uruguay,South America,2300,Medium,Turf,Gran Premio Carlos Reyles,HRU,4,Local,,-34.839555,-56.142926
Maroñas,Uruguay,South America,1200,Sprint,Turf,Gran Premio Chile,HRU,4,Local,,-34.839555,-56.142926
Maroñas,Uruguay,South America,2400,Long,Turf,Gran Premio Carlos Pellegrini,HRU,4,Local,,-34.839555,-56.142926
Maroñas,Uruguay,South America,1500,Mile,Dirt,Gran Premio Asamblea General Legislativa,HRU,4,Local,,-34.839555,-56.142926
Maroñas,Uruguay,South America,1500,Mile,Dirt,Gran Premio Argentina,HRU,4,Local,,-34.839555,-56.142926
Maroñas,Uruguay,South America,1000,Sprint,Dirt,Gran Premio Andrés F. Ylla y J. Folle Larreta,HRU,4,Local,,-34.839555,-56.142926
Maroñas,Uruguay,South America,1600,Mile,Dirt,Gran Premio Bizancio y Sloop,HRU,4,Local,,-34.839555,-56.142926
Maroñas,Uruguay,South America,1000,Sprint,Dirt,Gran Premio Francia,HRU,4,Local,,-34.839555,-56.142926
La Rinconada,Venezuela,South America,2400,Long,Dirt,Clasico Internacional Copa de Oro de Venezuela,JC de Venezuela,1,G1,,10.4367,-66.9339
La Rinconada,Venezuela,South America,2400,Long,Dirt,Clasico Presidente de La Republica,JC de Venezuela,1,G1,,10.4367,-66.9339
La Rinconada,Venezuela,South America,1600,Mile,Dirt,Clasico Hipodromo La Rinconada,JC de Venezuela,1,G1,,10.4367,-66.9339
La Rinconada,Venezuela,South America,1600,Mile,Dirt,Clasico Jose Antonio Paez,JC de Venezuela,1,G1,,10.4367,-66.9339
La Rinconada,Venezuela,South America,2000,Medium,Dirt,Clasico Prensa Hipica Nacional,JC de Venezuela,1,G1,,10.4367,-66.9339
La Rinconada,Venezuela,South America,2000,Medium,Dirt,Clasico Cria Nacional,JC de Venezuela,1,G1,Venezuela Triple Crown,10.4367,-66.9339
La Rinconada,Venezuela,South America,3200,Long,Dirt,Clasico Fuerza Armada Borivariana,JC de Venezuela,1,G1,,10.4367,-66.9339
La Rinconada,Venezuela,South America,2400,Long,Dirt,Clasico General Joaquin Crespo,JC de Venezuela,1,G1,,10.4367,-66.9339
La Rinconada,Venezuela,South America,2400,Long,Dirt,Clasico Republica Bolivariana de Venezuela,JC de Venezuela,1,G1,Venezuela Triple Crown,10.4367,-66.9339
La Rinconada,Venezuela,South America,1900,Medium,Dirt,Clasico Internacional Cruz del Avila,JC de Venezuela,1,G1,,10.4367,-66.9339
La Rinconada,Venezuela,South America,1600,Mile,Dirt,Copa Invitacional del Caribe,JC de Venezuela,1,G1,,10.4367,-66.9339
La Rinconada,Venezuela,South America,1200,Sprint,Dirt,Copa Internacional Sprinters Yeguas,JC de Venezuela,1,G1,,10.4367,-66.9339
La Rinconada,Venezuela,South America,1200,Sprint,Dirt,Clasico Internacional Sprinter,JC de Venezuela,1,G1,,10.4367,-66.9339
La Rinconada,Venezuela,South America,2000,Medium,Dirt,Clasico Internacional Propietarios La Rinconada,JC de Venezuela,1,G1,,10.4367,-66.9339
La Rinconada,Venezuela,South America,2000,Medium,Dirt,Clasico Hipica Nacional,JC de Venezuela,1,G1,,10.4367,-66.9339
La Rinconada,Venezuela,South America,1800,Mile,Dirt,Clasico Jockey Club de Venezuela,JC de Venezuela,1,G1,,10.4367,-66.9339
La Rinconada,Venezuela,South America,2400,Long,Dirt,Clasico Internacional Simon Bolivar,JC de Venezuela,1,G1,,10.4367,-66.9339
La Rinconada,Venezuela,South America,1400,Sprint,Dirt,Clasico Ciudad de Caracas,JC de Venezuela,1,G1,,10.4367,-66.9339
La Rinconada,Venezuela,South America,1400,Sprint,Dirt,Clasico Antonio Jose de Sucre,JC de Venezuela,1,G1,Venezuela Triple Crown,10.4367,-66.9339
La Rinconada,Venezuela,South America,1600,Mile,Dirt,Clasico Comparacion,JC de Venezuela,1,G1,,10.4367,-66.9339
La Rinconada,Venezuela,South America,2000,Medium,Dirt,Gran Premio Latinoamericano,JC de Venezuela,1,G1,,10.4367,-66.9339
La Rinconada,Venezuela,South America,1800,Mile,Dirt,Clasico Virgilio Decan,JC de Venezuela,1,G1,,10.4367,-66.9339
La Rinconada,Venezuela,South America,1600,Mile,Dirt,Clasico Internacional Fundacion de Propietarios Hipicos de Venezuela,JC de Venezuela,1,G1,,10.4367,-66.9339
La Rinconada,Venezuela,South America,1400,Sprint,Dirt,Clasico Andres Bello,JC de Venezuela,2,G2,,10.4367,-66.9339
La Rinconada,Venezuela,South America,1400,Sprint,Dirt,Clasico Francisco de Miranda,JC de Venezuela,2,G2,,10.4367,-66.9339
La Rinconada,Venezuela,South America,2000,Medium,Dirt,Clasico Gustavo J. Sanabria,JC de Venezuela,2,G2,,10.4367,-66.9339
La Rinconada,Venezuela,South America,2000,Medium,Dirt,Clasico Jose Maria Vargas,JC de Venezuela,2,G2,,10.4367,-66.9339
La Rinconada,Venezuela,South America,1600,Mile,Dirt,Clasico Asamblea Nacional,JC de Venezuela,2,G2,,10.4367,-66.9339
La Rinconada,Venezuela,South America,1600,Mile,Dirt,Clasico Hypocrite,JC de Venezuela,2,G2,,10.4367,-66.9339
La Rinconada,Venezuela,South America,1600,Mile,Dirt,Clasico Canonero,JC de Venezuela,2,G2,,10.4367,-66.9339
La Rinconada,Venezuela,South America,1600,Mile,Dirt,Clasico Senegal,JC de Venezuela,2,G2,,10.4367,-66.9339
La Rinconada,Venezuela,South America,1800,Mile,Dirt,Clasico Lavandera,JC de Venezuela,2,G2,,10.4367,-66.9339
La Rinconada,Venezuela,South America,2000,Medium,Dirt,Clasico Ejercito Nacional Bolivariano,JC de Venezuela,2,G2,,10.4367,-66.9339
La Rinconada,Venezuela,South America,1600,Mile,Dirt,Clasico Armada Nacional Bolivariana,JC de Venezuela,2,G2,,10.4367,-66.9339
La Rinconada,Venezuela,South America,1600,Mile,Dirt,Clasico Guardia Nacional de Bolivariana de Venezuela,JC de Venezuela,2,G2,,10.4367,-66.9339
La Rinconada,Venezuela,South America,1400,Sprint,Dirt,Clasico Edgar Ganteaume,JC de Venezuela,2,G2,,10.4367,-66.9339
La Rinconada,Venezuela,South America,1400,Sprint,Dirt,Clasico Albert H. Cipriani,JC de Venezuela,2,G2,,10.4367,-66.9339
La Rinconada,Venezuela,South America,1800,Mile,Dirt,Clasico Aviacion Militar Bolivariana,JC de Venezuela,2,G2,,10.4367,-66.9339
La Rinconada,Venezuela,South America,1600,Mile,Dirt,Clasico Gelinotte,JC de Venezuela,2,G2,,10.4367,-66.9339
La Rinconada,Venezuela,South America,1600,Mile,Dirt,Clasico Gradisco,JC de Venezuela,2,G2,,10.4367,-66.9339
La Rinconada,Venezuela,South America,1800,Mile,Dirt,Clasico Burlesco,JC de Venezuela,2,G2,,10.4367,-66.9339
La Rinconada,Venezuela,South America,1200,Sprint,Dirt,Clasico Segula C.,JC de Venezuela,3,G3,,10.4367,-66.9339
La Rinconada,Venezuela,South America,1200,Sprint,Dirt,Clasico Hylander,JC de Venezuela,3,G3,,10.4367,-66.9339
La Rinconada,Venezuela,South America,1600,Mile,Dirt,Clasico Manuel Fonseca Arroyal,JC de Venezuela,3,G3,,10.4367,-66.9339
La Rinconada,Venezuela,South America,1600,Mile,Dirt,Clasico Juan Vicente Tovar,JC de Venezuela,3,G3,,10.4367,-66.9339
La Rinconada,Venezuela,South America,1600,Mile,Dirt,Clasico Eduardo Larrazabal Eduardo,JC de Venezuela,3,G3,,10.4367,-66.9339
La Rinconada,Venezuela,South America,1600,Mile,Dirt,Clasico Socopo,JC de Venezuela,3,G3,,10.4367,-66.9339
La Rinconada,Venezuela,South America,2100,Medium,Dirt,Clasico Blondy,JC de Venezuela,3,G3,,10.4367,-66.9339
La Rinconada,Venezuela,South America,1300,Sprint,Dirt,Clasico Pennsylvania,JC de Venezuela,3,G3,,10.4367,-66.9339
La Rinconada,Venezuela,South America,1300,Sprint,Dirt,Clasico Gaceta Hipica,JC de Venezuela,3,G3,,10.4367,-66.9339
La Rinconada,Venezuela,South America,1200,Sprint,Dirt,Clasico Uniproca,JC de Venezuela,3,G3,,10.4367,-66.9339
La Rinconada,Venezuela,South America,1200,Sprint,Dirt,Clasico Cavepro,JC de Venezuela,3,G3,,10.4367,-66.9339
La Rinconada,Venezuela,South America,1800,Mile,Dirt,Clasico Gustavo Avila,JC de Venezuela,3,G3,,10.4367,-66.9339
La Rinconada,Venezuela,South America,1800,Mile,Dirt,Clasico Millard Ziadie,JC de Venezuela,3,G3,,10.4367,-66.9339
La Rinconada,Venezuela,South America,1200,Sprint,Dirt,Clasico Lanzarina,JC de Venezuela,3,G3,,10.4367,-66.9339
La Rinconada,Venezuela,South America,1200,Sprint,Dirt,Clasico Victoreado,JC de Venezuela,3,G3,,10.4367,-66.9339
La Rinconada,Venezuela,South America,1400,Sprint,Dirt,Clasico Ezequiel Zamora,JC de Venezuela,3,G3,,10.4367,-66.9339
La Rinconada,Venezuela,South America,1400,Sprint,Dirt,Clasico Asociacion Hipica de Propietarios,JC de Venezuela,3,G3,,10.4367,-66.9339
La Rinconada,Venezuela,South America,1200,Sprint,Dirt,Clasico Tapatapa,JC de Venezuela,3,G3,,10.4367,-66.9339
La Rinconada,Venezuela,South America,1200,Sprint,Dirt,Clasico Grano de Oro,JC de Venezuela,3,G3,,10.4367,-66.9339
La Rinconada,Venezuela,South America,1400,Sprint,Dirt,Clasico Federico Carmona Perera,JC de Venezuela,3,G3,,10.4367,-66.9339
La Rinconada,Venezuela,South America,1400,Sprint,Dirt,Clasico Peggy Azqueta,JC de Venezuela,3,G3,,10.4367,-66.9339
Valencia,Venezuela,South America,1600,Mile,Dirt,Clásico Ciudad de Valencia,INH,4,Local,,10.1564,-67.9997
Valencia,Venezuela,South America,2400,Long,Dirt,Clásico Gran Derby Guayabal,INH,4,Local,,10.1564,-67.9997
Valencia,Venezuela,South America,1700,Mile,Dirt,Clásico Inauguración Hipódromo de Valencia,INH,4,Local,,10.1564,-67.9997
Valencia,Venezuela,South America,1200,Sprint,Dirt,Clásico Propietarios Valencianos,INH,4,Local,,10.1564,-67.9997
Valencia,Venezuela,South America,1800,Mile,Dirt,Clásico Arturo Michelena,INH,4,Local,,10.1564,-67.9997
Valencia,Venezuela,South America,2000,Medium,Dirt,Clásico Batalla de Carabobo,INH,4,Local,,10.1564,-67.9997
Valencia,Venezuela,South America,1600,Mile,Dirt,Clásico Juan Vicente Tovar,INH,4,Local,,10.1564,-67.9997
Valencia,Venezuela,South America,2000,Medium,Dirt,Copa Confraternidad de Valencia,INH,4,Local,,10.1564,-67.9997
Valencia,Venezuela,South America,1600,Mile,Dirt,Clásico Natalicio de Carabobo,INH,4,Local,,10.1564,-67.9997
Valencia,Venezuela,South America,1200,Sprint,Dirt,Clásico Día del Trabajador,INH,4,Local,,10.1564,-67.9997
Valencia,Venezuela,South America,1800,Mile,Dirt,Copa Climalba,INH,4,Local,,10.1564,-67.9997
Valencia,Venezuela,South America,2000,Medium,Dirt,Copa Invitacional del Caribe,INH,4,Local,,10.1564,-67.9997
Santa Rita,Venezuela,South America,2000,Medium,Dirt,Clásico Nuestra Señora de La Chiquinquirá,INH,4,Local,,10.5364,-71.511
Santa Rita,Venezuela,South America,1200,Sprint,Dirt,Clásico de la Velocidad,INH,4,Local,,10.5364,-71.511
Santa Rita,Venezuela,South America,2400,Long,Dirt,Clásico Hipódromo de Santa Rita,INH,4,Local,,10.5364,-71.511
Santa Rita,Venezuela,South America,1600,Mile,Dirt,Clásico Propietarios Zulianos,INH,4,Local,,10.5364,-71.511
Santa Rita,Venezuela,South America,1600,Mile,Dirt,Copa Confraternidad del Caribe,INH,4,Local,,10.5364,-71.511
Santa Rita,Venezuela,South America,1400,Sprint,Dirt,INH Santa Rita 1400m Dirt,INH,4,Local,,10.5364,-71.511
Hipódromo de las Américas,Mexico,North America,1700,Mile,Dirt,Stakes Jockey Club Mexicano,AMH,1,G1,,19.438611,-99.222778
Hipódromo de las Américas,Mexico,North America,1600,Mile,Dirt,Clásico Esmeralda,AMH,1,G1,,19.438611,-99.222778
Hipódromo de las Américas,Mexico,North America,1700,Mile,Dirt,Hándicap Presidencial,AMH,1,G1,,19.438611,-99.222778
Hipódromo de las Américas,Mexico,North America,1800,Mile,Dirt,Derby Mexicano,AMH,1,G1,,19.438611,-99.222778
Hipódromo de las Américas,Mexico,North America,1700,Mile,Dirt,Clásico Diamante,AMH,1,G1,,19.438611,-99.222778
Hipódromo de las Américas,Mexico,North America,1700,Mile,Dirt,Hándicap Monarca,AMH,1,G1,,19.438611,-99.222778
Hipódromo de las Américas,Mexico,North America,1800,Mile,Dirt,Hándicap Loma de Sotelo,AMH,1,G1,,19.438611,-99.222778
Hipódromo de las Américas,Mexico,North America,1700,Mile,Dirt,Hándicap de las Estrellas,AMH,1,G1,,19.438611,-99.222778
Hipódromo de las Américas,Mexico,North America,1200,Sprint,Dirt,Clásico Gran Zar,AMH,1,G1,,19.438611,-99.222778
Hipódromo de las Américas,Mexico,North America,1900,Medium,Dirt,Hándicap de las Américas,AMH,1,G1,,19.438611,-99.222778
Hipódromo de las Américas,Mexico,North America,1800,Mile,Dirt,Clásico Criadores Mexicanos (Colts),AMH,1,G1,,19.438611,-99.222778
Hipódromo de las Américas,Mexico,North America,1700,Mile,Dirt,Clásico Criadores Mexicanos (Fillies),AMH,1,G1,,19.438611,-99.222778
Hipódromo de las Américas,Mexico,North America,1600,Mile,Dirt,Clásico Roberto A. Ruiz,AMH,1,G1,,19.438611,-99.222778
Hipódromo de las Américas,Mexico,North America,1600,Mile,Dirt,Clásico Gaspar Rivera Torres,AMH,1,G1,,19.438611,-99.222778
Hipódromo de las Américas,Mexico,North America,1600,Mile,Dirt,Clásico Lea-B Fasig Tipton,AMH,1,G1,,19.438611,-99.222778
Hipódromo de las Américas,Mexico,North America,1600,Mile,Dirt,Clásico Dilic Fasig Tipton,AMH,1,G1,,19.438611,-99.222778
Hipódromo de las Américas,Mexico,North America,1700,Mile,Dirt,Futurity Mexicano (Colts),AMH,1,G1,,19.438611,-99.222778
Hipódromo de las Américas,Mexico,North America,1700,Mile,Dirt,Futurity Mexicano (Fillies),AMH,1,G1,,19.438611,-99.222778
Hipódromo de las Américas,Mexico,North America,1900,Medium,Dirt,Hándicap Copa de Oro,AMH,1,G1,,19.438611,-99.222778
Hipódromo de las Américas,Mexico,North America,1700,Mile,Dirt,Campeonato Juvenil,AMH,1,G1,,19.438611,-99.222778
Hipódromo de las Américas,Mexico,North America,1700,Mile,Dirt,Campeonato Juvenil (Fillies),AMH,1,G1,,19.438611,-99.222778
Hipódromo de las Américas,Mexico,North America,1600,Mile,Dirt,Gran Premio Nacional,AMH,2,G2,,19.438611,-99.222778
Hipódromo de las Américas,Mexico,North America,1600,Mile,Dirt,Hándicap Gay Dalton,AMH,2,G2,,19.438611,-99.222778
Hipódromo de las Américas,Mexico,North America,1500,Mile,Dirt,Clásico Rubí,AMH,2,G2,,19.438611,-99.222778
Hipódromo de las Américas,Mexico,North America,1500,Mile,Dirt,Clásico Dominicano,AMH,2,G2,,19.438611,-99.222778
Hipódromo de las Américas,Mexico,North America,1500,Mile,Dirt,Clásico Vivian Record,AMH,2,G2,,19.438611,-99.222778
Hipódromo de las Américas,Mexico,North America,1500,Mile,Dirt,Clásico Anáhuac,AMH,2,G2,,19.438611,-99.222778
Hipódromo de las Américas,Mexico,North America,1500,Mile,Dirt,Clásico Gran Promesa,AMH,2,G2,,19.438611,-99.222778
Hipódromo de las Américas,Mexico,North America,1400,Sprint,Dirt,Clásico Subasta,AMH,2,G2,,19.438611,-99.222778
Hipódromo de las Américas,Mexico,North America,1400,Sprint,Dirt,Clásico Subasta (Fillies),AMH,2,G2,,19.438611,-99.222778
Hipódromo de las Américas,Mexico,North America,1700,Mile,Dirt,Clásico Revolución,AMH,2,G2,,19.438611,-99.222778
Hipódromo de las Américas,Mexico,North America,1400,Sprint,Dirt,Clásico de la Bandera,AMH,3,G3,,19.438611,-99.222778
Hipódromo de las Américas,Mexico,North America,1500,Mile,Dirt,Clásico Alabastro,AMH,3,G3,,19.438611,-99.222778
Hipódromo de las Américas,Mexico,North America,1500,Mile,Dirt,Clásico Tonalá,AMH,3,G3,,19.438611,-99.222778
Hipódromo de las Américas,Mexico,North America,1300,Sprint,Dirt,Clásico Carlos Gómez,AMH,3,G3,,19.438611,-99.222778
Hipódromo de las Américas,Mexico,North America,1300,Sprint,Dirt,Clásico Casty,AMH,3,G3,,19.438611,-99.222778
Hipódromo de las Américas,Mexico,North America,1300,Sprint,Dirt,Clásico Ciudad de México,AMH,3,G3,,19.438611,-99.222778
Hipódromo de las Américas,Mexico,North America,1300,Sprint,Dirt,Clásico Debutantes,AMH,3,G3,,19.438611,-99.222778
Hipódromo de las Américas,Mexico,North America,1400,Sprint,Dirt,Clásico Letruska,AMH,4,Local,,19.438611,-99.222778
Hipódromo de las Américas,Mexico,North America,1500,Mile,Dirt,Clásico Nueva Hípica,AMH,4,Local,,19.438611,-99.222778
Hipódromo de las Américas,Mexico,North America,1400,Sprint,Dirt,Clásico Ing. José Manuel Alavez González,AMH,4,Local,,19.438611,-99.222778
Caliente,Mexico,North America,1700,Mile,Dirt,Agua Caliente Handicap,HAC S.A. de C.V.,4,Local,,32.506736,-116.995492
Caliente,Mexico,North America,2000,Medium,Dirt,Coffroth Handicap,HAC S.A. de C.V.,4,Local,,32.506736,-116.995492
Caliente,Mexico,North America,1800,Mile,Dirt,Agua Caliente Derby,HAC S.A. de C.V.,4,Local,,32.506736,-116.995492
Presidente Remón,Panama,South America,1800,Mile,Dirt,Clásico Año Nuevo,Codere,1,G1,,9.025,-79.485
Presidente Remón,Panama,South America,1200,Sprint,Dirt,Clásico Franciso Arias Paredes y Alberto Arias,Codere,1,G1,,9.025,-79.485
Presidente Remón,Panama,South America,1800,Mile,Dirt,Clásico Dia Internacional del Trabajador,Codere,1,G1,,9.025,-79.485
Presidente Remón,Panama,South America,2100,Medium,Dirt,Clásico Presidente de la República,Codere,1,G1,,9.025,-79.485
Presidente Remón,Panama,South America,1800,Mile,Dirt,Clásico Junta de Control de Juegos,Codere,1,G1,,9.025,-79.485
Presidente Remón,Panama,South America,2000,Medium,Dirt,Clásico Independencia,Codere,1,G1,,9.025,-79.485
Presidente Remón,Panama,South America,1800,Mile,Dirt,Clásico Dia de la Madre,Codere,1,G1,,9.025,-79.485
Presidente Remón,Panama,South America,1400,Sprint,Dirt,"Clásico Ernesto Navarro Diaz, Ernesto y Ramón Navarro Diez y Eric Navarro C.",Codere,2,G2,,9.025,-79.485
Presidente Remón,Panama,South America,1200,Sprint,Dirt,Clásico Heraclio Barletta Bustamante,Codere,2,G2,,9.025,-79.485
Presidente Remón,Panama,South America,1700,Mile,Dirt,Clásico Temístocles Diaz Q.,Codere,2,G2,,9.025,-79.485
Presidente Remón,Panama,South America,1700,Mile,Dirt,Clásico Tomás Gabriel Duque y Tomás Gabriel Altamirano Duque,Codere,2,G2,,9.025,-79.485
Presidente Remón,Panama,South America,1400,Sprint,Dirt,Clasico Marcos Justines Fernandez,Codere,2,G2,,9.025,-79.485
Presidente Remón,Panama,South America,1700,Mile,Dirt,"Clásico Raul (Lul) Arango, Raúl (Baby) Arango y Roberto (Bob) Arango",Codere,2,G2,,9.025,-79.485
Presidente Remón,Panama,South America,1800,Mile,Dirt,"Clásico Arturo, Eric, Max, Eric Arturo, Eric Antonio. Delvalle",Codere,2,G2,,9.025,-79.485
Presidente Remón,Panama,South America,1700,Mile,Dirt,Clásico Isaac (Sam) y Samuel Jimenez,Codere,2,G2,,9.025,-79.485
Presidente Remón,Panama,South America,1200,Sprint,Dirt,Clasico Asociacion de Pura Sangre De Carreras de Panama (APPUCAPA),Codere,2,G2,,9.025,-79.485
Presidente Remón,Panama,South America,1200,Sprint,Dirt,Clásico Laffit Pincay,Codere,2,G2,,9.025,-79.485
Presidente Remón,Panama,South America,1800,Mile,Dirt,Clásico Augusto Samuel Boyd Paredes y Daniela Boys,Codere,2,G2,,9.025,-79.485
Presidente Remón,Panama,South America,2000,Medium,Dirt,Clásico Raúl Espinosa (Copa de Oro),Codere,2,G2,,9.025,-79.485
Presidente Remón,Panama,South America,1100,Sprint,Dirt,Clásico José A. Remón Cantera,Codere,2,G2,,9.025,-79.485
Presidente Remón,Panama,South America,1800,Mile,Dirt,Clásico Carlos y Fernando Eleta,Codere,2,G2,,9.025,-79.485
Presidente Remón,Panama,South America,1200,Sprint,Dirt,Clásico Rubén Orillac Alfaro,Codere,2,G2,,9.025,-79.485
Presidente Remón,Panama,South America,1200,Sprint,Dirt,"Clásico Ernesto Navarro, Diaz Ernesto y Ramon y Eric Navarro",Codere,2,G2,,9.025,-79.485
Presidente Remón,Panama,South America,1200,Sprint,Dirt,Clásico Bomberos de Panamá,Codere,2,G2,,9.025,-79.485
Presidente Remón,Panama,South America,1400,Sprint,Dirt,Clásico Germán Ruiz Barranco y Germán Ruiz Sanchez,Codere,2,G2,,9.025,-79.485
Presidente Remón,Panama,South America,1400,Sprint,Dirt,Clásico Sociedad de Criadores de Caballos (SOCRICA),Codere,2,G2,,9.025,-79.485
Presidente Remón,Panama,South America,1800,Mile,Dirt,Clásico Alberto (pitin) de Obarrio y Archibald de Obarrio,Codere,3,G3,,9.025,-79.485
Presidente Remón,Panama,South America,1400,Sprint,Dirt,Clásico Aproturf,Codere,3,G3,,9.025,-79.485
Presidente Remón,Panama,South America,1700,Mile,Dirt,Clásico Felipe Motta,Codere,3,G3,,9.025,-79.485
Presidente Remón,Panama,South America,1400,Sprint,Dirt,Clásico Unión De Preparadores,Codere,3,G3,,9.025,-79.485
Presidente Remón,Panama,South America,1100,Sprint,Dirt,"Clásico Luis H. (Mago), Andrés y Marcos Farrugia",Codere,3,G3,,9.025,-79.485
Presidente Remón,Panama,South America,1100,Sprint,Dirt,Clásico José A Pérez,Codere,3,G3,,9.025,-79.485
Presidente Remón,Panama,South America,1200,Sprint,Dirt,Clásico Bartolomé Mafla Herrera,Codere,3,G3,,9.025,-79.485
Presidente Remón,Panama,South America,1200,Sprint,Dirt,Clásico Posse,Codere,3,G3,,9.025,-79.485
Presidente Remón,Panama,South America,1400,Sprint,Dirt,Clásico Jorge I. Ameglio,Codere,3,G3,,9.025,-79.485
Presidente Remón,Panama,South America,1400,Sprint,Dirt,Clásico Navidad,Codere,3,G3,,9.025,-79.485
Presidente Remón,Panama,South America,1200,Sprint,Dirt,Clásico Jorge Lao Cruz,Codere,4,Local,,9.025,-79.485
Presidente Remón,Panama,South America,1700,Mile,Dirt,Clásico Angel Caballero,Codere,4,Local,,9.025,-79.485
Presidente Remón,Panama,South America,1200,Sprint,Dirt,Clásico R.P.C. Televisión,Codere,4,Local,,9.025,-79.485
Presidente Remón,Panama,South America,1400,Sprint,Dirt,Premio Policia Nacional,Codere,4,Local,,9.025,-79.485
Presidente Remón,Panama,South America,1200,Sprint,Dirt,Premio Juan Fco. Arias Velásquez y Juan Fco. Arias Díaz,Codere,4,Local,,9.025,-79.485
Presidente Remón,Panama,South America,1400,Sprint,Dirt,Clásico Familia Carrillo,Codere,4,Local,,9.025,-79.485
Presidente Remón,Panama,South America,1400,Sprint,Dirt,"Clásico Oscar Grimaldo Valdez, Oscar y Manual Grimaldo",Codere,4,Local,,9.025,-79.485
Presidente Remón,Panama,South America,1400,Sprint,Dirt,Premio Servicio de Protección,Codere,4,Local,,9.025,-79.485
Presidente Remón,Panama,South America,1300,Sprint,Dirt,Premio Mozo De Corrales,Codere,4,Local,,9.025,-79.485
Presidente Remón,Panama,South America,1800,Mile,Dirt,Clásico Victor Hung,Codere,4,Local,,9.025,-79.485
Presidente Remón,Panama,South America,1100,Sprint,Dirt,"Clásico Arquimedes, Fat Fernández, Ibero y Rafael Fernández",Codere,4,Local,,9.025,-79.485
Presidente Remón,Panama,South America,1700,Mile,Dirt,Clásico Sociedad de Dueños,Codere,4,Local,,9.025,-79.485
Presidente Remón,Panama,South America,1700,Mile,Dirt,Clásico Ricardo Lau Yunsan,Codere,4,Local,,9.025,-79.485
Presidente Remón,Panama,South America,1400,Sprint,Dirt,Premio Dia del Periodista,Codere,4,Local,,9.025,-79.485
Presidente Remón,Panama,South America,1400,Sprint,Dirt,Clásico Aprendices y Profesionles,Codere,4,Local,,9.025,-79.485
V Centenario,Dominican Republic,North America,2000,Medium,Dirt,Clasico Independencia Nacional,NRC,1,G1,,18.4791,-69.7747
V Centenario,Dominican Republic,North America,1700,Mile,Dirt,Clasico Matias Ramon Mella,NRC,1,G1,,18.4791,-69.7747
V Centenario,Dominican Republic,North America,1800,Mile,Dirt,Clasico Francisco del Rosario Sanchez,NRC,1,G1,,18.4791,-69.7747
V Centenario,Dominican Republic,North America,2000,Medium,Dirt,Clasico Juan Pablo Duarte,NRC,1,G1,,18.4791,-69.7747
V Centenario,Dominican Republic,North America,1700,Mile,Dirt,Clasico Fanatico Hipico,NRC,1,G1,,18.4791,-69.7747
V Centenario,Dominican Republic,North America,1400,Sprint,Dirt,Clasico Criadores (Hembras),NRC,1,G1,,18.4791,-69.7747
V Centenario,Dominican Republic,North America,1700,Mile,Dirt,Clasico Criadores (Machos),NRC,1,G1,,18.4791,-69.7747
V Centenario,Dominican Republic,North America,2000,Medium,Dirt,Clasico Ano Nuevo,NRC,2,G2,,18.4791,-69.7747
V Centenario,Dominican Republic,North America,1700,Mile,Dirt,Clasico Dia de Duarte,NRC,2,G2,,18.4791,-69.7747
V Centenario,Dominican Republic,North America,1700,Mile,Dirt,Clasico Aniversario HVC,NRC,2,G2,,18.4791,-69.7747
V Centenario,Dominican Republic,North America,1400,Sprint,Dirt,Clasico Dia de las Madres,NRC,2,G2,,18.4791,-69.7747
V Centenario,Dominican Republic,North America,1400,Sprint,Dirt,Clasico Dr. Angel R. Contreras Mejia,NRC,2,G2,,18.4791,-69.7747
V Centenario,Dominican Republic,North America,2000,Medium,Dirt,Clasico Navidad,NRC,2,G2,,18.4791,-69.7747
V Centenario,Dominican Republic,North America,1700,Mile,Dirt,Clasico Dia San Valentin,NRC,3,G3,,18.4791,-69.7747
V Centenario,Dominican Republic,North America,1400,Sprint,Dirt,Clasico Dia Internacional de la Mujer,NRC,3,G3,,18.4791,-69.7747
V Centenario,Dominican Republic,North America,1400,Sprint,Dirt,Clasico Dia de las Secretarias,NRC,3,G3,,18.4791,-69.7747
V Centenario,Dominican Republic,North America,1700,Mile,Dirt,Clasico Dia del Trabajo,NRC,3,G3,,18.4791,-69.7747
V Centenario,Dominican Republic,North America,1200,Sprint,Dirt,Clasico Sprinter Importados,NRC,3,G3,,18.4791,-69.7747
V Centenario,Dominican Republic,North America,1200,Sprint,Dirt,Clasico Velocidad Nativos,NRC,3,G3,,18.4791,-69.7747
V Centenario,Dominican Republic,North America,1700,Mile,Dirt,Clasico Restauracion de la Republica Dominicana,NRC,3,G3,,18.4791,-69.7747
V Centenario,Dominican Republic,North America,1700,Mile,Dirt,Clasico Presidente Constitucional,NRC,3,G3,,18.4791,-69.7747
V Centenario,Dominican Republic,North America,1400,Sprint,Dirt,Clasico Fed. Nacional Duenos,NRC,3,G3,,18.4791,-69.7747
V Centenario,Dominican Republic,North America,1200,Sprint,Dirt,Clasico Ocala Breeders' Sales,NRC,3,G3,,18.4791,-69.7747
Camarero,Puerto Rico,North America,1700,Mile,Dirt,Clasico Derby Puertorriqueno,CRTC,1,G1,,18.365767,-65.905137
Camarero,Puerto Rico,North America,1700,Mile,Dirt,Clasico Miss Bell,CRTC,1,G1,,18.365767,-65.905137
Camarero,Puerto Rico,North America,1800,Mile,Dirt,Copa Gobernador,CRTC,1,G1,,18.365767,-65.905137
Camarero,Puerto Rico,North America,1900,Medium,Dirt,Copa San Juan,CRTC,1,G1,,18.365767,-65.905137
Camarero,Puerto Rico,North America,1400,Sprint,Dirt,Clasico Accion de Gracias,CRTC,1,G1,,18.365767,-65.905137
Camarero,Puerto Rico,North America,1900,Medium,Dirt,Copa 4 de Julio,CRTC,1,G1,,18.365767,-65.905137
Camarero,Puerto Rico,North America,1200,Sprint,Dirt,Clasico Luis Munoz Rivera Memorial,CRTC,1,G1,,18.365767,-65.905137
Camarero,Puerto Rico,North America,1900,Medium,Dirt,Clasico Constitucion,CRTC,1,G1,,18.365767,-65.905137
Camarero,Puerto Rico,North America,2000,Medium,Dirt,Clasico Barbosa Memorial,CRTC,1,G1,,18.365767,-65.905137
Camarero,Puerto Rico,North America,1400,Sprint,Dirt,Clasico Camarero,CRTC,1,G1,,18.365767,-65.905137
Camarero,Puerto Rico,North America,1400,Sprint,Dirt,Clasico Puerto Rico Futurity,CRTC,1,G1,,18.365767,-65.905137
Camarero,Puerto Rico,North America,1700,Mile,Dirt,Clasico Agustin Mercado Reveron,CRTC,1,G1,,18.365767,-65.905137
Camarero,Puerto Rico,North America,1700,Mile,Dirt,Clasico Navidad,CRTC,1,G1,,18.365767,-65.905137
Camarero,Puerto Rico,North America,1700,Mile,Dirt,Clasico Defensora,CRTC,2,G2,,18.365767,-65.905137
Camarero,Puerto Rico,North America,1800,Mile,Dirt,Clasico Dia del Veterano,CRTC,2,G2,,18.365767,-65.905137
Camarero,Puerto Rico,North America,1700,Mile,Dirt,Clasico Antonio R. Matos,CRTC,2,G2,,18.365767,-65.905137
Camarero,Puerto Rico,North America,1800,Mile,Dirt,Clasico Verset's Dancer,CRTC,2,G2,,18.365767,-65.905137
Camarero,Puerto Rico,North America,1800,Mile,Dirt,Clasico Antonio R. Barcelo,CRTC,2,G2,,18.365767,-65.905137
Camarero,Puerto Rico,North America,1700,Mile,Dirt,Clasico Bold Forbes,CRTC,2,G2,,18.365767,-65.905137
Camarero,Puerto Rico,North America,1800,Mile,Dirt,Clasico Antonio Mongil Jr.,CRTC,2,G2,,18.365767,-65.905137
Camarero,Puerto Rico,North America,1300,Sprint,Dirt,Clasico Ramon Llobet Jr.,CRTC,2,G2,,18.365767,-65.905137
Camarero,Puerto Rico,North America,1800,Mile,Dirt,Clasico Antonio Fernandez Costrillon,CRTC,2,G2,,18.365767,-65.905137
Camarero,Puerto Rico,North America,1300,Sprint,Dirt,Clasico Dia de la Raza,CRTC,2,G2,,18.365767,-65.905137
Camarero,Puerto Rico,North America,2000,Medium,Dirt,Clasico Wiso G.,CRTC,2,G2,,18.365767,-65.905137
Camarero,Puerto Rico,North America,1400,Sprint,Dirt,Clasico Angel Tomas Cordero Jr.,CRTC,2,G2,,18.365767,-65.905137
Camarero,Puerto Rico,North America,1400,Sprint,Dirt,Clasico Verset's Jet,CRTC,3,G3,,18.365767,-65.905137
Camarero,Puerto Rico,North America,1700,Mile,Dirt,Clasico Dia de Reyes,CRTC,3,G3,,18.365767,-65.905137
Camarero,Puerto Rico,North America,1400,Sprint,Dirt,Clasico Eugenio Maria de Hostos,CRTC,3,G3,,18.365767,-65.905137
Camarero,Puerto Rico,North America,1200,Sprint,Dirt,Clasico Luis Munoz Marin,CRTC,3,G3,,18.365767,-65.905137
Camarero,Puerto Rico,North America,1700,Mile,Dirt,Clasico George Washington,CRTC,3,G3,,18.365767,-65.905137
Camarero,Puerto Rico,North America,1700,Mile,Dirt,Clasico Bandit Bomber,CRTC,3,G3,,18.365767,-65.905137
Camarero,Puerto Rico,North America,1700,Mile,Dirt,Clasico Dia de la Raza,CRTC,3,G3,,18.365767,-65.905137
Camarero,Puerto Rico,North America,1800,Mile,Dirt,Clasico Mister Frisky,CRTC,3,G3,,18.365767,-65.905137
Camarero,Puerto Rico,North America,1200,Sprint,Dirt,Clasico Criadores de Puerto Rico,CRTC,3,G3,,18.365767,-65.905137
Camarero,Puerto Rico,North America,1200,Sprint,Dirt,Clasico Jose de Diego,CRTC,3,G3,,18.365767,-65.905137
Camarero,Puerto Rico,North America,1700,Mile,Dirt,Clasico Vuelve Candy B.,CRTC,3,G3,,18.365767,-65.905137
Camarero,Puerto Rico,North America,1200,Sprint,Dirt,Clasico Eduardo Cautino Insua,CRTC,3,G3,,18.365767,-65.905137
Camarero,Puerto Rico,North America,1700,Mile,Dirt,Clasico Roberto Clemente,CRTC,3,G3,,18.365767,-65.905137
Camarero,Puerto Rico,North America,1200,Sprint,Dirt,Clasico Jose Pepe Coll Vidal,CRTC,3,G3,,18.365767,-65.905137
Caymanas Park,Jamaica,North America,1300,Sprint,Dirt,Eileen Cliggott Memorial Trophy,SVREL,1,G1,,17.989652,-76.87505
Caymanas Park,Jamaica,North America,1500,Mile,Dirt,Chairman's Trophy,SVREL,1,G1,,17.989652,-76.87505
Caymanas Park,Jamaica,North America,1800,Mile,Dirt,Viceroy Trophy,SVREL,1,G1,,17.989652,-76.87505
Caymanas Park,Jamaica,North America,1200,Sprint,Dirt,Lady Geeta Trophy,SVREL,1,G1,,17.989652,-76.87505
Caymanas Park,Jamaica,North America,1600,Mile,Dirt,Jamaica 1000 Guineas,SVREL,1,G1,,17.989652,-76.87505
Caymanas Park,Jamaica,North America,1820,Medium,Dirt,Distinctly Irish Trophy,SVREL,1,G1,,17.989652,-76.87505
Caymanas Park,Jamaica,North America,1600,Mile,Dirt,Jamaica 2000 Guineas,SVREL,1,G1,,17.989652,-76.87505
Caymanas Park,Jamaica,North America,1100,Sprint,Dirt,SVL 21th Anniversary Trophy,SVREL,1,G1,,17.989652,-76.87505
Caymanas Park,Jamaica,North America,2000,Medium,Dirt,Jamaica St.Leger,SVREL,1,G1,,17.989652,-76.87505
Caymanas Park,Jamaica,North America,1400,Sprint,Dirt,Eros Trophy,SVREL,1,G1,,17.989652,-76.87505
Caymanas Park,Jamaica,North America,2400,Long,Dirt,Jamaica Derby,SVREL,1,G1,,17.989652,-76.87505
Caymanas Park,Jamaica,North America,2000,Medium,Dirt,Jamaica Oaks,SVREL,1,G1,,17.989652,-76.87505
Caymanas Park,Jamaica,North America,1000,Sprint,Dirt,Reggae Trophy,SVREL,1,G1,,17.989652,-76.87505
Caymanas Park,Jamaica,North America,1600,Mile,Dirt,She's a Maneater Trophy,SVREL,1,G1,,17.989652,-76.87505
Caymanas Park,Jamaica,North America,1200,Sprint,Dirt,None-Such Sprint Trophy,SVREL,1,G1,,17.989652,-76.87505
Caymanas Park,Jamaica,North America,1400,Sprint,Dirt,Gold Cup,SVREL,1,G1,,17.989652,-76.87505
Caymanas Park,Jamaica,North America,1200,Sprint,Dirt,Port Royal Sprint,SVREL,1,G1,,17.989652,-76.87505
Caymanas Park,Jamaica,North America,1900,Medium,Dirt,Jamaica Cup,SVREL,1,G1,,17.989652,-76.87505
Caymanas Park,Jamaica,North America,1100,Sprint,Dirt,Christopher Chris Armond Sprint Trophy,SVREL,1,G1,,17.989652,-76.87505
Caymanas Park,Jamaica,North America,1600,Mile,Dirt,Jamaica 2-y-o Stakes,SVREL,1,G1,,17.989652,-76.87505
Caymanas Park,Jamaica,North America,1700,Mile,Dirt,Ian Levy Stakes,SVREL,1,G1,,17.989652,-76.87505
Caymanas Park,Jamaica,North America,1820,Medium,Dirt,Legal Light Trophy,SVREL,1,G1,,17.989652,-76.87505
Caymanas Park,Jamaica,North America,2000,Medium,Dirt,Governor's Cup,SVREL,1,G1,,17.989652,-76.87505
Caymanas Park,Jamaica,North America,2000,Medium,Dirt,Prime Minister's Stakes,SVREL,1,G1,,17.989652,-76.87505
Caymanas Park,Jamaica,North America,2000,Medium,Dirt,Governor General's Stakes,SVREL,1,G1,,17.989652,-76.87505
Caymanas Park,Jamaica,North America,1200,Sprint,Dirt,Caribbean Sprint Championship,SVREL,1,G1,,17.989652,-76.87505
Caymanas Park,Jamaica,North America,1600,Mile,Dirt,Invitational Mile,SVREL,1,G1,,17.989652,-76.87505
Caymanas Park,Jamaica,North America,2000,Medium,Dirt,Superstakes,SVREL,1,G1,,17.989652,-76.87505
Caymanas Park,Jamaica,North America,1600,Mile,Dirt,Diamond Mile,SVREL,1,G1,,17.989652,-76.87505
Caymanas Park,Jamaica,North America,1820,Medium,Dirt,Miracle Man Cup,SVREL,1,G1,,17.989652,-76.87505
Caymanas Park,Jamaica,North America,1100,Sprint,Dirt,Lotto Sprint Trophy,SVREL,1,G1,,17.989652,-76.87505
Caymanas Park,Jamaica,North America,1400,Sprint,Dirt,Thornbird Stakes,SVREL,2,G2,,17.989652,-76.87505
Caymanas Park,Jamaica,North America,1400,Sprint,Dirt,Prince Consort Stakes,SVREL,2,G2,,17.989652,-76.87505
Caymanas Park,Jamaica,North America,1500,Mile,Dirt,Portmore Stakes,SVREL,2,G2,,17.989652,-76.87505
Caymanas Park,Jamaica,North America,1500,Mile,Dirt,Kingston Stakes,SVREL,2,G2,,17.989652,-76.87505
Caymanas Park,Jamaica,North America,1200,Sprint,Dirt,Thoroughbred Racing Hall-of-Fame Stakes Trophy,SVREL,2,G2,,17.989652,-76.87505
Caymanas Park,Jamaica,North America,1100,Sprint,Dirt,Betting Gaming Lotteries Commission Trophy,SVREL,2,G2,,17.989652,-76.87505
Caymanas Park,Jamaica,North America,1900,Medium,Dirt,Winston Griffiths O.D Classic,SVREL,3,G3,,17.989652,-76.87505
Caymanas Park,Jamaica,North America,1600,Mile,Dirt,St. Elizabeth Distaff,SVREL,3,G3,,17.989652,-76.87505
Caymanas Park,Jamaica,North America,1200,Sprint,Dirt,Svrel Sprint Trophy,SVREL,3,G3,,17.989652,-76.87505
Caymanas Park,Jamaica,North America,1820,Medium,Dirt,Royal Dad Trophy,SVREL,3,G3,,17.989652,-76.87505
Caymanas Park,Jamaica,North America,1300,Sprint,Dirt,2-y-o Juvenile Sprint,SVREL,3,G3,,17.989652,-76.87505
Caymanas Park,Jamaica,North America,1200,Sprint,Dirt,Cash Pot Trophy,SVREL,3,G3,,17.989652,-76.87505
Caymanas Park,Jamaica,North America,1300,Sprint,Dirt,Diamond Sprint Trophy (Div.1),SVREL,3,G3,,17.989652,-76.87505
Caymanas Park,Jamaica,North America,1300,Sprint,Dirt,Diamond Sprint Trophy (Div.2),SVREL,3,G3,,17.989652,-76.87505
Caymanas Park,Jamaica,North America,1400,Sprint,Dirt,Betting Gaming & Lotteries Stakes,SVREL,3,G3,,17.989652,-76.87505
Caymanas Park,Jamaica,North America,1400,Sprint,Dirt,Super Challenge Trophy,SVREL,3,G3,,17.989652,-76.87505
Caymanas Park,Jamaica,North America,1400,Sprint,Dirt,Sweet Rucks Trophy,SVREL,3,G3,,17.989652,-76.87505
Santa Rosa Park,Trinidad and Tobago,North America,1800,Mile,Turf,Midsummer Classic,ARC,1,G1,,10.6125,-61.2778
Santa Rosa Park,Trinidad and Tobago,North America,1800,Mile,Dirt,Guineas,ARC,1,G1,,10.6125,-61.2778
Santa Rosa Park,Trinidad and Tobago,North America,1800,Mile,Dirt,Midsummer Classic,ARC,1,G1,,10.6125,-61.2778
Santa Rosa Park,Trinidad and Tobago,North America,1800,Mile,Turf,Independence Cup,ARC,1,G1,,10.6125,-61.2778
Santa Rosa Park,Trinidad and Tobago,North America,2000,Medium,Dirt,Trinidad Derby Stakes,ARC,1,G1,,10.6125,-61.2778
Santa Rosa Park,Trinidad and Tobago,North America,1200,Sprint,Dirt,Stewards Cup,ARC,1,G1,,10.6125,-61.2778
Santa Rosa Park,Trinidad and Tobago,North America,2000,Medium,Dirt,Gold Cup,ARC,1,G1,,10.6125,-61.2778
Santa Rosa Park,Trinidad and Tobago,North America,1800,Mile,Dirt,Caribbean Champion Stakes,ARC,2,G2,,10.6125,-61.2778
Santa Rosa Park,Trinidad and Tobago,North America,1350,Sprint,Dirt,St. James Stakes,ARC,2,G2,,10.6125,-61.2778
Santa Rosa Park,Trinidad and Tobago,North America,1350,Sprint,Dirt,St. Ann's Stakes,ARC,2,G2,,10.6125,-61.2778
Santa Rosa Park,Trinidad and Tobago,North America,1800,Mile,Dirt,Oaks Stakes,ARC,2,G2,,10.6125,-61.2778
Santa Rosa Park,Trinidad and Tobago,North America,1800,Mile,Dirt,T & T Breeders Classic,ARC,2,G2,,10.6125,-61.2778
Santa Rosa Park,Trinidad and Tobago,North America,1100,Sprint,Turf,Sian's Gold Sprint,ARC,3,G3,,10.6125,-61.2778
Santa Rosa Park,Trinidad and Tobago,North America,1350,Sprint,Dirt,Royal Colours Classic,ARC,3,G3,,10.6125,-61.2778
Santa Rosa Park,Trinidad and Tobago,North America,1600,Mile,Turf,Champagne Stakes,ARC,3,G3,,10.6125,-61.2778
Santa Rosa Park,Trinidad and Tobago,North America,1900,Medium,Dirt,President's Cup,ARC,3,G3,,10.6125,-61.2778
Santa Rosa Park,Trinidad and Tobago,North America,1200,Sprint,Dirt,Santa Rosa Dash,ARC,3,G3,,10.6125,-61.2778
Santa Rosa Park,Trinidad and Tobago,North America,1600,Mile,Turf,Chief Commander Classic,ARC,3,G3,,10.6125,-61.2778
Santa Rosa Park,Trinidad and Tobago,North America,1100,Sprint,Turf,Diamond Stakes,ARC,3,G3,,10.6125,-61.2778
Miguel Salem Dibo,Ecuador,South America,1900,Medium,Dirt,Clásico Independencia de Guayaquil,HNMSD,2,G2,,-2.066476038,-79.86407738
Miguel Salem Dibo,Ecuador,South America,1600,Mile,Dirt,Clásico Fundación de Guayaquil,HNMSD,1,G1,,-2.066476038,-79.86407738
Miguel Salem Dibo,Ecuador,South America,1300,Sprint,Dirt,Clásico Gustavo Cabezas Peet,HNMSD,4,Local,,-2.066476038,-79.86407738
Miguel Salem Dibo,Ecuador,South America,1300,Sprint,Dirt,Clásico Policía Nacional,HNMSD,4,Local,,-2.066476038,-79.86407738
Miguel Salem Dibo,Ecuador,South America,1200,Sprint,Dirt,Clásico Stud Chipipe,HNMSD,4,Local,,-2.066476038,-79.86407738
Miguel Salem Dibo,Ecuador,South America,1300,Sprint,Dirt,Clásico Stud Tres Patines,HNMSD,4,Local,,-2.066476038,-79.86407738
Miguel Salem Dibo,Ecuador,South America,1300,Sprint,Dirt,Clásico Asociación de Profesionales Hípicos del Ecuador,HNMSD,1,G1,,-2.066476038,-79.86407738
Miguel Salem Dibo,Ecuador,South America,1300,Sprint,Dirt,Clásico Señorita,HNMSD,4,Local,,-2.066476038,-79.86407738
Miguel Salem Dibo,Ecuador,South America,1200,Sprint,Dirt,Clásico Sr. Marcial Romero Palomo,HNMSD,1,G1,,-2.066476038,-79.86407738
Miguel Salem Dibo,Ecuador,South America,1400,Sprint,Dirt,Clásico Stud San José,HNMSD,4,Local,,-2.066476038,-79.86407738
Miguel Salem Dibo,Ecuador,South America,1700,Mile,Dirt,Clásico Estreno Dr. Raúl Lebed Sigall,HNMSD,1,G1,Ecuador Triple Crown,-2.066476038,-79.86407738
Miguel Salem Dibo,Ecuador,South America,1800,Mile,Dirt,Clásico Polla Nacional Sr. Agustin Febres Cordero,HNMSD,1,G1,Ecuador Triple Crown,-2.066476038,-79.86407738
Miguel Salem Dibo,Ecuador,South America,2400,Long,Dirt,Clásico Derby Nacional Sr.Benjamin Rosales A.,HNMSD,1,G1,Ecuador Triple Crown,-2.066476038,-79.86407738
Miguel Salem Dibo,Ecuador,South America,1100,Sprint,Dirt,Clásico Ing. Carlos San Andres,HNMSD,1,G1,Ecuador Triple Tiara,-2.066476038,-79.86407738
Miguel Salem Dibo,Ecuador,South America,1300,Sprint,Dirt,Clásico Sr. Eduardo Jairala F.,HNMSD,1,G1,Ecuador Triple Tiara,-2.066476038,-79.86407738
Miguel Salem Dibo,Ecuador,South America,1500,Mile,Dirt,Clásico Abogado Carlos Julio Arosemena Peet,HNMSD,1,G1,Ecuador Triple Tiara,-2.066476038,-79.86407738
Miguel Salem Dibo,Ecuador,South America,1200,Sprint,Dirt,Clásico Ing. Xavier Aspiazu Aguilera,HNMSD,4,Local,,-2.066476038,-79.86407738
Miguel Salem Dibo,Ecuador,South America,1800,Mile,Dirt,Clásico Asociación de Propietarios de Caballos de Carrera del Ecuador,HNMSD,4,Local,,-2.066476038,-79.86407738
Miguel Salem Dibo,Ecuador,South America,1300,Sprint,Dirt,Clásico Alberto Salem Salem,HNMSD,4,Local,,-2.066476038,-79.86407738
Miguel Salem Dibo,Ecuador,South America,1500,Mile,Dirt,Clásico Luis Salem Barahona,HNMSD,4,Local,,-2.066476038,-79.86407738
Miguel Salem Dibo,Ecuador,South America,1700,Mile,Dirt,Clásico Silvio Devoto Passano,HNMSD,4,Local,,-2.066476038,-79.86407738
Miguel Salem Dibo,Ecuador,South America,2000,Medium,Dirt,Clásico Navidad,HNMSD,4,Local,,-2.066476038,-79.86407738
Miguel Salem Dibo,Ecuador,South America,2000,Medium,Dirt,Clásico Carlos Julio Arosemenaola,HNMSD,4,Local,,-2.066476038,-79.86407738
Miguel Salem Dibo,Ecuador,South America,1000,Sprint,Dirt,Clásico Velocidad,HNMSD,4,Local,,-2.066476038,-79.86407738
Miguel Salem Dibo,Ecuador,South America,1600,Mile,Dirt,Clásico Ganaderos,HNMSD,4,Local,,-2.066476038,-79.86407738
Miguel Salem Dibo,Ecuador,South America,1600,Mile,Dirt,Clásico Hipódromo Nacional Miguel Salem Dibo,HNMSD,4,Local,,-2.066476038,-79.86407738
Miguel Salem Dibo,Ecuador,South America,1200,Sprint,Dirt,Clásico Ejército Ecuatoriano,HNMSD,4,Local,,-2.066476038,-79.86407738
Miguel Salem Dibo,Ecuador,South America,1600,Mile,Dirt,Festival de la Milla,HNMSD,4,Local,,-2.066476038,-79.86407738
Miguel Salem Dibo,Ecuador,South America,2400,Long,Dirt,Clásico Derby Nacional (Ecuadorian Derby),HNMSD,1,G1,,-2.066476038,-79.86407738
Miguel Salem Dibo,Ecuador,South America,1300,Sprint,Dirt,Clásico Ricardo Jairala Chonillo,HNMSD,4,Local,,-2.066476038,-79.86407738
Miguel Salem Dibo,Ecuador,South America,1300,Sprint,Dirt,Clásico Agustín Jairala Chonillo,HNMSD,4,Local,,-2.066476038,-79.86407738
Miguel Salem Dibo,Ecuador,South America,1300,Sprint,Dirt,Clásico Jorge Jairala Chonillo,HNMSD,4,Local,,-2.066476038,-79.86407738
Ascot,Australia,Oceania,1800,Mile,Turf,Northerly Stakes,ARB,1,G1,,-31.935,115.925
Ascot,Australia,Oceania,1600,Mile,Turf,Railway Stakes,ARB,1,G1,,-31.935,115.925
Ascot,Australia,Oceania,1200,Sprint,Turf,Winterbottom Stakes,ARB,1,G1,,-31.935,115.925
Ascot,Australia,Oceania,1200,Sprint,Turf,Karrakatta Plate,ARB,2,G2,,-31.935,115.925
Ascot,Australia,Oceania,2400,Long,Turf,Perth Cup,ARB,2,G2,,-31.935,115.925
Ascot,Australia,Oceania,2100,Medium,Turf,Ted Van Heemst Stakes,ARB,2,G2,,-31.935,115.925
Ascot,Australia,Oceania,1600,Mile,Turf,WA Guineas,ARB,2,G2,,-31.935,115.925
Ascot,Australia,Oceania,2400,Long,Turf,W.A.T.C. Derby,ARB,2,G2,,-31.935,115.925
Ascot,Australia,Oceania,1400,Sprint,Turf,Waroa-Lee Steere Stakes,ARB,2,G2,,-31.935,115.925
Ascot,Australia,Oceania,1400,Sprint,Turf,The Gold Rush (A J Scahill Stakes),ARB,3,G3,,-31.935,115.925
Ascot,Australia,Oceania,1400,Sprint,Turf,Asian Beau Stakes,ARB,3,G3,,-31.935,115.925
Ascot,Australia,Oceania,1100,Sprint,Turf,Colonel Reeves Stakes,ARB,3,G3,,-31.935,115.925
Ascot,Australia,Oceania,1100,Sprint,Turf,Gimcrack Stakes,ARB,3,G3,,-31.935,115.925
Ascot,Australia,Oceania,1800,Mile,Turf,La Trice Classic,ARB,3,G3,,-31.935,115.925
Ascot,Australia,Oceania,1400,Sprint,Turf,Eurythmic Stakes,ARB,3,G3,,-31.935,115.925
Ascot,Australia,Oceania,1000,Sprint,Turf,Prince of Wales Stakes,ARB,3,G3,,-31.935,115.925
Ascot,Australia,Oceania,1500,Mile,Turf,R J Peters Stakes,ARB,3,G3,,-31.935,115.925
Ascot,Australia,Oceania,1200,Sprint,Turf,Roma Cup,ARB,3,G3,,-31.935,115.925
Ascot,Australia,Oceania,1400,Sprint,Turf,Sires' Produce Stakes (WA),ARB,3,G3,,-31.935,115.925
Ascot,Australia,Oceania,1600,Mile,Turf,WA Champion Fillies Stakes,ARB,3,G3,,-31.935,115.925
Ascot,Australia,Oceania,2400,Long,Turf,WA Oaks,ARB,3,G3,,-31.935,115.925
Ascot,Australia,Oceania,1400,Sprint,Turf,WA Sires’ Produce Stakes,ARB,3,G3,,-31.935,115.925
Ascot,Australia,Oceania,1400,Sprint,Turf,Northerly Stakes,ARB,3,G3,,-31.935,115.925
Ascot,Australia,Oceania,1100,Sprint,Turf,Northam Stakes,ARB,3,G3,,-31.935,115.925
Ascot,Australia,Oceania,1400,Sprint,Turf,Carbine Club of WA Stakes,ARB,4,Local,,-31.935,115.925
Ascot,Australia,Oceania,1100,Sprint,Turf,Crystal Slipper Stakes,ARB,4,Local,,-31.935,115.925
Ascot,Australia,Oceania,1400,Sprint,Turf,Raconteur Stakes,ARB,4,Local,,-31.935,115.925
Ascot,Australia,Oceania,1600,Mile,Turf,Westspeed Platinum Handicap,ARB,4,Local,,-31.935,115.925
Ascot,Australia,Oceania,2100,Medium,Turf,Rogan Josh Stakes,ARB,4,Local,,-31.935,115.925
Ascot,Australia,Oceania,1000,Sprint,Turf,Croser Sparkling Plate,ARB,4,Local,,-31.935,115.925
Ascot,Australia,Oceania,1800,Mile,Turf,Thank You Craig Staples Handicap,ARB,4,Local,,-31.935,115.925
Ascot,Australia,Oceania,1000,Sprint,Turf,Mc Polytrack Handicap,ARB,4,Local,,-31.935,115.925
Ascot,Australia,Oceania,1200,Sprint,Turf,City of Belmont Trophy,ARB,4,Local,,-31.935,115.925
Ascot,Australia,Oceania,1400,Sprint,Turf,Lawn Pride Australia Handicap,ARB,4,Local,,-31.935,115.925
Ascot,Australia,Oceania,1600,Mile,Turf,Tabtouch Westspeed Platinum Handicap,ARB,4,Local,,-31.935,115.925
Ascot,Australia,Oceania,1600,Mile,Turf,Ascot Mile,ARB,4,Local,,-31.935,115.925
Ascot,Australia,Oceania,1100,Sprint,Turf,Magic Millions Plate,ARB,4,Local,,-31.935,115.925
Ascot,Australia,Oceania,1100,Sprint,Turf,Graduation Handicaps (Sprint),ARB,4,Local,,-31.935,115.925
Ascot,Australia,Oceania,1500,Mile,Turf,Graduation Handicaps (Mile),ARB,4,Local,,-31.935,115.925
Ascot,Australia,Oceania,1800,Mile,Turf,Graduation Handicaps (Medium),ARB,4,Local,,-31.935,115.925
Ascot,Australia,Oceania,1400,Sprint,Turf,Burgess Queen Stakes,ARB,4,Local,,-31.935,115.925
Ascot,Australia,Oceania,1400,Sprint,Turf,Fairetha Stakes,ARB,4,Local,,-31.935,115.925
Ascot,Australia,Oceania,1800,Mile,Turf,Luckygray Stakes,ARB,4,Local,,-31.935,115.925
Ascot,Australia,Oceania,1200,Sprint,Turf,Jungle Mist Classic,ARB,4,Local,,-31.935,115.925
Ascot,Australia,Oceania,1200,Sprint,Turf,Placid Ark Stakes,ARB,4,Local,,-31.935,115.925
Ascot,Australia,Oceania,2100,Medium,Turf,A J Scahill Cup,ARB,4,Local,,-31.935,115.925
Ascot,Australia,Oceania,1400,Sprint,Turf,Jungle Dawn Classic,ARB,4,Local,,-31.935,115.925
Ascot,Australia,Oceania,1400,Sprint,Turf,Lee Steere Classic,ARB,4,Local,,-31.935,115.925
Ascot,Australia,Oceania,2200,Medium,Turf,GA Towton Cup,ARB,4,Local,,-31.935,115.925
Ascot,Australia,Oceania,1200,Sprint,Turf,Black Heart Bart Stakes,ARB,4,Local,,-31.935,115.925
Ascot,Australia,Oceania,1600,Mile,Turf,Starstruck Classic,ARB,4,Local,,-31.935,115.925
Ascot,Australia,Oceania,2200,Medium,Turf,ATA Stakes,ARB,4,Local,,-31.935,115.925
Ascot,Australia,Oceania,1000,Sprint,Turf,Summer Scorcher,ARB,4,Local,,-31.935,115.925
Ascot,Australia,Oceania,1100,Sprint,Turf,Miss Andretti Stakes,ARB,4,Local,,-31.935,115.925
Ascot,Australia,Oceania,1200,Sprint,Turf,Scenic Blast Stakes,ARB,4,Local,,-31.935,115.925
Ascot,Australia,Oceania,1400,Sprint,Turf,The Quokka,ARB,4,Local,,-31.935,115.925
Ascot,Australia,Oceania,1200,Sprint,Turf,Cyril Flower Stakes,ARB,4,Local,,-31.935,115.925
Ascot,Australia,Oceania,1500,Mile,Turf,WA Challenge Stakes,ARB,4,Local,,-31.935,115.925
Ascot,Australia,Oceania,1800,Mile,Turf,Detonator Stakes,ARB,4,Local,,-31.935,115.925
Ascot,Australia,Oceania,1600,Mile,Turf,Lex Piper Stakes,ARB,4,Local,,-31.935,115.925
Belmont,Australia,Oceania,1400,Sprint,Turf,Belmont Sprint,ARB,3,G3,,-31.9436,115.891
Belmont,Australia,Oceania,1600,Mile,Turf,Hyperion Stakes,ARB,3,G3,,-31.9436,115.891
Belmont,Australia,Oceania,2000,Medium,Turf,Strickland Stakes,ARB,3,G3,,-31.9436,115.891
Belmont,Australia,Oceania,1400,Sprint,Turf,Ranconteur Stakes,ARB,4,Local,,-31.9436,115.891
Belmont,Australia,Oceania,1600,Mile,Turf,Belmont Guineas,ARB,4,Local,,-31.9436,115.891
Belmont,Australia,Oceania,1000,Sprint,Turf,Beaufine Stakes,ARB,4,Local,,-31.9436,115.891
Belmont,Australia,Oceania,1200,Sprint,Turf,HG Bolton Sprint,ARB,4,Local,,-31.9436,115.891
Belmont,Australia,Oceania,2200,Medium,Turf,Belmont Classic,ARB,4,Local,,-31.9436,115.891
Belmont,Australia,Oceania,1200,Sprint,Turf,Belmont Newmarket,ARB,4,Local,,-31.9436,115.891
Belmont,Australia,Oceania,1300,Sprint,Turf,Idyllic Prince Stakes,ARB,4,Local,,-31.9436,115.891
Belmont,Australia,Oceania,1400,Sprint,Turf,Farnley Stakes,ARB,4,Local,,-31.9436,115.891
Belmont,Australia,Oceania,2000,Medium,Turf,Belmont Oaks,ARB,4,Local,,-31.9436,115.891
Belmont,Australia,Oceania,2000,Medium,Turf,Aquanita Stakes,ARB,4,Local,,-31.9436,115.891
Belmont,Australia,Oceania,1000,Sprint,Turf,Morley Growers Market Handicap,ARB,4,Local,,-31.9436,115.891
Belmont,Australia,Oceania,1200,Sprint,Turf,Glenroy Chaff Handicap,ARB,4,Local,,-31.9436,115.891
Belmont,Australia,Oceania,1200,Sprint,Turf,WA Racehorse Owners Association Handicap,ARB,4,Local,,-31.9436,115.891
Belmont,Australia,Oceania,1300,Sprint,Turf,Schweppes Handicap,ARB,4,Local,,-31.9436,115.891
Belmont,Australia,Oceania,1400,Sprint,Turf,MCA Polytrack Plate,ARB,4,Local,,-31.9436,115.891
Belmont,Australia,Oceania,1400,Sprint,Turf,MCA Polytrack Handicap,ARB,4,Local,,-31.9436,115.891
Belmont,Australia,Oceania,1600,Mile,Turf,Perth Racing Now Hiring Staff Handicap,ARB,4,Local,,-31.9436,115.891
Belmont,Australia,Oceania,2200,Medium,Turf,Quayclean Handicap,ARB,4,Local,,-31.9436,115.891
Belmont,Australia,Oceania,2200,Medium,Turf,Bisley Workwear Handicap,ARB,4,Local,,-31.9436,115.891
Bendigo,Australia,Oceania,2400,Long,Turf,Bendigo Cup,ARB,3,G3,,-36.725136,144.317276
Bendigo,Australia,Oceania,1600,Mile,Turf,Ladbrokes Golden Mile,ARB,4,Local,,-36.725136,144.317276
Bendigo,Australia,Oceania,1400,Sprint,Turf,Bendigo Gold Bracelet,ARB,4,Local,,-36.725136,144.317276
Bendigo,Australia,Oceania,1400,Sprint,Turf,SEN Bendigo Guineas,ARB,4,Local,,-36.725136,144.317276
Bendigo,Australia,Oceania,2400,Long,Turf,Turners Crossing Handicap,ARB,4,Local,,-36.725136,144.317276
Bendigo,Australia,Oceania,2200,Medium,Turf,Marong Cup,ARB,4,Local,,-36.725136,144.317276
Bendigo,Australia,Oceania,1600,Mile,Turf,Elmore Cup,ARB,4,Local,,-36.725136,144.317276
Bendigo,Australia,Oceania,900,Sprint,Turf,ARB Bendigo 900m Turf,ARB,0,Non-Graded,,-36.725136,144.317276
Bendigo,Australia,Oceania,1000,Sprint,Turf,ARB Bendigo 1000m Turf,ARB,0,Non-Graded,,-36.725136,144.317276
Bendigo,Australia,Oceania,1100,Sprint,Turf,ARB Bendigo 1100m Turf,ARB,0,Non-Graded,,-36.725136,144.317276
Bendigo,Australia,Oceania,1300,Sprint,Turf,ARB Bendigo 1300m Turf,ARB,0,Non-Graded,,-36.725136,144.317276
Bendigo,Australia,Oceania,1500,Mile,Turf,ARB Bendigo 1500m Turf,ARB,0,Non-Graded,,-36.725136,144.317276
Canberra,Australia,Oceania,1200,Sprint,Turf,Black Opal Stakes,ARB,3,G3,,-35.232142,149.140108
Canberra,Australia,Oceania,1080,Sprint,Synthetic,TAB Federal Maiden (Acton),ARB,4,Local,,-35.232142,149.140108
Canberra,Australia,Oceania,1206,Sprint,Synthetic,TAB Federal Maiden (Acton),ARB,4,Local,,-35.232142,149.140108
Canberra,Australia,Oceania,1280,Sprint,Synthetic,TAB Federal Maiden (Acton),ARB,4,Local,,-35.232142,149.140108
Canberra,Australia,Oceania,1080,Sprint,Synthetic,Hops & Hooves Festival Plate (Acton),ARB,4,Local,,-35.232142,149.140108
Canberra,Australia,Oceania,1900,Medium,Synthetic,Polytrack Stayers Cup (Acton),ARB,4,Local,,-35.232142,149.140108
Canberra,Australia,Oceania,1206,Sprint,Synthetic,Glen Mia ACT Saddlery Sprinters Cup (Acton),ARB,4,Local,,-35.232142,149.140108
Canberra,Australia,Oceania,1300,Sprint,Turf,John McGrath Auto Group Handicap,ARB,4,Local,,-35.232142,149.140108
Canberra,Australia,Oceania,1600,Mile,Turf,Seears Workwear Plate,ARB,4,Local,,-35.232142,149.140108
Canberra,Australia,Oceania,2000,Medium,Turf,Thoroughbred Park Event Centre Handicap,ARB,4,Local,,-35.232142,149.140108
Canberra,Australia,Oceania,1400,Sprint,Turf,Canberra Community Chest,ARB,4,Local,,-35.232142,149.140108
Canberra,Australia,Oceania,1000,Sprint,Turf,Aquis Park – Gold Coast Turf Club Clan O’Sullivan,ARB,4,Local,,-35.232142,149.140108
Canberra,Australia,Oceania,2000,Medium,Turf,Canberra Cup,ARB,4,Local,,-35.232142,149.140108
Canberra,Australia,Oceania,1200,Sprint,Turf,National Sprint,ARB,4,Local,,-35.232142,149.140108
Canberra,Australia,Oceania,1400,Sprint,Turf,Canberra Guineas,ARB,4,Local,,-35.232142,149.140108
Canberra,Australia,Oceania,1000,Sprint,Turf,Camarena Handicap,ARB,4,Local,,-35.232142,149.140108
Canberra,Australia,Oceania,1750,Mile,Synthetic,ARB Canberra 1750m Synthetic,ARB,0,Non-Graded,,-35.232142,149.140108
Canberra,Australia,Oceania,1000,Sprint,Turf,Black Opal Preview,ARB,4,Local,,-35.232142,149.140108
Canberra,Australia,Oceania,2000,Medium,Turf,Canberra Cup Preview,ARB,4,Local,,-35.232142,149.140108
Canberra,Australia,Oceania,2000,Medium,Turf,Canberra Cup,ARB,4,Local,,-35.232142,149.140108
Canberra,Australia,Oceania,1000,Sprint,Turf,Capital Trophies & Sportswear Clan O'Sullivan Handicap,ARB,4,Local,,-35.232142,149.140108
Canberra,Australia,Oceania,1600,Mile,Turf,Tuggeranong Cup,ARB,4,Local,,-35.232142,149.140108
Caulfield,Australia,Oceania,1200,Sprint,Turf,Blue Diamond Stakes,ARB,1,G1,,-37.881,145.04
Caulfield,Australia,Oceania,1400,Sprint,Turf,C.F. Orr Stakes,ARB,1,G1,,-37.881,145.04
Caulfield,Australia,Oceania,2400,Long,Turf,Caulfield Cup,ARB,1,G1,,-37.881,145.04
Caulfield,Australia,Oceania,1600,Mile,Turf,Caulfield Guineas,ARB,1,G1,,-37.881,145.04
Caulfield,Australia,Oceania,2000,Medium,Turf,Might and Power Stakes,ARB,1,G1,,-37.881,145.04
Caulfield,Australia,Oceania,1400,Sprint,Turf,Futurity Stakes,ARB,1,G1,,-37.881,145.04
Caulfield,Australia,Oceania,1400,Sprint,Turf,Memrise Stakes,ARB,1,G1,,-37.881,145.04
Caulfield,Australia,Oceania,1100,Sprint,Turf,Oakleigh Plate,ARB,1,G1,,-37.881,145.04
Caulfield,Australia,Oceania,1400,Sprint,Turf,Sir Rupert Clarke Stakes,ARB,1,G1,,-37.881,145.04
Caulfield,Australia,Oceania,1600,Mile,Turf,The Thousand Guineas,ARB,1,G1,,-37.881,145.04
Caulfield,Australia,Oceania,1600,Mile,Turf,Toorak Handicap,ARB,1,G1,,-37.881,145.04
Caulfield,Australia,Oceania,1800,Mile,Turf,Underwood Stakes,ARB,1,G1,,-37.881,145.04
Caulfield,Australia,Oceania,1400,Sprint,Turf,Angus Armanasco Stakes,ARB,2,G2,,-37.881,145.04
Caulfield,Australia,Oceania,1400,Sprint,Turf,Autumn Stakes,ARB,2,G2,,-37.881,145.04
Caulfield,Australia,Oceania,1100,Sprint,Turf,Blue Diamond Prelude Fillies,ARB,2,G2,,-37.881,145.04
Caulfield,Australia,Oceania,1800,Mile,Turf,Caulfield Autumn Classic,ARB,2,G2,,-37.881,145.04
Caulfield,Australia,Oceania,1100,Sprint,Turf,Caulfield Sprint,ARB,2,G2,,-37.881,145.04
Caulfield,Australia,Oceania,2400,Long,Turf,Herbert Power Stakes,ARB,2,G2,,-37.881,145.04
Caulfield,Australia,Oceania,1400,Sprint,Turf,P B Lawrence Stakes,ARB,2,G2,,-37.881,145.04
Caulfield,Australia,Oceania,1800,Mile,Turf,Peter Young Stakes,ARB,2,G2,,-37.881,145.04
Caulfield,Australia,Oceania,1100,Sprint,Turf,Rubiton Stakes,ARB,2,G2,,-37.881,145.04
Caulfield,Australia,Oceania,1100,Sprint,Turf,Schillaci Stakes,ARB,2,G2,,-37.881,145.04
Caulfield,Australia,Oceania,1400,Sprint,Turf,Thousand Guineas Prelude,ARB,2,G2,,-37.881,145.04
Caulfield,Australia,Oceania,1400,Sprint,Turf,Tristarc Stakes,ARB,2,G2,,-37.881,145.04
Caulfield,Australia,Oceania,1200,Sprint,Turf,Bletchingly Stakes,ARB,3,G3,,-37.881,145.04
Caulfield,Australia,Oceania,1100,Sprint,Turf,Blue Diamond Prelude C&G,ARB,3,G3,,-37.881,145.04
Caulfield,Australia,Oceania,1000,Sprint,Turf,Blue Diamond Preview Fillies,ARB,3,G3,,-37.881,145.04
Caulfield,Australia,Oceania,1200,Sprint,Turf,Blue Sappire Stakes,ARB,3,G3,,-37.881,145.04
Caulfield,Australia,Oceania,1600,Mile,Turf,MRC Foundation Cup,ARB,3,G3,,-37.881,145.04
Caulfield,Australia,Oceania,2000,Medium,Turf,Caulfield Classic,ARB,3,G3,,-37.881,145.04
Caulfield,Australia,Oceania,1400,Sprint,Turf,Caulfield Guineas Prelude,ARB,3,G3,,-37.881,145.04
Caulfield,Australia,Oceania,1000,Sprint,Turf,Chairman's Stakes (MRC),ARB,3,G3,,-37.881,145.04
Caulfield,Australia,Oceania,2000,Medium,Turf,Coongy Handicap,ARB,3,G3,,-37.881,145.04
Caulfield,Australia,Oceania,2000,Medium,Turf,Easter Cup,ARB,3,G3,,-37.881,145.04
Caulfield,Australia,Oceania,1800,Mile,Turf,Eclipse Stakes,ARB,3,G3,,-37.881,145.04
Caulfield,Australia,Oceania,2000,Medium,Turf,Ethereal Stakes,ARB,3,G3,,-37.881,145.04
Caulfield,Australia,Oceania,1200,Sprint,Turf,Geoffrey Bellmaine Stakes,ARB,3,G3,,-37.881,145.04
Caulfield,Australia,Oceania,1200,Sprint,Turf,HDF McNeil Stakes,ARB,3,G3,,-37.881,145.04
Caulfield,Australia,Oceania,1200,Sprint,Turf,How Now Stakes,ARB,3,G3,,-37.881,145.04
Caulfield,Australia,Oceania,1200,Sprint,Turf,Peter Le Grand Stakes,ARB,3,G3,,-37.881,145.04
Caulfield,Australia,Oceania,1300,Sprint,Turf,Kevin Heffernan Stakes,ARB,3,G3,,-37.881,145.04
Caulfield,Australia,Oceania,1600,Mile,Turf,Ladies Day Vase,ARB,3,G3,,-37.881,145.04
Caulfield,Australia,Oceania,1200,Sprint,Turf,Manfred Stakes,ARB,3,G3,,-37.881,145.04
Caulfield,Australia,Oceania,1400,Sprint,Turf,Mannerism Stakes,ARB,3,G3,,-37.881,145.04
Caulfield,Australia,Oceania,1400,Sprint,Turf,Moonga Stakes,ARB,3,G3,,-37.881,145.04
Caulfield,Australia,Oceania,2000,Medium,Turf,Naturalism Stakes,ARB,3,G3,,-37.881,145.04
Caulfield,Australia,Oceania,1200,Sprint,Turf,Northwood Plume Stakes,ARB,3,G3,,-37.881,145.04
Caulfield,Australia,Oceania,1100,Sprint,Turf,Quezette Stakes,ARB,3,G3,,-37.881,145.04
Caulfield,Australia,Oceania,1100,Sprint,Turf,Sir John Monash Stakes,ARB,3,G3,,-37.881,145.04
Caulfield,Australia,Oceania,1100,Sprint,Turf,The Heath 1100,ARB,3,G3,,-37.881,145.04
Caulfield,Australia,Oceania,1200,Sprint,Turf,Thoroughbred Club Stakes,ARB,3,G3,,-37.881,145.04
Caulfield,Australia,Oceania,1100,Sprint,Turf,Vain Stakes,ARB,3,G3,,-37.881,145.04
Caulfield,Australia,Oceania,1400,Sprint,Turf,Victoria Handicap,ARB,3,G3,,-37.881,145.04
Caulfield,Australia,Oceania,1200,Sprint,Turf,W W Cockram Stakes,ARB,3,G3,,-37.881,145.04
Caulfield,Australia,Oceania,1200,Sprint,Turf,Zeditave Stakes,ARB,3,G3,,-37.881,145.04
Caulfield,Australia,Oceania,1000,Sprint,Turf,W.J. Adams Stakes,ARB,4,Local,,-37.881,145.04
Caulfield,Australia,Oceania,1200,Sprint,Turf,Quayclean Manfred Stakes,ARB,4,Local,,-37.881,145.04
Caulfield,Australia,Oceania,1400,Sprint,Turf,Evergreen Turf John Dilon Stakes,ARB,4,Local,,-37.881,145.04
Caulfield,Australia,Oceania,1100,Sprint,Turf,Sportsbet Bel Esprit Stakes,ARB,4,Local,,-37.881,145.04
Caulfield,Australia,Oceania,1400,Sprint,Turf,VOBIS Silver Three-Years-Old Handicap,ARB,4,Local,,-37.881,145.04
Caulfield,Australia,Oceania,1100,Sprint,Turf,Whispering Angel Handicap,ARB,4,Local,,-37.881,145.04
Caulfield,Australia,Oceania,1400,Sprint,Turf,Lamaro's Hotel Handicap,ARB,4,Local,,-37.881,145.04
Caulfield,Australia,Oceania,1000,Sprint,Turf,Tour D'horse Sprint,ARB,4,Local,,-37.881,145.04
Caulfield,Australia,Oceania,1200,Sprint,Turf,Stow Storage Gothic Stakes,ARB,4,Local,,-37.881,145.04
Caulfield,Australia,Oceania,1100,Sprint,Turf,Manhari Alinghi Stakes,ARB,4,Local,,-37.881,145.04
Caulfield,Australia,Oceania,1700,Mile,Turf,A Caulfield Kind of Summer Handicap,ARB,4,Local,,-37.881,145.04
Caulfield,Australia,Oceania,2000,Medium,Turf,A Caulfield Kind of Summer Handicap,ARB,4,Local,,-37.881,145.04
Caulfield,Australia,Oceania,2000,Medium,Turf,Thank You Lynden Tymms Handicap,ARB,4,Local,,-37.881,145.04
Caulfield,Australia,Oceania,1400,Sprint,Turf,Remembering Ted Ryan Handicap,ARB,4,Local,,-37.881,145.04
Caulfield,Australia,Oceania,1100,Sprint,Turf,The Mary Bell Handicap,ARB,4,Local,,-37.881,145.04
Caulfield,Australia,Oceania,2000,Medium,Turf,Vale Durston Handicap,ARB,4,Local,,-37.881,145.04
Caulfield,Australia,Oceania,1440,Mile,Turf,BM100 Handicap,ARB,4,Local,Caulfield BM100 Handicap,-37.881,145.04
Caulfield,Australia,Oceania,1600,Mile,Turf,BM100 Handicap,ARB,4,Local,Caulfield BM100 Handicap,-37.881,145.04
Caulfield,Australia,Oceania,1200,Sprint,Turf,BM84 Handicap,ARB,4,Local,Caulfield BM84 Handicap,-37.881,145.04
Caulfield,Australia,Oceania,1600,Mile,Turf,BM84 Handicap,ARB,4,Local,Caulfield BM84 Handicap,-37.881,145.04
Caulfield,Australia,Oceania,2000,Medium,Turf,BM84 Handicap,ARB,4,Local,Caulfield BM84 Handicap,-37.881,145.04
Caulfield,Australia,Oceania,1100,Sprint,Turf,BM78 Handicap,ARB,4,Local,Caulfield BM78 Handicap,-37.881,145.04
Caulfield,Australia,Oceania,1200,Sprint,Turf,BM78 Handicap,ARB,4,Local,Caulfield BM78 Handicap,-37.881,145.04
Caulfield,Australia,Oceania,1600,Mile,Turf,BM78 Handicap,ARB,4,Local,Caulfield BM78 Handicap,-37.881,145.04
Caulfield,Australia,Oceania,2000,Medium,Turf,BM78 Handicap,ARB,4,Local,Caulfield BM78 Handicap,-37.881,145.04
Caulfield,Australia,Oceania,1600,Mile,Turf,Sportsbet More Places Handicap,ARB,4,Local,,-37.881,145.04
Caulfield,Australia,Oceania,1000,Sprint,Turf,2YO Open Handicap,ARB,4,Local,,-37.881,145.04
Caulfield,Australia,Oceania,1100,Sprint,Turf,Sportsbet Fixed Odds Exotics Handicap,ARB,4,Local,,-37.881,145.04
Caulfield,Australia,Oceania,2000,Medium,Turf,Lamaro's After The Last Handicap,ARB,4,Local,,-37.881,145.04
Caulfield,Australia,Oceania,1600,Mile,Turf,Tobin Brothers Celebrating Lives Handicap,ARB,4,Local,,-37.881,145.04
Caulfield,Australia,Oceania,1200,Sprint,Turf,VOBIS Platinum Showdown,ARB,4,Local,,-37.881,145.04
Caulfield,Australia,Oceania,1200,Sprint,Turf,R.M. Williams Testa Rossa Stakes,ARB,4,Local,,-37.881,145.04
Moonee Valley,Australia,Oceania,1200,Sprint,Turf,William Reid Stakes,ARB,1,G1,,-37.7654,144.931
Moonee Valley,Australia,Oceania,1000,Sprint,Turf,A J Moir Stakes,ARB,2,G2,,-37.7654,144.931
Moonee Valley,Australia,Oceania,1200,Sprint,Turf,Manikato Stakes,ARB,3,G3,,-37.7654,144.931
Moonee Valley,Australia,Oceania,2040,Medium,Turf,Alister Clark Stakes,ARB,2,G2,,-37.7654,144.931
Moonee Valley,Australia,Oceania,1600,Mile,Turf,Sunline Stakes,ARB,2,G2,,-37.7654,144.931
Moonee Valley,Australia,Oceania,1600,Mile,Turf,Bill Stutt Stakes,ARB,2,G2,,-37.7654,144.931
Moonee Valley,Australia,Oceania,1600,Mile,Turf,Crystal Mile,ARB,2,G2,,-37.7654,144.931
Moonee Valley,Australia,Oceania,1600,Mile,Turf,John F. Feehan Stakes,ARB,2,G2,,-37.7654,144.931
Moonee Valley,Australia,Oceania,1200,Sprint,Turf,McEwen Stakes,ARB,2,G2,,-37.7654,144.931
Moonee Valley,Australia,Oceania,2040,Medium,Turf,Mooney Valley Vase,ARB,2,G2,,-37.7654,144.931
Moonee Valley,Australia,Oceania,1600,Mile,Turf,W H Stocks Stakes,ARB,2,G2,,-37.7654,144.931
Moonee Valley,Australia,Oceania,1600,Mile,Turf,Alexandra Stakes,ARB,3,G3,,-37.7654,144.931
Moonee Valley,Australia,Oceania,1200,Sprint,Turf,Typhoon Tracy Stakes,ARB,3,G3,,-37.7654,144.931
Moonee Valley,Australia,Oceania,1200,Sprint,Turf,Red Anchor Stakes,ARB,3,G3,,-37.7654,144.931
Moonee Valley,Australia,Oceania,1200,Sprint,Turf,Scarborough Stakes,ARB,3,G3,,-37.7654,144.931
Moonee Valley,Australia,Oceania,1600,Mile,Turf,Tesio Stakes,ARB,3,G3,,-37.7654,144.931
Moonee Valley,Australia,Oceania,1200,Sprint,Turf,Symal Crockett Stakes,ARB,4,Local,,-37.7654,144.931
Moonee Valley,Australia,Oceania,1200,Sprint,Turf,Abell Stakes,ARB,4,Local,,-37.7654,144.931
Moonee Valley,Australia,Oceania,955,Sprint,Turf,55 Second Challenge Series,ARB,4,Local,,-37.7654,144.931
Moonee Valley,Australia,Oceania,1200,Sprint,Turf,Sweeney Estate Agents Country Cup Final,ARB,4,Local,,-37.7654,144.931
Moonee Valley,Australia,Oceania,1600,Mile,Turf,Chef's Hat Handicap,ARB,4,Local,,-37.7654,144.931
Moonee Valley,Australia,Oceania,1000,Sprint,Turf,MSC Signs Handicap,ARB,4,Local,,-37.7654,144.931
Moonee Valley,Australia,Oceania,1200,Sprint,Turf,MSC Signs Handicap,ARB,4,Local,,-37.7654,144.931
Moonee Valley,Australia,Oceania,2040,Medium,Turf,MSC Signs Handicap,ARB,4,Local,,-37.7654,144.931
Moonee Valley,Australia,Oceania,1200,Sprint,Turf,Ladbrokes Odds Surge Handicap,ARB,4,Local,,-37.7654,144.931
Moonee Valley,Australia,Oceania,1200,Sprint,Turf,Ascend Sales Trophies Handicap,ARB,4,Local,,-37.7654,144.931
Moonee Valley,Australia,Oceania,1000,Sprint,Turf,Carlyon Stakes,ARB,4,Local,,-37.7654,144.931
Moonee Valley,Australia,Oceania,1200,Sprint,Turf,Crockett Stakes,ARB,4,Local,,-37.7654,144.931
Moonee Valley,Australia,Oceania,1200,Sprint,Turf,Chautauqua Stakes,ARB,4,Local,,-37.7654,144.931
Moonee Valley,Australia,Oceania,2040,Medium,Turf,JRA Cup,ARB,3,G3,,-37.7654,144.931
Moonee Valley,Australia,Oceania,1200,Sprint,Turf,Valley Pearl,ARB,4,Local,,-37.7654,144.931
Moonee Valley,Australia,Oceania,1200,Sprint,Turf,Caspers Pies and Pastries Handicap,ARB,4,Local,,-37.7654,144.931
Moonee Valley,Australia,Oceania,2040,Medium,Turf,Manhari Handicap,ARB,4,Local,,-37.7654,144.931
Moonee Valley,Australia,Oceania,2500,Long,Turf,Moonee Valley Gold Cup,ARB,2,G2,,-37.7654,144.931
Moonee Valley,Australia,Oceania,2040,Medium,Turf,W.S. Cox Plate,ARB,1,G1,,-37.7654,144.931
Corbould Park,Australia,Oceania,1600,Mile,Turf,Sunshine Coast Guineas,ARB,3,G3,,-26.78462,153.07221
Corbould Park,Australia,Oceania,1400,Sprint,Turf,Sunshine Coast Cup,ARB,4,Local,,-26.78462,153.07221
Corbould Park,Australia,Oceania,2400,Long,Turf,Caloudra Cup,ARB,4,Local,,-26.78462,153.07221
Corbould Park,Australia,Oceania,1600,Mile,Turf,Mooloolaba Cup,ARB,4,Local,,-26.78462,153.07221
Corbould Park,Australia,Oceania,1400,Sprint,Turf,Glasshouse Handicap,ARB,4,Local,,-26.78462,153.07221
Corbould Park,Australia,Oceania,1000,Sprint,Turf,Noosa Cup,ARB,4,Local,,-26.78462,153.07221
Corbould Park,Australia,Oceania,1000,Sprint,Turf,H E Corbould Transition Handicap,ARB,4,Local,,-26.78462,153.07221
Corbould Park,Australia,Oceania,1200,Sprint,Turf,Bruce McLachlan Classic,ARB,4,Local,,-26.78462,153.07221
Corbould Park,Australia,Oceania,1800,Mile,Turf,ARB Corbould Park 1800m Turf,ARB,0,Non-Graded,,-26.78462,153.07221
Corbould Park,Australia,Oceania,2200,Medium,Turf,ARB Corbould Park 2200m Turf,ARB,0,Non-Graded,,-26.78462,153.07221
Doomben,Australia,Oceania,1200,Sprint,Turf,"Doomben 10,000",ARB,1,G1,,-27.426319,153.076033
Doomben,Australia,Oceania,2000,Medium,Turf,Doomben Cup,ARB,1,G1,,-27.426319,153.076033
Doomben,Australia,Oceania,1200,Sprint,Turf,Champagne Classic (BRC),ARB,2,G2,,-27.426319,153.076033
Doomben,Australia,Oceania,2000,Medium,Turf,Doomben Roses,ARB,2,G2,,-27.426319,153.076033
Doomben,Australia,Oceania,1350,Sprint,Turf,BRC Sprint,ARB,3,G3,,-27.426319,153.076033
Doomben,Australia,Oceania,2000,Medium,Turf,Chairman's Handicap (BRC),ARB,3,G3,,-27.426319,153.076033
Doomben,Australia,Oceania,1200,Sprint,Turf,George Moore Stakes,ARB,3,G3,,-27.426319,153.076033
Doomben,Australia,Oceania,1200,Sprint,Turf,Rough Habit Plate,ARB,3,G3,,-27.426319,153.076033
Doomben,Australia,Oceania,1350,Sprint,Turf,Vo Rogue Plate,ARB,3,G3,,-27.426319,153.076033
Doomben,Australia,Oceania,1200,Sprint,Turf,The Gibson Open Handicap,ARB,4,Local,,-27.426319,153.076033
Doomben,Australia,Oceania,1600,Mile,Turf,Lord Mayor's Cup (BRC),ARB,4,Local,,-27.426319,153.076033
Doomben,Australia,Oceania,1200,Sprint,Turf,Moreton Hire Handicap,ARB,4,Local,,-27.426319,153.076033
Doomben,Australia,Oceania,1200,Sprint,Turf,Sky Racing Handicap,ARB,4,Local,,-27.426319,153.076033
Doomben,Australia,Oceania,1350,Sprint,Turf,Sky Racing Handicap,ARB,4,Local,,-27.426319,153.076033
Doomben,Australia,Oceania,1600,Mile,Turf,Sky Racing Handicap,ARB,4,Local,,-27.426319,153.076033
Doomben,Australia,Oceania,1100,Sprint,Turf,Gallopers Sports Club QTIS Two-Year-Old Handicap,ARB,4,Local,,-27.426319,153.076033
Doomben,Australia,Oceania,1100,Sprint,Turf,Become A BRC Member Handicap,ARB,4,Local,Doomben Become A BRC Member Handicap,-27.426319,153.076033
Doomben,Australia,Oceania,1200,Sprint,Turf,Become A BRC Member Handicap,ARB,4,Local,Doomben Become A BRC Member Handicap,-27.426319,153.076033
Doomben,Australia,Oceania,1350,Sprint,Turf,Become A BRC Member Handicap,ARB,4,Local,Doomben Become A BRC Member Handicap,-27.426319,153.076033
Doomben,Australia,Oceania,1100,Sprint,Turf,Become A BRC Member Maiden Plate,ARB,4,Local,Doomben Become A BRC Member Maiden Plate,-27.426319,153.076033
Doomben,Australia,Oceania,1200,Sprint,Turf,Become A BRC Member Maiden Plate,ARB,4,Local,Doomben Become A BRC Member Maiden Plate,-27.426319,153.076033
Doomben,Australia,Oceania,2070,Medium,Turf,Become A BRC Member Maiden Plate,ARB,4,Local,Doomben Become A BRC Member Maiden Plate,-27.426319,153.076033
Doomben,Australia,Oceania,1350,Sprint,Turf,Sky Racing Maiden Handicap,ARB,4,Local,,-27.426319,153.076033
Doomben,Australia,Oceania,1200,Sprint,Turf,Keith Noud Quality Handicap,ARB,4,Local,,-27.426319,153.076033
Doomben,Australia,Oceania,1200,Sprint,Turf,Tattersall's Classic,ARB,4,Local,,-27.426319,153.076033
Doomben,Australia,Oceania,1100,Sprint,Turf,Phelan Ready Stakes,ARB,4,Local,,-27.426319,153.076033
Doomben,Australia,Oceania,1600,Mile,Turf,Benborough Plate,ARB,4,Local,,-27.426319,153.076033
Doomben,Australia,Oceania,2200,Medium,Turf,Shoot Out Quality Handicap,ARB,4,Local,,-27.426319,153.076033
Doomben,Australia,Oceania,2000,Medium,Turf,Brighton Hotel Doomben Stakes,ARB,4,Local,,-27.426319,153.076033
Doomben,Australia,Oceania,1100,Sprint,Turf,Mick Dittman Plate,ARB,4,Local,,-27.426319,153.076033
Doomben,Australia,Oceania,1600,Mile,Turf,Member's Cup,ARB,4,Local,,-27.426319,153.076033
Doomben,Australia,Oceania,1500,Mile,Turf,The Phoenix,ARB,4,Local,,-27.426319,153.076033
Doomben,Australia,Oceania,1000,Sprint,Turf,Dalrello Stakes,ARB,4,Local,,-27.426319,153.076033
Doomben,Australia,Oceania,1000,Sprint,Turf,Lightning Handicap,ARB,4,Local,,-27.426319,153.076033
Doomben,Australia,Oceania,1300,Sprint,Turf,Lough Neagh Stakes,ARB,4,Local,,-27.426319,153.076033
Doomben,Australia,Oceania,1200,Sprint,Turf,Gold Edition Plate,ARB,4,Local,,-27.426319,153.076033
Doomben,Australia,Oceania,2400,Long,Turf,Queensland Cup,ARB,4,Local,,-27.426319,153.076033
Doomben,Australia,Oceania,1350,Sprint,Turf,Fred Best Classic,ARB,4,Local,,-27.426319,153.076033
Doomben,Australia,Oceania,1200,Sprint,Turf,Moreton Cup,ARB,4,Local,,-27.426319,153.076033
Eagle Farm,Australia,Oceania,1600,Mile,Turf,J.J. Atkins,ARB,1,G1,,-27.4277,153.0674
Eagle Farm,Australia,Oceania,1300,Sprint,Turf,Kingsford-Smith Cup,ARB,1,G1,,-27.4277,153.0674
Eagle Farm,Australia,Oceania,2400,Long,Turf,Queensland Derby,ARB,1,G1,,-27.4277,153.0674
Eagle Farm,Australia,Oceania,2400,Long,Turf,Queensland Oaks,ARB,1,G1,,-27.4277,153.0674
Eagle Farm,Australia,Oceania,1400,Sprint,Turf,Stradbroke Handicap,ARB,1,G1,,-27.4277,153.0674
Eagle Farm,Australia,Oceania,1400,Sprint,Turf,Tattersall's Tiara,ARB,1,G1,,-27.4277,153.0674
Eagle Farm,Australia,Oceania,2400,Long,Turf,Brisbane Cup,ARB,2,G2,,-27.4277,153.0674
Eagle Farm,Australia,Oceania,1400,Sprint,Turf,Dane Ripper Stakes,ARB,2,G2,,-27.4277,153.0674
Eagle Farm,Australia,Oceania,1300,Sprint,Turf,QTC Cup,ARB,2,G2,,-27.4277,153.0674
Eagle Farm,Australia,Oceania,2200,Medium,Turf,The Q22,ARB,2,G2,,-27.4277,153.0674
Eagle Farm,Australia,Oceania,1600,Mile,Turf,Queensland Guineas,ARB,2,G2,,-27.4277,153.0674
Eagle Farm,Australia,Oceania,1400,Sprint,Turf,Sire's Produce Stakes (BRC),ARB,2,G2,,-27.4277,153.0674
Eagle Farm,Australia,Oceania,1200,Sprint,Turf,Victory Stakes,ARB,2,G2,,-27.4277,153.0674
Eagle Farm,Australia,Oceania,1200,Sprint,Turf,B J McLachlan Stakes,ARB,3,G3,,-27.4277,153.0674
Eagle Farm,Australia,Oceania,1400,Sprint,Turf,Fred Best Classic,ARB,3,G3,,-27.4277,153.0674
Eagle Farm,Australia,Oceania,1300,Sprint,Turf,Pam O'Neill Stakes,ARB,3,G3,,-27.4277,153.0674
Eagle Farm,Australia,Oceania,2200,Medium,Turf,Grand Prix Stakes,ARB,3,G3,,-27.4277,153.0674
Eagle Farm,Australia,Oceania,1600,Mile,Turf,Gunsynd Classic,ARB,3,G3,,-27.4277,153.0674
Eagle Farm,Australia,Oceania,1600,Mile,Turf,Lord Mayor's Cup (BRC),ARB,3,G3,,-27.4277,153.0674
Eagle Farm,Australia,Oceania,2200,Medium,Turf,Premier's Cup (BRC),ARB,3,G3,,-27.4277,153.0674
Eagle Farm,Australia,Oceania,3000,Long,Turf,Tattersall's Cup,ARB,3,G3,,-27.4277,153.0674
Eagle Farm,Australia,Oceania,1200,Sprint,Turf,W J Healy Stakes,ARB,3,G3,,-27.4277,153.0674
Eagle Farm,Australia,Oceania,1400,Sprint,Turf,Daybreak Lover Stakes,ARB,4,Local,,-27.4277,153.0674
Eagle Farm,Australia,Oceania,1600,Mile,Turf,The Wayne Wilson,ARB,4,Local,,-27.4277,153.0674
Eagle Farm,Australia,Oceania,1500,Mile,Turf,The Phoenix,ARB,4,Local,,-27.4277,153.0674
Eagle Farm,Australia,Oceania,1500,Mile,Turf,Spear Chief Handicap,ARB,4,Local,,-27.4277,153.0674
Eagle Farm,Australia,Oceania,1000,Sprint,Turf,Seven Dalrello Stakes,ARB,4,Local,,-27.4277,153.0674
Eagle Farm,Australia,Oceania,1825,Medium,Turf,Magic Millions Benchmark 90 Handicap,ARB,4,Local,,-27.4277,153.0674
Eagle Farm,Australia,Oceania,1300,Sprint,Turf,XXXX QTIS 3YO Quality Handicap,ARB,4,Local,,-27.4277,153.0674
Eagle Farm,Australia,Oceania,1000,Sprint,Turf,Mullins Lawyers Class 3 Handicap,ARB,4,Local,,-27.4277,153.0674
Eagle Farm,Australia,Oceania,1200,Sprint,Turf,XXXX Gold Class 1 Handicap,ARB,4,Local,,-27.4277,153.0674
Eagle Farm,Australia,Oceania,1200,Sprint,Turf,Benchmark 70 Handicap (Ladbrokes Stradbroke Calcutta),ARB,4,Local,,-27.4277,153.0674
Eagle Farm,Australia,Oceania,1000,Sprint,Turf,Moreton Hire Benchmark 78 Handicap,ARB,4,Local,,-27.4277,153.0674
Eagle Farm,Australia,Oceania,1800,Mile,Turf,Seven Grand Prix Stakes,ARB,4,Local,,-27.4277,153.0674
Eagle Farm,Australia,Oceania,1200,Sprint,Turf,Queensland Day Stakes,ARB,4,Local,,-27.4277,153.0674
Eagle Farm,Australia,Oceania,1200,Sprint,Turf,Hinkler Handicap,ARB,4,Local,,-27.4277,153.0674
Eagle Farm,Australia,Oceania,1200,Sprint,Turf,Oxlade Stakes,ARB,4,Local,,-27.4277,153.0674
Eagle Farm,Australia,Oceania,1400,Sprint,Turf,Tattersall's Stakes,ARB,4,Local,,-27.4277,153.0674
Eagle Farm,Australia,Oceania,1600,Mile,Turf,Tattersall's Mile,ARB,4,Local,,-27.4277,153.0674
Eagle Farm,Australia,Oceania,1350,Sprint,Turf,Gai Waterhouse Classic,ARB,4,Local,,-27.4277,153.0674
Elwick,Australia,Oceania,1200,Sprint,Turf,Mystic Journey Stakes,ARB,3,G3,,-42.823611,147.286944
Elwick,Australia,Oceania,2400,Long,Turf,Hobart Cup,ARB,3,G3,,-42.823611,147.286944
Elwick,Australia,Oceania,2200,Medium,Turf,Tasmanian Derby,ARB,4,Local,,-42.823611,147.286944
Elwick,Australia,Oceania,2100,Medium,Turf,Strutt Stakes,ARB,4,Local,,-42.823611,147.286944
Elwick,Australia,Oceania,1400,Sprint,Turf,Thomas Lyons Stakes,ARB,4,Local,,-42.823611,147.286944
Elwick,Australia,Oceania,1100,Sprint,Turf,Elwick 2YO Stakes,ARB,4,Local,,-42.823611,147.286944
Elwick,Australia,Oceania,2100,Medium,Turf,Hobart Guineas,ARB,4,Local,,-42.823611,147.286944
Elwick,Australia,Oceania,1200,Sprint,Turf,Magic Millions Bow Mistress Stakes,ARB,4,Local,,-42.823611,147.286944
Elwick,Australia,Oceania,2100,Medium,Turf,Hobart Guineas,ARB,4,Local,,-42.823611,147.286944
Elwick,Australia,Oceania,1600,Mile,Turf,The Inevitable Stakes,ARB,4,Local,,-42.823611,147.286944
Elwick,Australia,Oceania,1100,Sprint,Turf,Winzenburg Quality,ARB,4,Local,,-42.823611,147.286944
Elwick,Australia,Oceania,2000,Medium,Turf,Brighton Cup,ARB,4,Local,,-42.823611,147.286944
Elwick,Australia,Oceania,1200,Sprint,Turf,Bow Mistress Stakes,ARB,4,Local,,-42.823611,147.286944
Elwick,Australia,Oceania,2100,Medium,Turf,Tasmanian Oaks,ARB,4,Local,,-42.823611,147.286944
Elwick,Australia,Oceania,2100,Medium,Turf,George Johnson Trophy,ARB,4,Local,,-42.823611,147.286944
Flemington,Australia,Oceania,1600,Mile,Turf,All-Star Mile,ARB,1,G1,,-37.790278,144.9125
Flemington,Australia,Oceania,2000,Medium,Turf,Australian Cup,ARB,1,G1,,-37.790278,144.9125
Flemington,Australia,Oceania,1600,Mile,Turf,Australian Guineas,ARB,1,G1,,-37.790278,144.9125
Flemington,Australia,Oceania,1600,Mile,Turf,VRC Champions Mile,ARB,1,G1,,-37.790278,144.9125
Flemington,Australia,Oceania,1200,Sprint,Turf,Collmore Stud Stakes,ARB,1,G1,,-37.790278,144.9125
Flemington,Australia,Oceania,1000,Sprint,Turf,Black Caviar Lightning,ARB,1,G1,,-37.790278,144.9125
Flemington,Australia,Oceania,2000,Medium,Turf,Champions Stakes,ARB,1,G1,,-37.790278,144.9125
Flemington,Australia,Oceania,1600,Mile,Turf,Makybe Diva Stakes,ARB,1,G1,,-37.790278,144.9125
Flemington,Australia,Oceania,3200,Long,Turf,Melbourne Cup,ARB,1,G1,,-37.790278,144.9125
Flemington,Australia,Oceania,1600,Mile,Turf,Empire Rose Stakes,ARB,1,G1,,-37.790278,144.9125
Flemington,Australia,Oceania,1200,Sprint,Turf,Newmarket Handicap,ARB,1,G1,,-37.790278,144.9125
Flemington,Australia,Oceania,2000,Medium,Turf,Turnbull Stakes,ARB,1,G1,,-37.790278,144.9125
Flemington,Australia,Oceania,2500,Long,Turf,Victoria Derby,ARB,1,G1,,-37.790278,144.9125
Flemington,Australia,Oceania,2500,Long,Turf,VRC Oaks,ARB,1,G1,,-37.790278,144.9125
Flemington,Australia,Oceania,1200,Sprint,Turf,Darley Champions Sprint,ARB,1,G1,,-37.790278,144.9125
Flemington,Australia,Oceania,1600,Mile,Turf,A V Kewney Stakes,ARB,2,G2,,-37.790278,144.9125
Flemington,Australia,Oceania,1600,Mile,Turf,Blarney Stakes,ARB,2,G2,,-37.790278,144.9125
Flemington,Australia,Oceania,1200,Sprint,Turf,Bobbie Lewis Quality,ARB,2,G2,,-37.790278,144.9125
Flemington,Australia,Oceania,1200,Sprint,Turf,Danehill Stakes,ARB,2,G2,,-37.790278,144.9125
Flemington,Australia,Oceania,1600,Mile,Turf,Edward Manifold Stakes,ARB,2,G2,,-37.790278,144.9125
Flemington,Australia,Oceania,1200,Sprint,Turf,Gilgai Stakes,ARB,2,G2,,-37.790278,144.9125
Flemington,Australia,Oceania,1400,Sprint,Turf,Let's Elope Stakes,ARB,2,G2,,-37.790278,144.9125
Flemington,Australia,Oceania,1200,Sprint,Turf,The Damien Oliver,ARB,2,G2,,-37.790278,144.9125
Flemington,Australia,Oceania,2000,Medium,Turf,Matriarch Stakes,ARB,2,G2,,-37.790278,144.9125
Flemington,Australia,Oceania,1400,Sprint,Turf,Rose of Kingston Stakes,ARB,2,G2,,-37.790278,144.9125
Flemington,Australia,Oceania,1400,Sprint,Turf,Sires' Produce Stakes (VRC),ARB,2,G2,,-37.790278,144.9125
Flemington,Australia,Oceania,2000,Medium,Turf,Wakeful Stakes,ARB,2,G2,,-37.790278,144.9125
Flemington,Australia,Oceania,1200,Sprint,Turf,Aurie's Star Handicap,ARB,3,G3,,-37.790278,144.9125
Flemington,Australia,Oceania,1100,Sprint,Turf,Begonia Belle Stakes,ARB,3,G3,,-37.790278,144.9125
Flemington,Australia,Oceania,1600,Mile,Turf,Carbine Club Stakes (VRC),ARB,3,G3,,-37.790278,144.9125
Flemington,Australia,Oceania,1400,Sprint,Turf,Rising Fast Stakes,ARB,3,G3,,-37.790278,144.9125
Flemington,Australia,Oceania,1400,Sprint,Turf,C S Hayes Stakes,ARB,3,G3,,-37.790278,144.9125
Flemington,Australia,Oceania,1400,Sprint,Turf,Frances Tressady Stakes,ARB,3,G3,,-37.790278,144.9125
Flemington,Australia,Oceania,1400,Sprint,Turf,Hong Kong Jockey Club Stakes,ARB,3,G3,,-37.790278,144.9125
Flemington,Australia,Oceania,2500,Long,Turf,Lexus Stakes,ARB,3,G3,,-37.790278,144.9125
Flemington,Australia,Oceania,1000,Sprint,Turf,Maribyrnong Plate,ARB,3,G3,,-37.790278,144.9125
Flemington,Australia,Oceania,1000,Sprint,Turf,Ottawa Stakes,ARB,3,G3,,-37.790278,144.9125
Flemington,Australia,Oceania,2600,Long,Turf,Queen Elizabeth Stakes (VRC),ARB,3,G3,,-37.790278,144.9125
Flemington,Australia,Oceania,1600,Mile,Turf,Matron Stakes,ARB,3,G3,,-37.790278,144.9125
Flemington,Australia,Oceania,1400,Sprint,Turf,Shaftesbury Avenue Handicap,ARB,3,G3,,-37.790278,144.9125
Flemington,Australia,Oceania,1200,Sprint,Turf,Standish Handicap,ARB,3,G3,,-37.790278,144.9125
Flemington,Australia,Oceania,2500,Long,Turf,The Bart Cummings,ARB,3,G3,,-37.790278,144.9125
Flemington,Australia,Oceania,1400,Sprint,Turf,The Vanity,ARB,3,G3,,-37.790278,144.9125
Flemington,Australia,Oceania,1200,Sprint,Turf,Thoroughbread Breeders Stakes,ARB,3,G3,,-37.790278,144.9125
Flemington,Australia,Oceania,2600,Long,Turf,The Roy Higgins,ARB,4,Local,,-37.790278,144.9125
Flemington,Australia,Oceania,2800,Long,Turf,The Andrew Ramsden,ARB,4,Local,,-37.790278,144.9125
Flemington,Australia,Oceania,1200,Sprint,Turf,The Straight Six,ARB,4,Local,,-37.790278,144.9125
Flemington,Australia,Oceania,1600,Mile,Turf,VRC-CRV Winter Championship Series Final,ARB,4,Local,,-37.790278,144.9125
Flemington,Australia,Oceania,1200,Sprint,Turf,Santa Ana Lane Sprint Series Final,ARB,4,Local,,-37.790278,144.9125
Flemington,Australia,Oceania,1200,Sprint,Turf,A.R. Creswick Stakes,ARB,4,Local,,-37.790278,144.9125
Flemington,Australia,Oceania,1600,Mile,Turf,Taj Rossi Series Final,ARB,4,Local,,-37.790278,144.9125
Flemington,Australia,Oceania,2600,Long,Turf,Banjo Paterson Series Final,ARB,4,Local,,-37.790278,144.9125
Flemington,Australia,Oceania,2800,Long,Turf,Flemington Cup 1849,ARB,4,Local,,-37.790278,144.9125
Flemington,Australia,Oceania,2800,Long,Turf,The VRC St Leger,ARB,4,Local,,-37.790278,144.9125
Flemington,Australia,Oceania,1400,Sprint,Turf,ANZAC Day Stakes,ARB,4,Local,,-37.790278,144.9125
Flemington,Australia,Oceania,1100,Sprint,Turf,Talindert Stakes,ARB,4,Local,,-37.790278,144.9125
Flemington,Australia,Oceania,1600,Mile,Turf,Melbourne Cup Carnival Country Final,ARB,4,Local,,-37.790278,144.9125
Flemington,Australia,Oceania,1000,Sprint,Turf,Inglis Banner,ARB,4,Local,,-37.790278,144.9125
Flemington,Australia,Oceania,1600,Mile,Turf,Chester Manifold Stakes,ARB,4,Local,,-37.790278,144.9125
Flemington,Australia,Oceania,1600,Mile,Turf,Inglis Bracelet,ARB,4,Local,,-37.790278,144.9125
Flemington,Australia,Oceania,1100,Sprint,Turf,Crown Red Roses Stakes,ARB,4,Local,,-37.790278,144.9125
Flemington,Australia,Oceania,1000,Sprint,Turf,Centruy Stakes,ARB,4,Local,,-37.790278,144.9125
Flemington,Australia,Oceania,1700,Mile,Turf,TCL Trophy,ARB,4,Local,,-37.790278,144.9125
Flemington,Australia,Oceania,1400,Sprint,Turf,RDA Subzero Handicap,ARB,4,Local,,-37.790278,144.9125
Flemington,Australia,Oceania,1800,Mile,Turf,Good Friday Appeal Trophy,ARB,4,Local,,-37.790278,144.9125
Flemington,Australia,Oceania,1000,Sprint,Turf,Resimax Group Rapid Racing,ARB,4,Local,,-37.790278,144.9125
Geelong,Australia,Oceania,2400,Long,Turf,Geelong Cup,ARB,3,G3,,-38.1743,144.3757
Geelong,Australia,Oceania,2200,Medium,Turf,Geelong Classic,ARB,4,Local,,-38.1743,144.3757
Geelong,Australia,Oceania,1200,Sprint,Turf,Geelong Black Pearl Stakes,ARB,4,Local,,-38.1743,144.3757
Geelong,Australia,Oceania,1700,Mile,Turf,Coastal Classic,ARB,4,Local,,-38.1743,144.3757
Geelong,Australia,Oceania,1100,Sprint,Turf,Geelong Diamond,ARB,4,Local,,-38.1743,144.3757
Geelong,Australia,Oceania,1400,Sprint,Turf,Geelong St Patrick's Cup,ARB,4,Local,,-38.1743,144.3757
Geelong,Australia,Oceania,1500,Mile,Turf,Ballan Cup,ARB,4,Local,,-38.1743,144.3757
Geelong,Australia,Oceania,2400,Long,Turf,Bellarine Cup,ARB,4,Local,,-38.1743,144.3757
Geelong,Australia,Oceania,1500,Mile,Turf,Torquay Cup,ARB,4,Local,,-38.1743,144.3757
Geelong,Australia,Oceania,1200,Sprint,Turf,Ladbrokes Maiden Plate,ARB,4,Local,,-38.1743,144.3757
Geelong,Australia,Oceania,1500,Mile,Turf,Ladbrokes Maiden Plate,ARB,4,Local,,-38.1743,144.3757
Geelong,Australia,Oceania,2400,Long,Turf,Ladbrokes Maiden Plate,ARB,4,Local,,-38.1743,144.3757
Geelong,Australia,Oceania,1300,Sprint,Turf,Geelong Homes Maiden Plate,ARB,4,Local,,-38.1743,144.3757
Geelong,Australia,Oceania,1400,Sprint,Turf,Rosemont Maiden Plate,ARB,4,Local,,-38.1743,144.3757
Geelong,Australia,Oceania,1200,Sprint,Turf,Prestige Jayco Maiden Plate,ARB,4,Local,,-38.1743,144.3757
Geelong,Australia,Oceania,1400,Sprint,Turf,Prestige Jayco Maiden Plate,ARB,4,Local,,-38.1743,144.3757
Geelong,Australia,Oceania,1500,Mile,Turf,Prestige Jayco Maiden Plate,ARB,4,Local,,-38.1743,144.3757
Geelong,Australia,Oceania,1700,Mile,Turf,Ascend Sales Trophies (Bm56),ARB,4,Local,,-38.1743,144.3757
Geelong,Australia,Oceania,1700,Mile,Turf,Bennett Racing (Bm66),ARB,4,Local,,-38.1743,144.3757
Geelong,Australia,Oceania,2400,Long,Turf,Geelong Homes (Bm70),ARB,4,Local,,-38.1743,144.3757
Geelong,Australia,Oceania,1100,Sprint,Turf,Rex Gorell Volkswagen Geelong Diamond,ARB,4,Local,,-38.1743,144.3757
Gold Coast,Australia,Oceania,1800,Mile,Turf,A D Hollindale Stakes,ARB,2,G2,,-28.00029,153.43088
Gold Coast,Australia,Oceania,1200,Sprint,Turf,Gold Coast Guineas,ARB,3,G3,,-28.00029,153.43088
Gold Coast,Australia,Oceania,1800,Mile,Turf,TAB Magic Millions The Wave,ARB,4,Local,Gold Coast Magic Millions,-28.00029,153.43088
Gold Coast,Australia,Oceania,1100,Sprint,Turf,Magic Millions Sunlight,ARB,4,Local,Gold Coast Magic Millions,-28.00029,153.43088
Gold Coast,Australia,Oceania,1100,Sprint,Turf,Magic Millions The Syndicate,ARB,4,Local,Gold Coast Magic Millions,-28.00029,153.43088
Gold Coast,Australia,Oceania,1300,Sprint,Turf,Magic Millions Rising Stars,ARB,4,Local,Gold Coast Magic Millions,-28.00029,153.43088
Gold Coast,Australia,Oceania,1400,Sprint,Turf,Magic Millions Maiden Plate,ARB,4,Local,Gold Coast Magic Millions,-28.00029,153.43088
Gold Coast,Australia,Oceania,1100,Sprint,Turf,Aquis Gold Nugget,ARB,4,Local,,-28.00029,153.43088
Gold Coast,Australia,Oceania,1100,Sprint,Turf,Aquis Gold Pearl,ARB,4,Local,,-28.00029,153.43088
Gold Coast,Australia,Oceania,1000,Sprint,Turf,Bat Out of Hell,ARB,4,Local,,-28.00029,153.43088
Gold Coast,Australia,Oceania,1800,Mile,Turf,Gold Coast Bracelet,ARB,4,Local,,-28.00029,153.43088
Gold Coast,Australia,Oceania,1400,Sprint,Turf,Silk Stocking,ARB,4,Local,,-28.00029,153.43088
Gold Coast,Australia,Oceania,1200,Sprint,Turf,Goldmarket Handicap,ARB,4,Local,,-28.00029,153.43088
Gold Coast,Australia,Oceania,1300,Sprint,Turf,Gold Coast Pink Ribbon Cup,ARB,4,Local,,-28.00029,153.43088
Gold Coast,Australia,Oceania,1200,Sprint,Turf,Magic Millions 2YO Classic,ARB,4,Local,Gold Coast Magic Millions,-28.00029,153.43088
Gold Coast,Australia,Oceania,1400,Sprint,Turf,Magic Millions 3YO Guineas,ARB,4,Local,Gold Coast Magic Millions,-28.00029,153.43088
Gold Coast,Australia,Oceania,1400,Sprint,Turf,Magic Millions Cup,ARB,4,Local,Gold Coast Magic Millions,-28.00029,153.43088
Gold Coast,Australia,Oceania,2200,Medium,Turf,Magic Millions Subzero,ARB,4,Local,Gold Coast Magic Millions,-28.00029,153.43088
Gold Coast,Australia,Oceania,1200,Sprint,Turf,Magic Millions Snippets,ARB,4,Local,Gold Coast Magic Millions,-28.00029,153.43088
Gold Coast,Australia,Oceania,1300,Sprint,Turf,Magic Millions Fillies & Mares,ARB,4,Local,Gold Coast Magic Millions,-28.00029,153.43088
Gold Coast,Australia,Oceania,1300,Sprint,Turf,Magic Millions QTIS Open,ARB,4,Local,Gold Coast Magic Millions,-28.00029,153.43088
Gold Coast,Australia,Oceania,1100,Sprint,Turf,Magic Millions Syndicate,ARB,4,Local,Gold Coast Magic Millions,-28.00029,153.43088
Gold Coast,Australia,Oceania,1200,Sprint,Turf,Magic MillionsCountry Cup,ARB,4,Local,Gold Coast Magic Millions,-28.00029,153.43088
Gold Coast,Australia,Oceania,1000,Sprint,Turf,Magic Millions The Debut,ARB,4,Local,Gold Coast Magic Millions,-28.00029,153.43088
Gosford,Australia,Oceania,1600,Mile,Turf,Belle of the Turf Stakes,ARB,3,G3,,-33.425018,151.342224
Gosford,Australia,Oceania,2100,Medium,Turf,Gosford Gold Cup,ARB,4,Local,,-33.425018,151.342224
Gosford,Australia,Oceania,1200,Sprint,Turf,Gosford Guineas,ARB,4,Local,,-33.425018,151.342224
Gosford,Australia,Oceania,1200,Sprint,Turf,Takeover Target Stakes,ARB,4,Local,,-33.425018,151.342224
Gosford,Australia,Oceania,1600,Mile,Turf,The Coast,ARB,4,Local,,-33.425018,151.342224
Gosford,Australia,Oceania,1000,Sprint,Turf,Triple M Thunder Thousand,ARB,4,Local,,-33.425018,151.342224
Gosford,Australia,Oceania,1200,Sprint,Turf,Gosford 3YO Classic,ARB,4,Local,,-33.425018,151.342224
Gosford,Australia,Oceania,1200,Sprint,Turf,Benchmark 78 Handicap,ARB,4,Local,,-33.425018,151.342224
Gosford,Australia,Oceania,1200,Sprint,Turf,Midway Benchmark 72 Handicap,ARB,4,Local,,-33.425018,151.342224
Gosford,Australia,Oceania,1200,Sprint,Turf,Carlton Slipper,ARB,4,Local,,-33.425018,151.342224
Gosford,Australia,Oceania,1000,Sprint,Turf,Sharp Projects Super Maiden Plate,ARB,4,Local,,-33.425018,151.342224
Gosford,Australia,Oceania,1200,Sprint,Turf,Gosford Nissan Super Maiden Plate,ARB,4,Local,,-33.425018,151.342224
Gosford,Australia,Oceania,1600,Mile,Turf,Sneddon Bros Maintenance Super Maiden Handicap,ARB,4,Local,,-33.425018,151.342224
Hawkesbury,Australia,Oceania,1300,Sprint,Turf,Hawkesbury Crown,ARB,3,G3,,-33.6152,150.7846
Hawkesbury,Australia,Oceania,1600,Mile,Turf,Hawkesbury Gold Cup,ARB,3,G3,,-33.6152,150.7846
Hawkesbury,Australia,Oceania,1400,Sprint,Turf,Hawkesbury Guineas,ARB,3,G3,,-33.6152,150.7846
Hawkesbury,Australia,Oceania,1400,Sprint,Turf,Clarendon Stakes,ARB,4,Local,,-33.6152,150.7846
Hawkesbury,Australia,Oceania,1600,Mile,Turf,Rowley Mile,ARB,4,Local,,-33.6152,150.7846
Hawkesbury,Australia,Oceania,1100,Sprint,Turf,Hawkesbury XXXX Gold Rush,ARB,4,Local,,-33.6152,150.7846
Hawkesbury,Australia,Oceania,1100,Sprint,Turf,Pioneer Services Handicap,ARB,4,Local,,-33.6152,150.7846
Hawkesbury,Australia,Oceania,1300,Sprint,Turf,Super Maiden Handicap,ARB,4,Local,,-33.6152,150.7846
Hawkesbury,Australia,Oceania,1600,Mile,Turf,Blakes Marine Handicap,ARB,4,Local,,-33.6152,150.7846
Hawkesbury,Australia,Oceania,1000,Sprint,Turf,Blakes Marine BM78 Handicap,ARB,4,Local,,-33.6152,150.7846
Hawkesbury,Australia,Oceania,1400,Sprint,Turf,Midway Benchmark 64 Handicap,ARB,4,Local,,-33.6152,150.7846
Hawkesbury,Australia,Oceania,1500,Mile,Turf,Ladies Day Cup,ARB,4,Local,,-33.6152,150.7846
Hawkesbury,Australia,Oceania,1400,Sprint,Turf,Hawkesbury Rush,ARB,4,Local,,-33.6152,150.7846
Hawkesbury,Australia,Oceania,1400,Sprint,Turf,Provincial-Midway Championships Qualifier,ARB,4,Local,,-33.6152,150.7846
Hawkesbury,Australia,Oceania,1100,Sprint,Turf,Elite Sand & Soil Handicap,ARB,4,Local,,-33.6152,150.7846
Hawkesbury,Australia,Oceania,1600,Mile,Turf,Evergreen Turf Handicap,ARB,4,Local,,-33.6152,150.7846
Hawkesbury,Australia,Oceania,1300,Sprint,Turf,Darren Pullman 10yr Memorial Handicap,ARB,4,Local,,-33.6152,150.7846
Hawkesbury,Australia,Oceania,1500,Mile,Turf,Richmond Club Handicap,ARB,4,Local,,-33.6152,150.7846
Hawkesbury,Australia,Oceania,1400,Sprint,Turf,St Johns Park Bowling Club 2YO Clarendon Stakes,ARB,4,Local,,-33.6152,150.7846
Hawkesbury,Australia,Oceania,1500,Mile,Turf,Midway Benchmark 72 Handicap,ARB,4,Local,,-33.6152,150.7846
Kembla Grange,Australia,Oceania,1600,Mile,Turf,Kembla Grange Classic,ARB,3,G3,,-34.4735,150.8262
Kembla Grange,Australia,Oceania,1600,Mile,Turf,The Gong,ARB,4,Local,,-34.4735,150.8262
Kembla Grange,Australia,Oceania,1400,Sprint,Turf,Provincial-Midway Championships Qualifier,ARB,4,Local,,-34.4735,150.8262
Kembla Grange,Australia,Oceania,1000,Sprint,Turf,The Warra,ARB,4,Local,,-34.4735,150.8262
Kembla Grange,Australia,Oceania,1200,Sprint,Turf,Country Music Race Day Maiden Plate,ARB,4,Local,,-34.4735,150.8262
Kembla Grange,Australia,Oceania,1600,Mile,Turf,Taste & Track Race Day,ARB,4,Local,,-34.4735,150.8262
Kembla Grange,Australia,Oceania,1500,Mile,Turf,ANZAC Gallipoli Cup (Benchmark 64),ARB,4,Local,,-34.4735,150.8262
Kembla Grange,Australia,Oceania,1400,Sprint,Turf,Golden Kiki Provincial Benchmark 68 Handicap,ARB,4,Local,,-34.4735,150.8262
Kembla Grange,Australia,Oceania,1500,Mile,Turf,"Colts, Geldings & Entires (CG&E) Maiden Handicap",ARB,4,Local,,-34.4735,150.8262
Kembla Grange,Australia,Oceania,1200,Sprint,Turf,Fillies & Mares (F&M) Maiden Handicap,ARB,4,Local,,-34.4735,150.8262
Morphettville,Australia,Oceania,2000,Medium,Turf,Australasian Oaks,ARB,1,G1,,-34.9781,138.5428
Morphettville,Australia,Oceania,2500,Long,Turf,South Australian Derby,ARB,1,G1,,-34.9781,138.5428
Morphettville,Australia,Oceania,1200,Sprint,Turf,Robert Sangster Stakes,ARB,1,G1,,-34.9781,138.5428
Morphettville,Australia,Oceania,1200,Sprint,Turf,The Goodwood,ARB,1,G1,,-34.9781,138.5428
Morphettville,Australia,Oceania,3200,Long,Turf,Adelaide Cup,ARB,2,G2,,-34.9781,138.5428
Morphettville,Australia,Oceania,1200,Sprint,Turf,Tobin Bronze Stakes,ARB,2,G2,,-34.9781,138.5428
Morphettville,Australia,Oceania,1600,Mile,Turf,Queen of the South Stakes,ARB,2,G2,,-34.9781,138.5428
Morphettville,Australia,Oceania,1200,Sprint,Turf,SA Breeders' Stakes,ARB,3,G3,,-34.9781,138.5428
Morphettville,Australia,Oceania,2000,Medium,Turf,Chairman's Stakes (SAJC),ARB,3,G3,,-34.9781,138.5428
Morphettville,Australia,Oceania,1200,Sprint,Turf,Behemoth Stakes,ARB,3,G3,,-34.9781,138.5428
Morphettville,Australia,Oceania,1100,Sprint,Turf,John Hawkes Stakes,ARB,3,G3,,-34.9781,138.5428
Morphettville,Australia,Oceania,2600,Long,Turf,Lord Reims Stakes,ARB,3,G3,,-34.9781,138.5428
Morphettville,Australia,Oceania,1200,Sprint,Turf,David Coles AM Stakes,ARB,3,G3,,-34.9781,138.5428
Morphettville,Australia,Oceania,1200,Sprint,Turf,Proud Miss Stakes,ARB,3,G3,,-34.9781,138.5428
Morphettville,Australia,Oceania,1600,Mile,Turf,The Cummings Stakes,ARB,3,G3,,-34.9781,138.5428
Morphettville,Australia,Oceania,1100,Sprint,Turf,R N Irwin Stakes,ARB,3,G3,,-34.9781,138.5428
Morphettville,Australia,Oceania,2500,Long,Turf,SA Fillies Classic,ARB,3,G3,,-34.9781,138.5428
Morphettville,Australia,Oceania,1800,Mile,Turf,Schweppervescence Stakes,ARB,3,G3,,-34.9781,138.5428
Morphettville,Australia,Oceania,1400,Sprint,Turf,Sires' Produce Stakes (SAJC),ARB,3,G3,,-34.9781,138.5428
Morphettville,Australia,Oceania,1100,Sprint,Turf,Manihi Classic,ARB,4,Local,,-34.9781,138.5428
Morphettville,Australia,Oceania,1200,Sprint,Turf,Matrice Stakes,ARB,4,Local,,-34.9781,138.5428
Morphettville,Australia,Oceania,1600,Mile,Turf,C.S. Hayes Memorial Cup,ARB,4,Local,,-34.9781,138.5428
Morphettville,Australia,Oceania,1600,Mile,Turf,Morphettville Guineas,ARB,4,Local,,-34.9781,138.5428
Morphettville,Australia,Oceania,1600,Mile,Turf,Clare Lindop Stakes,ARB,4,Local,,-34.9781,138.5428
Morphettville,Australia,Oceania,1050,Sprint,Turf,Dequetteville Stakes,ARB,4,Local,,-34.9781,138.5428
Morphettville,Australia,Oceania,1600,Mile,Turf,Port Adelaide Guineas,ARB,4,Local,,-34.9781,138.5428
Morphettville,Australia,Oceania,2500,Long,Turf,Port Adelaide Cup,ARB,4,Local,,-34.9781,138.5428
Morphettville,Australia,Oceania,1400,Sprint,Turf,H C Nitschke Stakes,ARB,4,Local,,-34.9781,138.5428
Morphettville,Australia,Oceania,2000,Medium,Turf,Centaurea Stakes,ARB,4,Local,,-34.9781,138.5428
Morphettville,Australia,Oceania,1400,Sprint,Turf,Leon Macdonald Stakes,ARB,4,Local,,-34.9781,138.5428
Morphettville,Australia,Oceania,1100,Sprint,Turf,W H Wylie Handicap,ARB,4,Local,,-34.9781,138.5428
Morphettville,Australia,Oceania,1800,Mile,Turf,Hill Smith Stakes,ARB,4,Local,,-34.9781,138.5428
Morphettville,Australia,Oceania,1800,Mile,Turf,John Letts Cup,ARB,4,Local,,-34.9781,138.5428
Morphettville,Australia,Oceania,1050,Sprint,Turf,Without Fear Stakes,ARB,4,Local,,-34.9781,138.5428
Morphettville,Australia,Oceania,1050,Sprint,Turf,DeQuesseville Stakes,ARB,4,Local,,-34.9781,138.5428
Morphettville,Australia,Oceania,1050,Sprint,Turf,3YO Maiden Plates,ARB,4,Local,,-34.9781,138.5428
Morphettville,Australia,Oceania,1050,Sprint,Turf,Lightning Stakes,ARB,4,Local,,-34.9781,138.5428
Morphettville,Australia,Oceania,1400,Sprint,Turf,Oaklands Plate,ARB,4,Local,,-34.9781,138.5428
Morphettville,Australia,Oceania,1800,Mile,Turf,Sportsbet Green Tick Handicap,ARB,4,Local,,-34.9781,138.5428
Morphettville,Australia,Oceania,1050,Sprint,Turf,Carbine Club of South Australia Inc (Bm64),ARB,4,Local,,-34.9781,138.5428
Morphettville,Australia,Oceania,1000,Sprint,Turf,Croser Handicap,ARB,4,Local,,-34.9781,138.5428
Morphettville,Australia,Oceania,1050,Sprint,Turf,Croser Handicap,ARB,4,Local,,-34.9781,138.5428
Morphettville,Australia,Oceania,1100,Sprint,Turf,Croser Handicap,ARB,4,Local,,-34.9781,138.5428
Morphettville,Australia,Oceania,1050,Sprint,Turf,Sportsbet Handicap,ARB,4,Local,,-34.9781,138.5428
Morphettville,Australia,Oceania,1200,Sprint,Turf,Lest We Forget Handicap,ARB,4,Local,,-34.9781,138.5428
Morphettville,Australia,Oceania,1050,Sprint,Turf,Sportsbet Get On Extra 3YO Maiden Plate,ARB,4,Local,,-34.9781,138.5428
Morphettville,Australia,Oceania,1200,Sprint,Turf,Christmas Handicap,ARB,4,Local,,-34.9781,138.5428
Morphettville,Australia,Oceania,1100,Sprint,Turf,Durbridge Stakes,ARB,4,Local,,-34.9781,138.5428
Morphettville,Australia,Oceania,2000,Medium,Turf,Birthday Cup,ARB,4,Local,,-34.9781,138.5428
Morphettville,Australia,Oceania,1200,Sprint,Turf,City of Marion Stakes,ARB,4,Local,,-34.9781,138.5428
Morphettville,Australia,Oceania,1050,Sprint,Turf,Cinderella Stakes,ARB,4,Local,,-34.9781,138.5428
Morphettville,Australia,Oceania,1100,Sprint,Turf,Redelva Stakes,ARB,4,Local,,-34.9781,138.5428
Mowbray,Australia,Oceania,2400,Long,Turf,Launceston Cup,ARB,3,G3,,-41.40516,147.13253
Mowbray,Australia,Oceania,1400,Sprint,Turf,Vamos Stakes,ARB,3,G3,,-41.40516,147.13253
Mowbray,Australia,Oceania,1200,Sprint,Turf,Gold Sovereign Stakes,ARB,4,Local,,-41.40516,147.13253
Mowbray,Australia,Oceania,2100,Medium,Turf,Tasmanian Oaks,ARB,4,Local,,-41.40516,147.13253
Mowbray,Australia,Oceania,1600,Mile,Turf,Mowbray Stakes,ARB,4,Local,,-41.40516,147.13253
Mowbray,Australia,Oceania,1600,Mile,Turf,Hellova Street Stakes,ARB,4,Local,,-41.40516,147.13253
Mowbray,Australia,Oceania,1200,Sprint,Turf,Female Jockey Championships,ARB,4,Local,,-41.40516,147.13253
Mowbray,Australia,Oceania,1400,Sprint,Turf,Conquering Stakes,ARB,4,Local,,-41.40516,147.13253
Mowbray,Australia,Oceania,2400,Long,Turf,Tasmanian St Leger,ARB,4,Local,,-41.40516,147.13253
Mowbray,Australia,Oceania,2100,Medium,Turf,Launceston Guineas,ARB,4,Local,,-41.40516,147.13253
Mowbray,Australia,Oceania,2150,Medium,Turf,Sydeston Cup,ARB,4,Local,,-41.40516,147.13253
Mowbray,Australia,Oceania,1220,Sprint,Turf,Alfa Bowl,ARB,4,Local,,-41.40516,147.13253
Mowbray,Australia,Oceania,1100,Sprint,Turf,Winzenburg Handicap,ARB,4,Local,,-41.40516,147.13253
Mowbray,Australia,Oceania,1400,Sprint,Turf,3YO Trophy,ARB,4,Local,,-41.40516,147.13253
Mowbray,Australia,Oceania,1600,Mile,Turf,Tasmanian Stakes,ARB,4,Local,,-41.40516,147.13253
Newcastle,Australia,Oceania,1300,Sprint,Turf,The Hunter,ARB,2,G2,,-32.92953,151.7801
Newcastle,Australia,Oceania,1500,Mile,Turf,Cameron Handicap,ARB,3,G3,,-32.92953,151.7801
Newcastle,Australia,Oceania,2300,Medium,Turf,Newcastle Gold Cup,ARB,3,G3,,-32.92953,151.7801
Newcastle,Australia,Oceania,1400,Sprint,Turf,Newcastle Stakes,ARB,3,G3,,-32.92953,151.7801
Newcastle,Australia,Oceania,1600,Mile,Turf,Spring Stakes,ARB,3,G3,,-32.92953,151.7801
Newcastle,Australia,Oceania,1400,Sprint,Turf,Tibbie Stakes,ARB,3,G3,,-32.92953,151.7801
Newcastle,Australia,Oceania,2300,Medium,Turf,The Beauford,ARB,4,Local,,-32.92953,151.7801
Newcastle,Australia,Oceania,1200,Sprint,Turf,Midway Benchmarks,ARB,4,Local,,-32.92953,151.7801
Newcastle,Australia,Oceania,1250,Sprint,Turf,Midway Benchmarks,ARB,4,Local,,-32.92953,151.7801
Newcastle,Australia,Oceania,1600,Mile,Turf,Midway Benchmarks,ARB,4,Local,,-32.92953,151.7801
Newcastle,Australia,Oceania,1900,Medium,Turf,Midway Benchmarks,ARB,4,Local,,-32.92953,151.7801
Newcastle,Australia,Oceania,1900,Medium,Turf,SV Partners Maiden Plate,ARB,4,Local,,-32.92953,151.7801
Newcastle,Australia,Oceania,900,Sprint,Turf,Max Lees Classic,ARB,4,Local,,-32.92953,151.7801
Newcastle,Australia,Oceania,2000,Medium,Turf,The Taree Cup,ARB,4,Local,,-32.92953,151.7801
Newcastle,Australia,Oceania,1600,Mile,Turf,NJC Spring Stakes,ARB,4,Local,,-32.92953,151.7801
Newcastle,Australia,Oceania,2000,Medium,Turf,Boxing Day Races,ARB,4,Local,,-32.92953,151.7801
Newcastle,Australia,Oceania,2300,Medium,Turf,Newcastle Jockey Club Cup,ARB,4,Local,,-32.92953,151.7801
Newcastle,Australia,Oceania,1600,Mile,Turf,The Coast,ARB,4,Local,,-32.92953,151.7801
Newcastle,Australia,Oceania,1400,Sprint,Turf,Provincial-Midway Championships Qualifiers,ARB,4,Local,,-32.92953,151.7801
Newcastle,Australia,Oceania,1350,Sprint,Turf,Jungle Juice Cup,ARB,4,Local,,-32.92953,151.7801
Northam,Australia,Oceania,1300,Sprint,Turf,Northam Stakes,ARB,3,G3,,-31.64,116.6999
Northam,Australia,Oceania,1600,Mile,Turf,WA Day Cup,ARB,4,Local,,-31.64,116.6999
Northam,Australia,Oceania,1600,Mile,Turf,Ladies Day Cup,ARB,4,Local,,-31.64,116.6999
Northam,Australia,Oceania,2200,Medium,Turf,DeBortoli Family Winemakers Maiden,ARB,4,Local,,-31.64,116.6999
Northam,Australia,Oceania,1600,Mile,Turf,Swan Draught Handicap (CL3),ARB,4,Local,,-31.64,116.6999
Northam,Australia,Oceania,1400,Sprint,Turf,Procon Developments (Aust) Northam Cup Handicap (CL1),ARB,4,Local,,-31.64,116.6999
Northam,Australia,Oceania,1300,Sprint,Turf,Sunday Sesh Maiden,ARB,4,Local,,-31.64,116.6999
Northam,Australia,Oceania,1100,Sprint,Turf,Tabtouch Better Your Bet Maiden,ARB,4,Local,,-31.64,116.6999
Northam,Australia,Oceania,1000,Sprint,Turf,Tunes at the Track Maiden,ARB,4,Local,,-31.64,116.6999
Northam,Australia,Oceania,1300,Sprint,Turf,Class One Handicap,ARB,4,Local,,-31.64,116.6999
Northam,Australia,Oceania,1400,Sprint,Turf,Class One Handicap,ARB,4,Local,,-31.64,116.6999
Northam,Australia,Oceania,1600,Mile,Turf,Class One Handicap,ARB,4,Local,,-31.64,116.6999
Northam,Australia,Oceania,1000,Sprint,Turf,Class Three Handicap,ARB,4,Local,,-31.64,116.6999
Northam,Australia,Oceania,1600,Mile,Turf,Class Three Handicap,ARB,4,Local,,-31.64,116.6999
Pakenham,Australia,Oceania,1200,Sprint,Turf,Australia Stakes,ARB,2,G2,,-38.09399,145.6097
Pakenham,Australia,Oceania,2500,Long,Turf,Pakenham Cup,ARB,4,Local,,-38.09399,145.6097
Pakenham,Australia,Oceania,2500,Long,Turf,Torney Night Cup,ARB,4,Local,,-38.09399,145.6097
Pakenham,Australia,Oceania,1400,Sprint,Synthetic,Future Stars Series Final,ARB,4,Local,,-38.09399,145.6097
Pakenham,Australia,Oceania,1200,Sprint,Turf,Ladbrokes Supernova,ARB,4,Local,,-38.09399,145.6097
Pakenham,Australia,Oceania,1400,Sprint,Turf,VOBIS Gold Bullion,ARB,4,Local,,-38.09399,145.6097
Pakenham,Australia,Oceania,1600,Mile,Turf,Sabaj Mile Series Heat,ARB,4,Local,,-38.09399,145.6097
Pakenham,Australia,Oceania,2000,Medium,Turf,Sky Heights Stayers Series Heat,ARB,4,Local,,-38.09399,145.6097
Pakenham,Australia,Oceania,1100,Sprint,Turf,Fillies & Mares Maiden Plates,ARB,4,Local,,-38.09399,145.6097
Pakenham,Australia,Oceania,1200,Sprint,Turf,Fillies & Mares Maiden Plates,ARB,4,Local,,-38.09399,145.6097
Pakenham,Australia,Oceania,2000,Medium,Turf,Stayer Series Heats,ARB,4,Local,,-38.09399,145.6097
Pakenham,Australia,Oceania,2200,Medium,Turf,Stayer Series Heats,ARB,4,Local,,-38.09399,145.6097
Randwick,Australia,Oceania,1400,Sprint,Turf,All Aged Stakes,ARB,1,G1,,-33.9144,151.249
Randwick,Australia,Oceania,2400,Long,Turf,Australian Derby,ARB,1,G1,,-33.9144,151.249
Randwick,Australia,Oceania,2400,Long,Turf,Australian Oaks,ARB,1,G1,,-33.9144,151.249
Randwick,Australia,Oceania,1300,Sprint,Turf,Canterbury Stakes,ARB,1,G1,,-33.9144,151.249
Randwick,Australia,Oceania,1600,Mile,Turf,Champagne Stakes,ARB,1,G1,,-33.9144,151.249
Randwick,Australia,Oceania,1600,Mile,Turf,Chipping Norton Stakes,ARB,1,G1,,-33.9144,151.249
Randwick,Australia,Oceania,1600,Mile,Turf,Queen of the Turf Stakes,ARB,1,G1,,-33.9144,151.249
Randwick,Australia,Oceania,1600,Mile,Turf,Doncaster Mile,ARB,1,G1,,-33.9144,151.249
Randwick,Australia,Oceania,1600,Mile,Turf,Epsom Handicap,ARB,1,G1,,-33.9144,151.249
Randwick,Australia,Oceania,1600,Mile,Turf,Flight Stakes,ARB,1,G1,,-33.9144,151.249
Randwick,Australia,Oceania,1600,Mile,Turf,King Charles III Stakes,ARB,1,G1,,-33.9144,151.249
Randwick,Australia,Oceania,1400,Sprint,Turf,Inglis Sirens,ARB,1,G1,,-33.9144,151.249
Randwick,Australia,Oceania,2000,Medium,Turf,Queen Elizabeth Stakes (ATC),ARB,1,G1,,-33.9144,151.249
Randwick,Australia,Oceania,1600,Mile,Turf,Randwick Guineas,ARB,1,G1,,-33.9144,151.249
Randwick,Australia,Oceania,2000,Medium,Turf,Spring Champion Stakes,ARB,1,G1,,-33.9144,151.249
Randwick,Australia,Oceania,1400,Sprint,Turf,Surround Stakes,ARB,1,G1,,-33.9144,151.249
Randwick,Australia,Oceania,3200,Long,Turf,Sydney Cup,ARB,1,G1,,-33.9144,151.249
Randwick,Australia,Oceania,1200,Sprint,Turf,T J Smith Stakes,ARB,1,G1,,-33.9144,151.249
Randwick,Australia,Oceania,1200,Sprint,Turf,The Everest,ARB,1,G1,,-33.9144,151.249
Randwick,Australia,Oceania,2400,Long,Turf,The Metropolitan,ARB,1,G1,,-33.9144,151.249
Randwick,Australia,Oceania,1400,Sprint,Turf,Winx Stakes,ARB,1,G1,,-33.9144,151.249
Randwick,Australia,Oceania,1400,Sprint,Turf,Apollo Stakes,ARB,2,G2,,-33.9144,151.249
Randwick,Australia,Oceania,1200,Sprint,Turf,Arrowfield 3YO Sprint,ARB,2,G2,,-33.9144,151.249
Randwick,Australia,Oceania,2600,Long,Turf,Chairman's Handicap (ATC),ARB,2,G2,,-33.9144,151.249
Randwick,Australia,Oceania,1000,Sprint,Turf,Challenge Stakes,ARB,2,G2,,-33.9144,151.249
Randwick,Australia,Oceania,1600,Mile,Turf,Chelmsford Stakes,ARB,2,G2,,-33.9144,151.249
Randwick,Australia,Oceania,1200,Sprint,Turf,Expressway Stakes,ARB,2,G2,,-33.9144,151.249
Randwick,Australia,Oceania,1200,Sprint,Turf,Furious Stakes,ARB,2,G2,,-33.9144,151.249
Randwick,Australia,Oceania,1400,Sprint,Turf,Guy Walter Stakes,ARB,2,G2,,-33.9144,151.249
Randwick,Australia,Oceania,2000,Medium,Turf,Hill Stakes,ARB,2,G2,,-33.9144,151.249
Randwick,Australia,Oceania,1200,Sprint,Turf,Light Fingers Stakes,ARB,2,G2,,-33.9144,151.249
Randwick,Australia,Oceania,1200,Sprint,Turf,Missile Stakes,ARB,2,G2,,-33.9144,151.249
Randwick,Australia,Oceania,1200,Sprint,Turf,Percy Sykes Stakes,ARB,2,G2,,-33.9144,151.249
Randwick,Australia,Oceania,1200,Sprint,Turf,Premiere Stakes,ARB,2,G2,,-33.9144,151.249
Randwick,Australia,Oceania,1200,Sprint,Turf,Reisling Stakes,ARB,2,G2,,-33.9144,151.249
Randwick,Australia,Oceania,1200,Sprint,Turf,Roman Consul Stakes,ARB,2,G2,,-33.9144,151.249
Randwick,Australia,Oceania,1200,Sprint,Turf,Sapphire Stakes,ARB,2,G2,,-33.9144,151.249
Randwick,Australia,Oceania,1200,Sprint,Turf,Silver Shadow Stakes,ARB,2,G2,,-33.9144,151.249
Randwick,Australia,Oceania,1200,Sprint,Turf,Skyline Stakes,ARB,2,G2,,-33.9144,151.249
Randwick,Australia,Oceania,1500,Mile,Turf,Stan Fox Stakes,ARB,2,G2,,-33.9144,151.249
Randwick,Australia,Oceania,1200,Sprint,Turf,Sweet Embrace Stakes,ARB,2,G2,,-33.9144,151.249
Randwick,Australia,Oceania,1400,Sprint,Turf,Tea Rose Stakes,ARB,2,G2,,-33.9144,151.249
Randwick,Australia,Oceania,1100,Sprint,Turf,The Shorts,ARB,2,G2,,-33.9144,151.249
Randwick,Australia,Oceania,1200,Sprint,Turf,Todman Stakes,ARB,2,G2,,-33.9144,151.249
Randwick,Australia,Oceania,1400,Sprint,Turf,Tramway Stakes,ARB,2,G2,,-33.9144,151.249
Randwick,Australia,Oceania,1600,Mile,Turf,The Ingham,ARB,2,G2,,-33.9144,151.249
Randwick,Australia,Oceania,2000,Medium,Turf,Adrian Know Quality Stakes,ARB,3,G3,,-33.9144,151.249
Randwick,Australia,Oceania,1600,Mile,Turf,Angst Stakes,ARB,3,G3,,-33.9144,151.249
Randwick,Australia,Oceania,1600,Mile,Turf,Aspiration Quality,ARB,3,G3,,-33.9144,151.249
Randwick,Australia,Oceania,1400,Sprint,Turf,Bill Ritchie Handicap,ARB,3,G3,,-33.9144,151.249
Randwick,Australia,Oceania,1000,Sprint,Turf,Breeders' Plate,ARB,3,G3,,-33.9144,151.249
Randwick,Australia,Oceania,1600,Mile,Turf,Carbine Club Stakes (ATC),ARB,3,G3,,-33.9144,151.249
Randwick,Australia,Oceania,1000,Sprint,Turf,Concorde Stakes,ARB,3,G3,,-33.9144,151.249
Randwick,Australia,Oceania,2000,Medium,Turf,Craven Plate,ARB,3,G3,,-33.9144,151.249
Randwick,Australia,Oceania,1200,Sprint,Turf,Eskimo Prince Stakes,ARB,3,G3,,-33.9144,151.249
Randwick,Australia,Oceania,2000,Medium,Turf,Frank Packer Plate,ARB,3,G3,,-33.9144,151.249
Randwick,Australia,Oceania,1000,Sprint,Turf,Gimcrack Stakes (ATC),ARB,3,G3,,-33.9144,151.249
Randwick,Australia,Oceania,1200,Sprint,Turf,Hall Mark Stakes,ARB,3,G3,,-33.9144,151.249
Randwick,Australia,Oceania,1400,Sprint,Turf,James H B Carr Stakes,ARB,3,G3,,-33.9144,151.249
Randwick,Australia,Oceania,2000,Medium,Turf,Japan Racing Association Plate,ARB,3,G3,,-33.9144,151.249
Randwick,Australia,Oceania,1100,Sprint,Turf,Kindergarten Stakes,ARB,3,G3,,-33.9144,151.249
Randwick,Australia,Oceania,2000,Medium,Turf,Kingston Town Stakes,ARB,3,G3,,-33.9144,151.249
Randwick,Australia,Oceania,1300,Sprint,Turf,Liverpool City Cup,ARB,3,G3,,-33.9144,151.249
Randwick,Australia,Oceania,1200,Sprint,Turf,P J Bell Stakes,ARB,3,G3,,-33.9144,151.249
Randwick,Australia,Oceania,1900,Medium,Turf,Premier's Cup (ATC),ARB,3,G3,,-33.9144,151.249
Randwick,Australia,Oceania,1400,Sprint,Turf,Reginald Allen Quality,ARB,3,G3,,-33.9144,151.249
Randwick,Australia,Oceania,1200,Sprint,Turf,Show County Quality Handicap,ARB,3,G3,,-33.9144,151.249
Randwick,Australia,Oceania,1400,Sprint,Turf,Silver Eagle,ARB,3,G3,,-33.9144,151.249
Randwick,Australia,Oceania,2600,Long,Turf,St Leger Stakes (ATC),ARB,3,G3,,-33.9144,151.249
Randwick,Australia,Oceania,2000,Medium,Turf,Summer Cup,ARB,3,G3,,-33.9144,151.249
Randwick,Australia,Oceania,1200,Sprint,Turf,Sydney Stakes,ARB,3,G3,,-33.9144,151.249
Randwick,Australia,Oceania,1100,Sprint,Turf,Toy Show Quality Handicap,ARB,3,G3,,-33.9144,151.249
Randwick,Australia,Oceania,1200,Sprint,Turf,Triscay Stakes,ARB,3,G3,,-33.9144,151.249
Randwick,Australia,Oceania,1300,Sprint,Turf,Up And Coming Stakes,ARB,3,G3,,-33.9144,151.249
Randwick,Australia,Oceania,1200,Sprint,Turf,Wenona Girl Quality,ARB,3,G3,,-33.9144,151.249
Randwick,Australia,Oceania,1200,Sprint,Turf,The Everest,ARB,4,Local,,-33.9144,151.249
Randwick,Australia,Oceania,1600,Mile,Turf,The Big Dance,ARB,4,Local,,-33.9144,151.249
Randwick,Australia,Oceania,1200,Sprint,Turf,The Kosciuszko,ARB,4,Local,,-33.9144,151.249
Randwick,Australia,Oceania,1500,Mile,Turf,The Golden Eagle,ARB,4,Local,,-33.9144,151.249
Randwick,Australia,Oceania,1400,Sprint,Turf,The Invitation,ARB,4,Local,,-33.9144,151.249
Randwick,Australia,Oceania,1600,Mile,Turf,Little Dance,ARB,4,Local,,-33.9144,151.249
Randwick,Australia,Oceania,1800,Mile,Turf,The Five Diamonds,ARB,4,Local,,-33.9144,151.249
Randwick,Australia,Oceania,1300,Sprint,Turf,The Hunter,ARB,4,Local,,-33.9144,151.249
Randwick,Australia,Oceania,1400,Sprint,Turf,Civic Stakes,ARB,4,Local,,-33.9144,151.249
Randwick,Australia,Oceania,1200,Sprint,Turf,The Agency Handicap,ARB,4,Local,,-33.9144,151.249
Randwick,Australia,Oceania,1300,Sprint,Turf,The Agency Handicap,ARB,4,Local,,-33.9144,151.249
Randwick,Australia,Oceania,1400,Sprint,Turf,The Agency Handicap,ARB,4,Local,,-33.9144,151.249
Randwick,Australia,Oceania,1500,Mile,Turf,The Agency Handicap,ARB,4,Local,,-33.9144,151.249
Randwick,Australia,Oceania,1400,Sprint,Turf,Midway Handicap,ARB,4,Local,,-33.9144,151.249
Randwick,Australia,Oceania,2000,Medium,Turf,Randwick City Stakes,ARB,4,Local,,-33.9144,151.249
Randwick,Australia,Oceania,1400,Sprint,Turf,Carrington Stakes,ARB,4,Local,,-33.9144,151.249
Randwick,Australia,Oceania,1800,Mile,Turf,ANZAC Day Cup,ARB,4,Local,,-33.9144,151.249
Randwick,Australia,Oceania,1500,Mile,Turf,First Australian Imperial Force Handicap,ARB,4,Local,,-33.9144,151.249
Randwick,Australia,Oceania,1200,Sprint,Turf,Australian Flying Corps Handicap,ARB,4,Local,,-33.9144,151.249
Randwick,Australia,Oceania,1000,Sprint,Turf,Gallipoli Handicap,ARB,4,Local,,-33.9144,151.249
Randwick,Australia,Oceania,1100,Sprint,Turf,Bob Charley AO Stakes,ARB,4,Local,,-33.9144,151.249
Randwick,Australia,Oceania,1400,Sprint,Turf,South Pacific Classic,ARB,4,Local,,-33.9144,151.249
Randwick,Australia,Oceania,1600,Mile,Turf,The Agency Villiers Stakes,ARB,4,Local,,-33.9144,151.249
Randwick,Australia,Oceania,1200,Sprint,Turf,Wenona Girl Handicap,ARB,4,Local,,-33.9144,151.249
Randwick,Australia,Oceania,1100,Sprint,Turf,Inglis Millenium,ARB,4,Local,,-33.9144,151.249
Randwick,Australia,Oceania,1200,Sprint,Turf,The Agency Real Estate (Bm78),ARB,4,Local,,-33.9144,151.249
Rosehill,Australia,Oceania,1500,Mile,Turf,Coolmore Classic,ARB,1,G1,,-33.8201,151.0245
Rosehill,Australia,Oceania,1500,Mile,Turf,George Ryder Stakes,ARB,1,G1,,-33.8201,151.0245
Rosehill,Australia,Oceania,1400,Sprint,Turf,Golden Rose Stakes,ARB,1,G1,,-33.8201,151.0245
Rosehill,Australia,Oceania,1200,Sprint,Turf,Golden Slipper Stakes,ARB,1,G1,,-33.8201,151.0245
Rosehill,Australia,Oceania,2400,Long,Turf,H E Tancred Stakes,ARB,1,G1,,-33.8201,151.0245
Rosehill,Australia,Oceania,2000,Medium,Turf,Ranvet Stakes,ARB,1,G1,,-33.8201,151.0245
Rosehill,Australia,Oceania,2000,Medium,Turf,Rosehill Guineas,ARB,1,G1,,-33.8201,151.0245
Rosehill,Australia,Oceania,1100,Sprint,Turf,The Galaxy,ARB,1,G1,,-33.8201,151.0245
Rosehill,Australia,Oceania,2000,Medium,Turf,Vinery Stud Stakes,ARB,1,G1,,-33.8201,151.0245
Rosehill,Australia,Oceania,1500,Mile,Turf,Ajax Stakes,ARB,2,G2,,-33.8201,151.0245
Rosehill,Australia,Oceania,1500,Mile,Turf,Emancipation Stakes,ARB,2,G2,,-33.8201,151.0245
Rosehill,Australia,Oceania,1400,Sprint,Turf,Golden Pendant,ARB,2,G2,,-33.8201,151.0245
Rosehill,Australia,Oceania,1400,Sprint,Turf,Hobartville Stakes,ARB,2,G2,,-33.8201,151.0245
Rosehill,Australia,Oceania,1400,Sprint,Turf,Hot Danish Stakes,ARB,2,G2,,-33.8201,151.0245
Rosehill,Australia,Oceania,1300,Sprint,Turf,Millie Fox Stakes,ARB,2,G2,,-33.8201,151.0245
Rosehill,Australia,Oceania,1500,Mile,Turf,Phar Lap Stakes,ARB,2,G2,,-33.8201,151.0245
Rosehill,Australia,Oceania,1200,Sprint,Turf,Shannon Stakes,ARB,2,G2,,-33.8201,151.0245
Rosehill,Australia,Oceania,1200,Sprint,Turf,Sheraco Stakes,ARB,2,G2,,-33.8201,151.0245
Rosehill,Australia,Oceania,1100,Sprint,Turf,Silver Slipper Stakes,ARB,2,G2,,-33.8201,151.0245
Rosehill,Australia,Oceania,1200,Sprint,Turf,The Run to the Rose,ARB,2,G2,,-33.8201,151.0245
Rosehill,Australia,Oceania,1300,Sprint,Turf,Theo Marks Stakes,ARB,2,G2,,-33.8201,151.0245
Rosehill,Australia,Oceania,2000,Medium,Turf,Tulloch Stakes,ARB,2,G2,,-33.8201,151.0245
Rosehill,Australia,Oceania,1200,Sprint,Turf,Birthday Card Stakes,ARB,3,G3,,-33.8201,151.0245
Rosehill,Australia,Oceania,1100,Sprint,Turf,Canonbury Stakes,ARB,3,G3,,-33.8201,151.0245
Rosehill,Australia,Oceania,2400,Long,Turf,Colin Stephen Quality Handicap,ARB,3,G3,,-33.8201,151.0245
Rosehill,Australia,Oceania,1500,Mile,Turf,Doncaster Prelude,ARB,3,G3,,-33.8201,151.0245
Rosehill,Australia,Oceania,1900,Medium,Turf,Epona Stakes,ARB,3,G3,,-33.8201,151.0245
Rosehill,Australia,Oceania,1500,Mile,Turf,Festival Stakes,ARB,3,G3,,-33.8201,151.0245
Rosehill,Australia,Oceania,1800,Mile,Turf,Gloaming Stakes,ARB,3,G3,,-33.8201,151.0245
Rosehill,Australia,Oceania,1200,Sprint,Turf,Magic Night Stakes,ARB,3,G3,,-33.8201,151.0245
Rosehill,Australia,Oceania,1100,Sprint,Turf,Maurice McCarten Stakes,ARB,3,G3,,-33.8201,151.0245
Rosehill,Australia,Oceania,1400,Sprint,Turf,Ming Dynasty Quality Handicap,ARB,3,G3,,-33.8201,151.0245
Rosehill,Australia,Oceania,2400,Long,Turf,N E Manion Cup,ARB,3,G3,,-33.8201,151.0245
Rosehill,Australia,Oceania,2000,Medium,Turf,Neville Sellwood Stakes,ARB,3,G3,,-33.8201,151.0245
Rosehill,Australia,Oceania,1200,Sprint,Turf,Pago Pago Stakes,ARB,3,G3,,-33.8201,151.0245
Rosehill,Australia,Oceania,2000,Medium,Turf,Rosehill Gold Cup,ARB,3,G3,,-33.8201,151.0245
Rosehill,Australia,Oceania,1100,Sprint,Turf,San Domenico Stakes,ARB,3,G3,,-33.8201,151.0245
Rosehill,Australia,Oceania,2000,Medium,Turf,Sky High Stakes,ARB,3,G3,,-33.8201,151.0245
Rosehill,Australia,Oceania,1200,Sprint,Turf,JRA Plate,ARB,3,G3,,-33.8201,151.0245
Rosehill,Australia,Oceania,1200,Sprint,Turf,Star Kingdom Stakes,ARB,3,G3,,-33.8201,151.0245
Rosehill,Australia,Oceania,1400,Sprint,Turf,T L Baillieu Handicap,ARB,3,G3,,-33.8201,151.0245
Rosehill,Australia,Oceania,1200,Sprint,Turf,The Nivision,ARB,3,G3,,-33.8201,151.0245
Rosehill,Australia,Oceania,1100,Sprint,Turf,Widden Stakes,ARB,3,G3,,-33.8201,151.0245
Rosehill,Australia,Oceania,2000,Medium,Turf,TAB Country Classic,ARB,4,Local,,-33.8201,151.0245
Rosehill,Australia,Oceania,1100,Sprint,Turf,Toyota Forklifts Starlight Stakes,ARB,4,Local,,-33.8201,151.0245
Rosehill,Australia,Oceania,2000,Medium,Turf,ATC Cup,ARB,4,Local,,-33.8201,151.0245
Rosehill,Australia,Oceania,2000,Medium,Turf,January Cup,ARB,4,Local,,-33.8201,151.0245
Rosehill,Australia,Oceania,1500,Mile,Turf,Winter Challenge,ARB,4,Local,,-33.8201,151.0245
Rosehill,Australia,Oceania,2400,Long,Turf,Winter Cup,ARB,4,Local,,-33.8201,151.0245
Rosehill,Australia,Oceania,1500,Mile,Turf,The Golden Eagle,ARB,4,Local,,-33.8201,151.0245
Rosehill,Australia,Oceania,2000,Medium,Turf,McKell Cup,ARB,4,Local,,-33.8201,151.0245
Rosehill,Australia,Oceania,1900,Medium,Turf,Parramatta Cup,ARB,4,Local,,-33.8201,151.0245
Rosehill,Australia,Oceania,1400,Sprint,Turf,Benchmark 100 Handicap,ARB,4,Local,,-33.8201,151.0245
Rosehill,Australia,Oceania,1500,Mile,Turf,Benchmark 100 Handicap,ARB,4,Local,,-33.8201,151.0245
Rosehill,Australia,Oceania,1100,Sprint,Turf,Benchmark 88 Handicap,ARB,4,Local,,-33.8201,151.0245
Rosehill,Australia,Oceania,1200,Sprint,Turf,Benchmark 88 Handicap,ARB,4,Local,,-33.8201,151.0245
Rosehill,Australia,Oceania,1300,Sprint,Turf,Benchmark 88 Handicap,ARB,4,Local,,-33.8201,151.0245
Rosehill,Australia,Oceania,1400,Sprint,Turf,Benchmark 88 Handicap,ARB,4,Local,,-33.8201,151.0245
Rosehill,Australia,Oceania,2000,Medium,Turf,Benchmark 88 Handicap,ARB,4,Local,,-33.8201,151.0245
Rosehill,Australia,Oceania,1100,Sprint,Turf,Benchmark 78 Handicap,ARB,4,Local,,-33.8201,151.0245
Rosehill,Australia,Oceania,1200,Sprint,Turf,Benchmark 78 Handicap,ARB,4,Local,,-33.8201,151.0245
Rosehill,Australia,Oceania,1500,Mile,Turf,Benchmark 78 Handicap,ARB,4,Local,,-33.8201,151.0245
Rosehill,Australia,Oceania,1200,Sprint,Turf,Midway Benchmark 72 Handicap,ARB,4,Local,,-33.8201,151.0245
Rosehill,Australia,Oceania,1300,Sprint,Turf,Midway Benchmark 72 Handicap,ARB,4,Local,,-33.8201,151.0245
Rosehill,Australia,Oceania,1400,Sprint,Turf,Midway Benchmark 72 Handicap,ARB,4,Local,,-33.8201,151.0245
Rosehill,Australia,Oceania,1100,Sprint,Turf,Class 1 Handicap,ARB,4,Local,,-33.8201,151.0245
Rosehill,Australia,Oceania,1200,Sprint,Turf,Class 1 Handicap,ARB,4,Local,,-33.8201,151.0245
Rosehill,Australia,Oceania,1600,Mile,Turf,Christmas Tree Plate,ARB,4,Local,,-33.8201,151.0245
Rosehill,Australia,Oceania,1200,Sprint,Turf,New Year Plate,ARB,4,Local,,-33.8201,151.0245
Rosehill,Australia,Oceania,1100,Sprint,Turf,Starlight Stakes,ARB,4,Local,,-33.8201,151.0245
Rosehill,Australia,Oceania,1100,Sprint,Turf,The Rosebud,ARB,4,Local,,-33.8201,151.0245
Rosehill,Australia,Oceania,2000,Medium,Turf,Lord Mayor's Cup,ARB,4,Local,,-33.8201,151.0245
Rosehill,Australia,Oceania,2400,Long,Turf,Stayer's Cup,ARB,4,Local,,-33.8201,151.0245
Sandown,Australia,Oceania,1600,Mile,Turf,Sandown Guineas,ARB,2,G2,,-37.952523,145.166817
Sandown,Australia,Oceania,2400,Long,Turf,Zipping Classic,ARB,2,G2,,-37.952523,145.166817
Sandown,Australia,Oceania,1500,Mile,Turf,Sandown Stakes,ARB,3,G3,,-37.952523,145.166817
Sandown,Australia,Oceania,1500,Mile,Turf,Summoned Stakes,ARB,3,G3,,-37.952523,145.166817
Sandown,Australia,Oceania,1400,Sprint,Turf,Kevin Heffernan Stakes,ARB,4,Local,,-37.952523,145.166817
Sandown,Australia,Oceania,1500,Mile,Turf,Summer Stakes,ARB,4,Local,,-37.952523,145.166817
Sandown,Australia,Oceania,1200,Sprint,Turf,Benchmark 70 Handicap,ARB,4,Local,,-37.952523,145.166817
Sandown,Australia,Oceania,1400,Sprint,Turf,Benchmark 70 Handicap,ARB,4,Local,,-37.952523,145.166817
Sandown,Australia,Oceania,2100,Medium,Turf,Benchmark 70 Handicap,ARB,4,Local,,-37.952523,145.166817
Sandown,Australia,Oceania,1000,Sprint,Turf,Benchmark 84 Handicap,ARB,4,Local,,-37.952523,145.166817
Sandown,Australia,Oceania,2400,Long,Turf,Benchmark 84 Handicap,ARB,4,Local,,-37.952523,145.166817
Sandown,Australia,Oceania,1400,Sprint,Turf,3YO Handicap,ARB,4,Local,,-37.952523,145.166817
Sandown,Australia,Oceania,1600,Mile,Turf,Fillies and Mares BM70,ARB,4,Local,,-37.952523,145.166817
Sandown,Australia,Oceania,3200,Long,Turf,Sandown Cup,ARB,4,Local,,-37.952523,145.166817
Sandown,Australia,Oceania,1400,Sprint,Turf,Twilight Glow Stakes,ARB,4,Local,,-37.952523,145.166817
Sandown,Australia,Oceania,1000,Sprint,Turf,Merson Cooper Stakes,ARB,4,Local,,-37.952523,145.166817
Sandown,Australia,Oceania,1000,Sprint,Turf,Doveton Stakes,ARB,4,Local,,-37.952523,145.166817
Sandown,Australia,Oceania,1700,Mile,Turf,Lord Stakes,ARB,4,Local,,-37.952523,145.166817
Sandown,Australia,Oceania,1200,Sprint,Turf,City of Greater Dandenong Stakes,ARB,4,Local,,-37.952523,145.166817
Sandown,Australia,Oceania,1600,Mile,Turf,Frankie Reidy Stakes,ARB,4,Local,,-37.952523,145.166817
Sandown,Australia,Oceania,1000,Sprint,Turf,2YO Handicap,ARB,4,Local,,-37.952523,145.166817
Sandown,Australia,Oceania,1300,Sprint,Turf,3YO Fillies BM70 Handicap,ARB,4,Local,,-37.952523,145.166817
Sandown,Australia,Oceania,1400,Sprint,Turf,Benchmark 74 Handicap,ARB,4,Local,,-37.952523,145.166817
Sandown,Australia,Oceania,1600,Mile,Turf,Fillies and Mares BM74 Handicap,ARB,4,Local,,-37.952523,145.166817
Scone,Australia,Oceania,1400,Sprint,Turf,Dark Jewel Classic,ARB,3,G3,,-31.8596,150.865
Scone,Australia,Oceania,1100,Sprint,Turf,Scone Equine Hospital Benchmark 78 Handicap,ARB,4,Local,,-31.8596,150.865
Scone,Australia,Oceania,1700,Mile,Turf,Magic Millions Benchmark 78 Handicap,ARB,4,Local,,-31.8596,150.865
Scone,Australia,Oceania,1300,Sprint,Turf,Kia Ora 3&4YO Benchmark 72 Handicap,ARB,4,Local,,-31.8596,150.865
Scone,Australia,Oceania,1700,Mile,Turf,Scone RSL Midway Benchmark 72 Handicap,ARB,4,Local,,-31.8596,150.865
Scone,Australia,Oceania,1600,Mile,Turf,TAB Highway Class 3 Handicap,ARB,4,Local,,-31.8596,150.865
Scone,Australia,Oceania,1400,Sprint,Turf,Vinery Country Cup - Benchmark 84 Handicap,ARB,4,Local,,-31.8596,150.865
Scone,Australia,Oceania,1100,Sprint,Turf,Scone Equine Hospital Country Boosted Class 1 Handicap,ARB,4,Local,,-31.8596,150.865
Scone,Australia,Oceania,1600,Mile,Turf,Muswellbrook Ford Class 1 & Maiden Plate,ARB,4,Local,,-31.8596,150.865
Scone,Australia,Oceania,1000,Sprint,Turf,Arrowfield Country Boosted Showcase Maiden Plate,ARB,4,Local,,-31.8596,150.865
Scone,Australia,Oceania,1100,Sprint,Turf,Godolphin Maiden Handicap,ARB,4,Local,,-31.8596,150.865
Scone,Australia,Oceania,1300,Sprint,Turf,Godolphin Maiden Handicap,ARB,4,Local,,-31.8596,150.865
Scone,Australia,Oceania,1100,Sprint,Turf,Select Events 2&3YO Maiden Handicap,ARB,4,Local,,-31.8596,150.865
Scone,Australia,Oceania,1600,Mile,Turf,Scone Cup,ARB,4,Local,,-31.8596,150.865
Scone,Australia,Oceania,1300,Sprint,Turf,Darley Luskin Star Stakes,ARB,4,Local,,-31.8596,150.865
Scone,Australia,Oceania,1100,Sprint,Turf,Emirates Park Ortensia Stakes,ARB,4,Local,,-31.8596,150.865
Scone,Australia,Oceania,1100,Sprint,Turf,Coolmore Denise’s Joy Stakes,ARB,4,Local,,-31.8596,150.865
Scone,Australia,Oceania,1100,Sprint,Turf,Yarraman Park Woodlands Stakes,ARB,4,Local,,-31.8596,150.865
Scone,Australia,Oceania,1400,Sprint,Turf,Scone Guineas,ARB,4,Local,,-31.8596,150.865
Scone,Australia,Oceania,1700,Mile,Turf,Upper Hunter Shire Council Benchmark 66 Handicap,ARB,4,Local,,-31.8596,150.865
Scone,Australia,Oceania,1400,Sprint,Turf,Emirates Park Country Boosted Benchmark 58 Handicap,ARB,4,Local,,-31.8596,150.865
Scone,Australia,Oceania,1300,Sprint,Turf,Darley Maiden Handicap,ARB,4,Local,,-31.8596,150.865
Scone,Australia,Oceania,1300,Sprint,Turf,Magic Millions Super Maiden Handicap,ARB,4,Local,,-31.8596,150.865
Ellerslie,New Zealand,Oceania,1200,Sprint,Turf,Eclipse Stakes,ATR,3,G3,,-36.8893,174.806
Ellerslie,New Zealand,Oceania,2400,Long,Turf,City of Auckland Cup,ATR,3,G3,,-36.8893,174.806
Ellerslie,New Zealand,Oceania,2000,Medium,Turf,Royal Stakes,ATR,2,G2,,-36.8893,174.806
Ellerslie,New Zealand,Oceania,1600,Mile,Turf,Auckland Guineas,ATR,2,G2,,-36.8893,174.806
Ellerslie,New Zealand,Oceania,1200,Sprint,Turf,Railway Stakes,ATR,1,G1,,-36.8893,174.806
Ellerslie,New Zealand,Oceania,1600,Mile,Turf,Rich Hill Mile,ATR,2,G2,,-36.8893,174.806
Ellerslie,New Zealand,Oceania,1400,Sprint,Turf,Westbury Classic,ATR,2,G2,,-36.8893,174.806
Ellerslie,New Zealand,Oceania,1200,Sprint,Turf,Almanzor Trophy,ATR,3,G3,,-36.8893,174.806
Ellerslie,New Zealand,Oceania,1200,Sprint,Turf,Concorde Handicap,ATR,3,G3,,-36.8893,174.806
Ellerslie,New Zealand,Oceania,2400,Long,Turf,Avondale Cup,ATR,2,G2,,-36.8893,174.806
Ellerslie,New Zealand,Oceania,2100,Medium,Turf,Avondale Guineas,ATR,2,G2,,-36.8893,174.806
Ellerslie,New Zealand,Oceania,2100,Medium,Turf,Sunline Vase,ATR,3,G3,,-36.8893,174.806
Ellerslie,New Zealand,Oceania,1200,Sprint,Turf,King's Plate,ATR,3,G3,,-36.8893,174.806
Ellerslie,New Zealand,Oceania,2400,Long,Turf,New Zealand Derby,ATR,1,G1,,-36.8893,174.806
Ellerslie,New Zealand,Oceania,1200,Sprint,Turf,Sistema Stakes,ATR,1,G1,,-36.8893,174.806
Ellerslie,New Zealand,Oceania,2000,Medium,Turf,Bonecrusher New Zealand Stakes,ATR,1,G1,,-36.8893,174.806
Ellerslie,New Zealand,Oceania,3200,Long,Turf,Auckland Cup,ATR,1,G1,,-36.8893,174.806
Ellerslie,New Zealand,Oceania,1200,Sprint,Turf,Karaka Million 2YO,ATR,4,Local,,-36.8893,174.806
Ellerslie,New Zealand,Oceania,1600,Mile,Turf,Aotearoa Classic,ATR,4,Local,,-36.8893,174.806
Ellerslie,New Zealand,Oceania,1200,Sprint,Turf,Skycity Star Way Stakes,ATR,4,Local,,-36.8893,174.806
Ellerslie,New Zealand,Oceania,2100,Medium,Turf,Trelawney Stud Championship Stakes,ATR,4,Local,,-36.8893,174.806
Ellerslie,New Zealand,Oceania,1500,Mile,Turf,Fulton Family Stakes,ATR,4,Local,,-36.8893,174.806
Ellerslie,New Zealand,Oceania,1400,Sprint,Turf,Rich Hill Stud Maiden,ATR,4,Local,,-36.8893,174.806
Ellerslie,New Zealand,Oceania,1400,Sprint,Turf,Cambridge Stud Maiden,ATR,4,Local,,-36.8893,174.806
Ellerslie,New Zealand,Oceania,1100,Sprint,Turf,Myracehorse Maiden,ATR,4,Local,,-36.8893,174.806
Ellerslie,New Zealand,Oceania,2100,Medium,Turf,Trackside.co.nz Maiden,ATR,4,Local,,-36.8893,174.806
Ellerslie,New Zealand,Oceania,1200,Sprint,Turf,Benchmark 65 Handicap,ATR,4,Local,,-36.8893,174.806
Ellerslie,New Zealand,Oceania,1400,Sprint,Turf,Benchmark 65 Handicap,ATR,4,Local,,-36.8893,174.806
Ellerslie,New Zealand,Oceania,1600,Mile,Turf,Benchmark 65 Handicap,ATR,4,Local,,-36.8893,174.806
Ellerslie,New Zealand,Oceania,2100,Medium,Turf,Benchmark 65 Handicap,ATR,4,Local,,-36.8893,174.806
Ellerslie,New Zealand,Oceania,1100,Sprint,Turf,Benchmark 75 Handicap,ATR,4,Local,,-36.8893,174.806
Ellerslie,New Zealand,Oceania,1400,Sprint,Turf,Benchmark 75 Handicap,ATR,4,Local,,-36.8893,174.806
Ellerslie,New Zealand,Oceania,2100,Medium,Turf,Benchmark 75 Handicap,ATR,4,Local,,-36.8893,174.806
Ellerslie,New Zealand,Oceania,1400,Sprint,Turf,Benchmark 60 Handicap,ATR,4,Local,,-36.8893,174.806
Ellerslie,New Zealand,Oceania,1600,Mile,Turf,Benchmark 60 Handicap,ATR,4,Local,,-36.8893,174.806
Ellerslie,New Zealand,Oceania,1500,Mile,Turf,The NZB Kiwi,ATR,4,Local,,-36.8893,174.806
Ellerslie,New Zealand,Oceania,1600,Mile,Turf,Karaka Million 3YO,ATR,4,Local,,-36.8893,174.806
Ellerslie,New Zealand,Oceania,1500,Mile,Turf,Trevor Eagle Memorial Stakes,ATR,4,Local,,-36.8893,174.806
Ellerslie,New Zealand,Oceania,1200,Sprint,Turf,Almanzor Trophy,ATR,4,Local,,-36.8893,174.806
Ellerslie,New Zealand,Oceania,2100,Medium,Turf,Gingernuts Salver,ATR,4,Local,,-36.8893,174.806
Ellerslie,New Zealand,Oceania,2100,Medium,Turf,Stella Artois 2100,ATR,4,Local,,-36.8893,174.806
Ellerslie,New Zealand,Oceania,1100,Sprint,Turf,Trelawney Stud 1100,ATR,4,Local,,-36.8893,174.806
Ellerslie,New Zealand,Oceania,2100,Medium,Turf,Cloudsoft Accounting 2100,ATR,4,Local,,-36.8893,174.806
Ellerslie,New Zealand,Oceania,1600,Mile,Turf,Kingmakers Syndication 1600,ATR,4,Local,,-36.8893,174.806
Ellerslie,New Zealand,Oceania,2200,Medium,Turf,Victoria Racing Club Handicap,ATR,4,Local,,-36.8893,174.806
Ellerslie,New Zealand,Oceania,1600,Mile,Turf,Horizon By SkyCity 1600,ATR,4,Local,,-36.8893,174.806
Ellerslie,New Zealand,Oceania,1500,Mile,Turf,Eagle Technology 1500,ATR,4,Local,,-36.8893,174.806
Ellerslie,New Zealand,Oceania,1500,Mile,Turf,NZB Mega Maiden Series,ATR,4,Local,,-36.8893,174.806
Ellerslie,New Zealand,Oceania,1400,Sprint,Turf,Entain/NZB Insurance Pearl Series Final,ATR,4,Local,,-36.8893,174.806
Ellerslie,New Zealand,Oceania,1100,Sprint,Turf,Stella Artois 1100,ATR,4,Local,,-36.8893,174.806
Ellerslie,New Zealand,Oceania,1100,Sprint,Turf,MyRacehorse 1100,ATR,4,Local,,-36.8893,174.806
Ellerslie,New Zealand,Oceania,1200,Sprint,Turf,Golf Warehouse 1200,ATR,4,Local,,-36.8893,174.806
Ellerslie,New Zealand,Oceania,1200,Sprint,Turf,Trackside.co.nz 1200,ATR,4,Local,,-36.8893,174.806
Ellerslie,New Zealand,Oceania,1400,Sprint,Turf,Rich Hill Stud 1400,ATR,4,Local,,-36.8893,174.806
Ellerslie,New Zealand,Oceania,1400,Sprint,Turf,Sistema 1400,ATR,4,Local,,-36.8893,174.806
Ellerslie,New Zealand,Oceania,2100,Medium,Turf,Haunui Farm 2100,ATR,4,Local,,-36.8893,174.806
Ellerslie,New Zealand,Oceania,2100,Medium,Turf,Horizon by Skycity 2100,ATR,4,Local,,-36.8893,174.806
Ellerslie,New Zealand,Oceania,2200,Medium,Turf,Dunstan Horsefeeds 2200,ATR,4,Local,,-36.8893,174.806
Ellerslie,New Zealand,Oceania,2100,Medium,Turf,Cloudsoft Accounting 2100,ATR,4,Local,,-36.8893,174.806
Ellerslie,New Zealand,Oceania,2200,Medium,Turf,Victoria Racing Club 2200,ATR,4,Local,,-36.8893,174.806
Ellerslie,New Zealand,Oceania,2400,Long,Turf,Rangitoto Classic,ATR,4,Local,,-36.8893,174.806
Ellerslie,New Zealand,Oceania,1600,Mile,Turf,Elsdon Park Plate,ATR,4,Local,,-36.8893,174.806
Ellerslie,New Zealand,Oceania,1300,Sprint,Turf,Mufhasa Fasttrack Stakes,ATR,4,Local,,-36.8893,174.806
Ellerslie,New Zealand,Oceania,1600,Mile,Turf,Hallmark Stud Eight Carat Classic,ATR,4,Local,,-36.8893,174.806
Ellerslie,New Zealand,Oceania,1400,Sprint,Turf,Horizon by SkyCity 1400,ATR,4,Local,,-36.8893,174.806
Ellerslie,New Zealand,Oceania,1200,Sprint,Turf,Barfoot & Thompson 1200,ATR,4,Local,,-36.8893,174.806
Ellerslie,New Zealand,Oceania,1100,Sprint,Turf,SkyCity 1100,ATR,4,Local,,-36.8893,174.806
Ellerslie,New Zealand,Oceania,2100,Medium,Turf,MyRacehorse 2100,ATR,4,Local,,-36.8893,174.806
Trentham,New Zealand,Oceania,1600,Mile,Turf,Anniversary Handicap,WRC,3,G3,,-41.1397,175.0422
Trentham,New Zealand,Oceania,1400,Sprint,Turf,Wellington Guineas,WRC,2,G2,,-41.1397,175.0422
Trentham,New Zealand,Oceania,2100,Medium,Turf,Trentham Stakes,WRC,3,G3,,-41.1397,175.0422
Trentham,New Zealand,Oceania,1200,Sprint,Turf,Telegraph Handicap,WRC,1,G1,,-41.1397,175.0422
Trentham,New Zealand,Oceania,1600,Mile,Turf,Desert Gold Stakes,WRC,3,G3,,-41.1397,175.0422
Trentham,New Zealand,Oceania,1600,Mile,Turf,Thorndon Mile,WRC,1,G1,,-41.1397,175.0422
Trentham,New Zealand,Oceania,3200,Long,Turf,Wellington Cup,WRC,3,G3,,-41.1397,175.0422
Trentham,New Zealand,Oceania,1600,Mile,Turf,Cuddle Stakes,WRC,3,G3,,-41.1397,175.0422
Trentham,New Zealand,Oceania,1600,Mile,Turf,Levin Classic,WRC,1,G1,,-41.1397,175.0422
Trentham,New Zealand,Oceania,2400,Long,Turf,New Zealand Oaks,WRC,1,G1,,-41.1397,175.0422
Trentham,New Zealand,Oceania,1600,Mile,Turf,Thompson Handicap,WRC,3,G3,,-41.1397,175.0422
Trentham,New Zealand,Oceania,1100,Sprint,Turf,Wakefield Challenge Stakes,WRC,2,G2,,-41.1397,175.0422
Trentham,New Zealand,Oceania,1600,Mile,Turf,Captain Cook Stakes,WRC,1,G1,,-41.1397,175.0422
Trentham,New Zealand,Oceania,2100,Medium,Turf,Remutaka Classic,WRC,4,Local,,-41.1397,175.0422
Trentham,New Zealand,Oceania,1600,Mile,Turf,Douro Cup (BM75),WRC,4,Local,,-41.1397,175.0422
Trentham,New Zealand,Oceania,2200,Medium,Turf,Parliamentary Handicap,WRC,4,Local,,-41.1397,175.0422
Trentham,New Zealand,Oceania,1200,Sprint,Turf,Special 3YO Maiden,WRC,4,Local,,-41.1397,175.0422
Trentham,New Zealand,Oceania,1400,Sprint,Turf,Special 3YO Maiden,WRC,4,Local,,-41.1397,175.0422
Trentham,New Zealand,Oceania,1600,Mile,Turf,Special 3YO Maiden,WRC,4,Local,,-41.1397,175.0422
Trentham,New Zealand,Oceania,1000,Sprint,Turf,Rating 65/75 Sprints,WRC,4,Local,,-41.1397,175.0422
Trentham,New Zealand,Oceania,1200,Sprint,Turf,Rating 65/75 Sprints,WRC,4,Local,,-41.1397,175.0422
Trentham,New Zealand,Oceania,1400,Sprint,Turf,Rating 65/75 Sprints,WRC,4,Local,,-41.1397,175.0422
Trentham,New Zealand,Oceania,1600,Mile,Turf,Rating 65/75 Stayers,WRC,4,Local,,-41.1397,175.0422
Trentham,New Zealand,Oceania,2100,Medium,Turf,Rating 65/75 Stayers,WRC,4,Local,,-41.1397,175.0422
Trentham,New Zealand,Oceania,2200,Medium,Turf,Rating 65/75 Stayers,WRC,4,Local,,-41.1397,175.0422
Trentham,New Zealand,Oceania,1100,Sprint,Turf,Wellesley Stakes,WRC,4,Local,,-41.1397,175.0422
Trentham,New Zealand,Oceania,1600,Mile,Turf,Mufhasa Classic,WRC,4,Local,,-41.1397,175.0422
Trentham,New Zealand,Oceania,1200,Sprint,Turf,Autumn Sprint Championship Final,WRC,4,Local,,-41.1397,175.0422
Trentham,New Zealand,Oceania,2200,Medium,Turf,Wellington Seamarket 2200,WRC,4,Local,,-41.1397,175.0422
Trentham,New Zealand,Oceania,2100,Medium,Turf,Happy Hire 2100,WRC,4,Local,,-41.1397,175.0422
Trentham,New Zealand,Oceania,1400,Sprint,Turf,Happy Hire 1400,WRC,4,Local,,-41.1397,175.0422
Trentham,New Zealand,Oceania,1000,Sprint,Turf,WRC Life Members 1000,WRC,4,Local,,-41.1397,175.0422
Trentham,New Zealand,Oceania,1400,Sprint,Turf,Belclare Superstar 1400,WRC,4,Local,,-41.1397,175.0422
Trentham,New Zealand,Oceania,1200,Sprint,Turf,Listen Live Maiden Sprint,WRC,4,Local,,-41.1397,175.0422
Trentham,New Zealand,Oceania,1100,Sprint,Turf,JR & N Berkett 1100,WRC,4,Local,,-41.1397,175.0422
Trentham,New Zealand,Oceania,1600,Mile,Turf,Blue Star Group 1600,WRC,4,Local,,-41.1397,175.0422
Trentham,New Zealand,Oceania,2200,Medium,Turf,Ernesto's 2200,WRC,4,Local,,-41.1397,175.0422
Trentham,New Zealand,Oceania,1200,Sprint,Turf,Lightning Handicap,WRC,4,Local,,-41.1397,175.0422
Trentham,New Zealand,Oceania,2500,Long,Turf,Wellington St Leger,WRC,4,Local,,-41.1397,175.0422
Trentham,New Zealand,Oceania,2500,Long,Turf,New Zealand St Leger,WRC,4,Local,,-41.1397,175.0422
Trentham,New Zealand,Oceania,1200,Sprint,Turf,Trentham's Winter Warm Up,WRC,4,Local,,-41.1397,175.0422
Trentham,New Zealand,Oceania,1600,Mile,Turf,Trentham's Winter Warm Up,WRC,4,Local,,-41.1397,175.0422
Trentham,New Zealand,Oceania,2200,Medium,Turf,Trentham's Winter Warm Up,WRC,4,Local,,-41.1397,175.0422
Trentham,New Zealand,Oceania,1400,Sprint,Turf,Bramco Granite & Marble Flying Handicap,WRC,4,Local,,-41.1397,175.0422
Trentham,New Zealand,Oceania,1200,Sprint,Turf,Wellington Seamarket Sprint,WRC,4,Local,,-41.1397,175.0422
Trentham,New Zealand,Oceania,1200,Sprint,Turf,Aztech Engineering Ltd Sprint,WRC,4,Local,,-41.1397,175.0422
Trentham,New Zealand,Oceania,1400,Sprint,Turf,Taylor Property Plus Spring Sprint,WRC,4,Local,,-41.1397,175.0422
Trentham,New Zealand,Oceania,1600,Mile,Turf,Rothley (BM75),WRC,4,Local,,-41.1397,175.0422
Trentham,New Zealand,Oceania,1600,Mile,Turf,Magic Maggie McQuillan Memorial Specification Maiden,WRC,4,Local,,-41.1397,175.0422
Trentham,New Zealand,Oceania,1600,Mile,Turf,ANZAC Mile,WRC,4,Local,,-41.1397,175.0422
Trentham,New Zealand,Oceania,1100,Sprint,Turf,Wakefield Challenge Stakes,WRC,4,Local,,-41.1397,175.0422
Trentham,New Zealand,Oceania,1400,Sprint,Turf,Flying Handicap,WRC,4,Local,,-41.1397,175.0422
Trentham,New Zealand,Oceania,1200,Sprint,Turf,Happy Hire Sprint,WRC,4,Local,,-41.1397,175.0422
Trentham,New Zealand,Oceania,1400,Sprint,Turf,Majestic Horse Floats BM65,WRC,4,Local,,-41.1397,175.0422
Trentham,New Zealand,Oceania,1600,Mile,Turf,Totara Lodge BM65,WRC,4,Local,,-41.1397,175.0422
Trentham,New Zealand,Oceania,2100,Medium,Turf,Metroclad BM65,WRC,4,Local,,-41.1397,175.0422
Te Rapa,New Zealand,Oceania,2000,Medium,Turf,Waikato Guineas,WTR,2,G2,,-37.7638115,175.2468667
Te Rapa,New Zealand,Oceania,1200,Sprint,Turf,Platinum Homes 2YO Classic,WTR,3,G3,,-37.7638115,175.2468667
Te Rapa,New Zealand,Oceania,2000,Medium,Turf,David & Karyn Ellis Fillies Classic,WTR,2,G2,,-37.7638115,175.2468667
Te Rapa,New Zealand,Oceania,2000,Medium,Turf,Herbie Dyke Stakes,WTR,1,G1,,-37.7638115,175.2468667
Te Rapa,New Zealand,Oceania,1400,Sprint,Turf,Waikato Sprint,WTR,3,G3,,-37.7638115,175.2468667
Te Rapa,New Zealand,Oceania,1600,Mile,Turf,New Zealand Thoroughbred Breeders' Stakes,WTR,1,G1,,-37.7638115,175.2468667
Te Rapa,New Zealand,Oceania,1200,Sprint,Turf,Cambridge Breeders' Stakes,WTR,3,G3,,-37.7638115,175.2468667
Te Rapa,New Zealand,Oceania,2000,Medium,Turf,Travis Stakes,WTR,2,G2,,-37.7638115,175.2468667
Te Rapa,New Zealand,Oceania,1200,Sprint,Turf,Foxbridge Plate,WTR,2,G2,,-37.7638115,175.2468667
Te Rapa,New Zealand,Oceania,1400,Sprint,Turf,Solioquy Stakes,WTR,3,G3,,-37.7638115,175.2468667
Te Rapa,New Zealand,Oceania,1400,Sprint,Turf,James & Annie Sarten Memorial Stakes,WTR,2,G2,,-37.7638115,175.2468667
Te Rapa,New Zealand,Oceania,1600,Mile,Turf,Eagle Technology Stakes,WTR,3,G3,,-37.7638115,175.2468667
Te Rapa,New Zealand,Oceania,1400,Sprint,Turf,J Swap Sprint,WTR,3,G3,,-37.7638115,175.2468667
Te Rapa,New Zealand,Oceania,1600,Mile,Turf,Cal Isuzu Stakes,WTR,2,G2,,-37.7638115,175.2468667
Te Rapa,New Zealand,Oceania,2400,Long,Turf,Waikato Cup,WTR,3,G3,,-37.7638115,175.2468667
Te Rapa,New Zealand,Oceania,1400,Sprint,Turf,Waikato Equine Veterinary Centre Stakes,WTR,4,Local,,-37.7638115,175.2468667
Te Rapa,New Zealand,Oceania,1200,Sprint,Turf,Jones Trucking Open Handicap 1200,WTR,4,Local,,-37.7638115,175.2468667
Te Rapa,New Zealand,Oceania,1200,Sprint,Turf,Nutritech Rating 65 1200,WTR,4,Local,,-37.7638115,175.2468667
Te Rapa,New Zealand,Oceania,1600,Mile,Turf,PGG Wrightson Grain Mile,WTR,4,Local,,-37.7638115,175.2468667
Te Rapa,New Zealand,Oceania,1600,Mile,Turf,Jarvis Trading Mile,WTR,4,Local,,-37.7638115,175.2468667
Te Rapa,New Zealand,Oceania,2100,Medium,Turf,Champion Freight BM65,WTR,4,Local,,-37.7638115,175.2468667
Te Rapa,New Zealand,Oceania,2400,Long,Turf,Cambridge Raceway BM75,WTR,4,Local,,-37.7638115,175.2468667
Te Rapa,New Zealand,Oceania,1200,Sprint,Turf,Direct Fats & Oils Maiden,WTR,4,Local,,-37.7638115,175.2468667
Te Rapa,New Zealand,Oceania,1100,Sprint,Turf,Engas Developments Maiden,WTR,4,Local,,-37.7638115,175.2468667
Te Rapa,New Zealand,Oceania,2400,Long,Turf,The Clubman BM65,WTR,4,Local,,-37.7638115,175.2468667
Te Rapa,New Zealand,Oceania,1300,Sprint,Turf,Sal's Pizza Hamilton BM65,WTR,4,Local,,-37.7638115,175.2468667
Te Rapa,New Zealand,Oceania,1400,Sprint,Turf,Shell & Cosgrave BM75,WTR,4,Local,,-37.7638115,175.2468667
Te Rapa,New Zealand,Oceania,1400,Sprint,Turf,Hutton Contracting Open Handicap,WTR,4,Local,,-37.7638115,175.2468667
Te Rapa,New Zealand,Oceania,1200,Sprint,Turf,Windsor Park Stud Cambridge Breeders' Stakes,WTR,4,Local,,-37.7638115,175.2468667
Te Rapa,New Zealand,Oceania,1200,Sprint,Turf,Lodge City Rentals 1200,WTR,4,Local,,-37.7638115,175.2468667
Te Rapa,New Zealand,Oceania,1400,Sprint,Turf,Allied Security Handicap 1400,WTR,4,Local,,-37.7638115,175.2468667
Te Rapa,New Zealand,Oceania,1600,Mile,Turf,Sir Patrick Hogan Karapiro Classic,WTR,4,Local,,-37.7638115,175.2468667
Te Rapa,New Zealand,Oceania,2000,Medium,Turf,Waikato Stud Fillies Classic,WTR,4,Local,,-37.7638115,175.2468667
Te Rapa,New Zealand,Oceania,1500,Mile,Turf,Super Seth 1500,WTR,4,Local,,-37.7638115,175.2468667
Te Rapa,New Zealand,Oceania,2100,Medium,Turf,Savabeel 2100m Open Handicap,WTR,4,Local,,-37.7638115,175.2468667
Te Rapa,New Zealand,Oceania,2400,Long,Turf,Ocean Park 2400m R65,WTR,4,Local,,-37.7638115,175.2468667
Te Rapa,New Zealand,Oceania,1200,Sprint,Turf,Beyond Water 2YO,WTR,4,Local,,-37.7638115,175.2468667
Te Rapa,New Zealand,Oceania,1400,Sprint,Turf,TCL Earthworks BM65,WTR,4,Local,,-37.7638115,175.2468667
Te Rapa,New Zealand,Oceania,1400,Sprint,Turf,Zoe & James At Lodge Handicap,WTR,4,Local,,-37.7638115,175.2468667
Te Rapa,New Zealand,Oceania,1600,Mile,Turf,Ember Signage Solutions BM75,WTR,4,Local,,-37.7638115,175.2468667
Te Rapa,New Zealand,Oceania,2100,Medium,Turf,Foy & Halse Lawyers BM75,WTR,4,Local,,-37.7638115,175.2468667
Wingatui,New Zealand,Oceania,1600,Mile,Turf,White Robe Lodge,ORC,3,G3,,-45.8745,170.3891
Wingatui,New Zealand,Oceania,2400,Long,Turf,Dunedin Gold Cup,ORC,4,Local,,-45.8745,170.3891
Wingatui,New Zealand,Oceania,1600,Mile,Turf,Dunedin Guineas,ORC,4,Local,,-45.8745,170.3891
Wingatui,New Zealand,Oceania,1400,Sprint,Turf,Boxing Day Races,ORC,4,Local,,-45.8745,170.3891
Wingatui,New Zealand,Oceania,1600,Mile,Turf,ODT Southern Mile Final,ORC,4,Local,,-45.8745,170.3891
Wingatui,New Zealand,Oceania,1500,Mile,Turf,Property Brokers Otago Classics Day Handicap,ORC,4,Local,,-45.8745,170.3891
Wingatui,New Zealand,Oceania,1400,Sprint,Turf,3YO Fillies Set Weights,ORC,4,Local,,-45.8745,170.3891
Wingatui,New Zealand,Oceania,1600,Mile,Turf,3YO+ Maiden Set Weights,ORC,4,Local,,-45.8745,170.3891
Wingatui,New Zealand,Oceania,2100,Medium,Turf,3YO+ Maiden Set Weights,ORC,4,Local,,-45.8745,170.3891
Wingatui,New Zealand,Oceania,1400,Sprint,Turf,Open Handicap,ORC,4,Local,,-45.8745,170.3891
Wingatui,New Zealand,Oceania,1500,Mile,Turf,Open Handicap,ORC,4,Local,,-45.8745,170.3891
Wingatui,New Zealand,Oceania,2100,Medium,Turf,Open Handicap,ORC,4,Local,,-45.8745,170.3891
Awapuni,New Zealand,Oceania,1800,Mile,Turf,Taranaki Cup,R.A.C.E.,3,G3,,-40.380388,175.578518
Awapuni,New Zealand,Oceania,2000,Medium,Turf,Manawatu Classic,R.A.C.E.,3,G3,,-40.380388,175.578518
Awapuni,New Zealand,Oceania,1400,Sprint,Turf,Manawatu Sires' Produce Stakes,R.A.C.E.,1,G1,,-40.380388,175.578518
Awapuni,New Zealand,Oceania,2000,Medium,Turf,Awapuni Gold Cup,R.A.C.E.,2,G2,,-40.380388,175.578518
Awapuni,New Zealand,Oceania,2000,Medium,Turf,Manawatu Breeders' Stakes,R.A.C.E.,3,G3,,-40.380388,175.578518
Awapuni,New Zealand,Oceania,1600,Mile,Turf,Boehringer Ingelheim Handicap,R.A.C.E.,3,G3,,-40.380388,175.578518
Awapuni,New Zealand,Oceania,1400,Sprint,Turf,Manawatu Challenge Stakes,R.A.C.E.,2,G2,,-40.380388,175.578518
Awapuni,New Zealand,Oceania,2300,Medium,Turf,Manawatu Cup,R.A.C.E.,3,G3,,-40.380388,175.578518
Awapuni,New Zealand,Oceania,1600,Mile,Turf,Eulogy Stakes,R.A.C.E.,3,G3,,-40.380388,175.578518
Awapuni,New Zealand,Oceania,1400,Sprint,Turf,Flying Handicap,R.A.C.E.,4,Local,,-40.380388,175.578518
Awapuni,New Zealand,Oceania,1600,Mile,Turf,Manawatu ITM ANZAC Mile,R.A.C.E.,4,Local,,-40.380388,175.578518
Awapuni,New Zealand,Oceania,1600,Mile,Turf,Rangitikei Gold Cup,R.A.C.E.,4,Local,,-40.380388,175.578518
Awapuni,New Zealand,Oceania,1200,Sprint,Synthetic,Marton JC Synthetic Raceday Races,R.A.C.E.,4,Local,,-40.380388,175.578518
Awapuni,New Zealand,Oceania,1400,Sprint,Synthetic,Marton JC Synthetic Raceday Races,R.A.C.E.,4,Local,,-40.380388,175.578518
Awapuni,New Zealand,Oceania,1550,Mile,Synthetic,Marton JC Synthetic Raceday Races,R.A.C.E.,4,Local,,-40.380388,175.578518
Awapuni,New Zealand,Oceania,2100,Medium,Synthetic,Marton JC Synthetic Raceday Races,R.A.C.E.,4,Local,,-40.380388,175.578518
Awapuni,New Zealand,Oceania,2200,Medium,Synthetic,Marton JC Synthetic Raceday Races,R.A.C.E.,4,Local,,-40.380388,175.578518
Awapuni,New Zealand,Oceania,1400,Sprint,Turf,Ashhurst Pohangina Cup,R.A.C.E.,4,Local,,-40.380388,175.578518
Awapuni,New Zealand,Oceania,2200,Medium,Turf,Marton Cup,R.A.C.E.,4,Local,,-40.380388,175.578518
Awapuni,New Zealand,Oceania,2200,Medium,Turf,Bulls County Cup,R.A.C.E.,4,Local,,-40.380388,175.578518
Matamata,New Zealand,Oceania,1200,Sprint,Turf,Matamata Breeders' Stakes,MMRC,2,G2,,-37.8108803,175.7764607
Matamata,New Zealand,Oceania,1200,Sprint,Turf,Matamata Slippers,MMRC,3,G3,,-37.8108803,175.7764607
Matamata,New Zealand,Oceania,1200,Sprint,Turf,Entain/NZB Insurance Pearl Series Maiden,MMRC,4,Local,,-37.8108803,175.7764607
Matamata,New Zealand,Oceania,1600,Mile,Turf,Entain/NZB Insurance Pearl Series Maiden,MMRC,4,Local,,-37.8108803,175.7764607
Matamata,New Zealand,Oceania,1400,Sprint,Turf,Matamata Function Centre Maiden,MMRC,4,Local,,-37.8108803,175.7764607
Matamata,New Zealand,Oceania,1400,Sprint,Turf,Fairview Matamata 1400,MMRC,4,Local,,-37.8108803,175.7764607
Matamata,New Zealand,Oceania,1400,Sprint,Turf,NZB Mega Maiden Series,MMRC,4,Local,,-37.8108803,175.7764607
Matamata,New Zealand,Oceania,1600,Mile,Turf,Join MMRC Maiden,MMRC,4,Local,,-37.8108803,175.7764607
Matamata,New Zealand,Oceania,2000,Medium,Turf,MMRC Life Members Handicap,MMRC,4,Local,,-37.8108803,175.7764607
Matamata,New Zealand,Oceania,2000,Medium,Turf,Mitre 10 Matamata,MMRC,4,Local,,-37.8108803,175.7764607
Matamata,New Zealand,Oceania,1100,Sprint,Turf,Shout Out To All Our MMRC Members,MMRC,4,Local,,-37.8108803,175.7764607
Matamata,New Zealand,Oceania,1600,Mile,Turf,Team Wealleans Matamata Cup,MMRC,4,Local,,-37.8108803,175.7764607
Matamata,New Zealand,Oceania,1200,Sprint,Turf,Comag Family Raceday,MMRC,4,Local,,-37.8108803,175.7764607
Matamata,New Zealand,Oceania,1400,Sprint,Turf,Comag Family Raceday,MMRC,4,Local,,-37.8108803,175.7764607
Matamata,New Zealand,Oceania,1600,Mile,Turf,Comag Family Raceday,MMRC,4,Local,,-37.8108803,175.7764607
Matamata,New Zealand,Oceania,2000,Medium,Turf,Comag Family Raceday,MMRC,4,Local,,-37.8108803,175.7764607
Matamata,New Zealand,Oceania,1400,Sprint,Turf,Rating 60 Handicap,MMRC,4,Local,,-37.8108803,175.7764607
Matamata,New Zealand,Oceania,1600,Mile,Turf,Rating 60 Handicap,MMRC,4,Local,,-37.8108803,175.7764607
Matamata,New Zealand,Oceania,2000,Medium,Turf,Rating 60 Handicap,MMRC,4,Local,,-37.8108803,175.7764607
Matamata,New Zealand,Oceania,1100,Sprint,Turf,Rating 65 Benchmark,MMRC,4,Local,,-37.8108803,175.7764607
Matamata,New Zealand,Oceania,1400,Sprint,Turf,Rating 65 Benchmark,MMRC,4,Local,,-37.8108803,175.7764607
Matamata,New Zealand,Oceania,1600,Mile,Turf,Rating 65 Benchmark,MMRC,4,Local,,-37.8108803,175.7764607
Matamata,New Zealand,Oceania,2000,Medium,Turf,Rating 65 Benchmark,MMRC,4,Local,,-37.8108803,175.7764607
Matamata,New Zealand,Oceania,1200,Sprint,Turf,Rating 75 Handicap,MMRC,4,Local,,-37.8108803,175.7764607
Matamata,New Zealand,Oceania,1400,Sprint,Turf,Rating 75 Handicap,MMRC,4,Local,,-37.8108803,175.7764607
Matamata,New Zealand,Oceania,1600,Mile,Turf,Rating 75 Handicap,MMRC,4,Local,,-37.8108803,175.7764607
Matamata,New Zealand,Oceania,1200,Sprint,Turf,Rating 85 Handicap,MMRC,4,Local,,-37.8108803,175.7764607
Matamata,New Zealand,Oceania,1400,Sprint,Turf,Rating 85 Handicap,MMRC,4,Local,,-37.8108803,175.7764607
Matamata,New Zealand,Oceania,1600,Mile,Turf,Rating 85 Handicap,MMRC,4,Local,,-37.8108803,175.7764607
Matamata,New Zealand,Oceania,1200,Sprint,Turf,South Waikato Racing Club Annual Meeting,MMRC,4,Local,,-37.8108803,175.7764607
Matamata,New Zealand,Oceania,1400,Sprint,Turf,South Waikato Racing Club Annual Meeting,MMRC,4,Local,,-37.8108803,175.7764607
Matamata,New Zealand,Oceania,1600,Mile,Turf,South Waikato Racing Club Annual Meeting,MMRC,4,Local,,-37.8108803,175.7764607
Matamata,New Zealand,Oceania,2000,Medium,Turf,South Waikato Racing Club Annual Meeting,MMRC,4,Local,,-37.8108803,175.7764607
Matamata,New Zealand,Oceania,1400,Sprint,Turf,Rich Hill Stud Handicap,MMRC,4,Local,,-37.8108803,175.7764607
Matamata,New Zealand,Oceania,1600,Mile,Turf,Matamata Veterinary Services Kaimai Stakes,MMRC,4,Local,,-37.8108803,175.7764607
Matamata,New Zealand,Oceania,1000,Sprint,Turf,Noble & Lee Xmas Twilight Raceday,MMRC,4,Local,,-37.8108803,175.7764607
Matamata,New Zealand,Oceania,1200,Sprint,Turf,Noble & Lee Xmas Twilight Raceday,MMRC,4,Local,,-37.8108803,175.7764607
Matamata,New Zealand,Oceania,1400,Sprint,Turf,Noble & Lee Xmas Twilight Raceday,MMRC,4,Local,,-37.8108803,175.7764607
Matamata,New Zealand,Oceania,1600,Mile,Turf,Noble & Lee Xmas Twilight Raceday,MMRC,4,Local,,-37.8108803,175.7764607
Matamata,New Zealand,Oceania,2000,Medium,Turf,Noble & Lee Xmas Twilight Raceday,MMRC,4,Local,,-37.8108803,175.7764607
Matamata,New Zealand,Oceania,1600,Mile,Turf,Colchester Engineering Handicap,MMRC,4,Local,,-37.8108803,175.7764607
Matamata,New Zealand,Oceania,1200,Sprint,Turf,Kaimai Vets Maiden,MMRC,4,Local,,-37.8108803,175.7764607
Matamata,New Zealand,Oceania,2000,Medium,Turf,Kilgravin Lodge Maiden,MMRC,4,Local,,-37.8108803,175.7764607
Matamata,New Zealand,Oceania,1050,Sprint,Turf,Matamata Tractors & Machinery Maiden,MMRC,4,Local,,-37.8108803,175.7764607
Matamata,New Zealand,Oceania,1200,Sprint,Turf,AKW Farrier Ltd Maiden,MMRC,4,Local,,-37.8108803,175.7764607
Matamata,New Zealand,Oceania,1200,Sprint,Turf,Horse Racing People (BM65),MMRC,4,Local,,-37.8108803,175.7764607
Matamata,New Zealand,Oceania,1400,Sprint,Turf,Matamata Glass & Joinery Maiden,MMRC,4,Local,,-37.8108803,175.7764607
Matamata,New Zealand,Oceania,1400,Sprint,Turf,Fertco Maiden,MMRC,4,Local,,-37.8108803,175.7764607
Matamata,New Zealand,Oceania,1600,Mile,Turf,Matamata Glass & Joinery Highweight (BM65),MMRC,4,Local,,-37.8108803,175.7764607
Matamata,New Zealand,Oceania,1600,Mile,Turf,Broadway Motel Mdn Highweight,MMRC,4,Local,,-37.8108803,175.7764607
Matamata,New Zealand,Oceania,1600,Mile,Turf,Macfarlane Mile,MMRC,4,Local,,-37.8108803,175.7764607
Matamata,New Zealand,Oceania,2000,Medium,Turf,Holster Engineering Lally & Symes South Waikato Cup,MMRC,4,Local,,-37.8108803,175.7764607
Matamata,New Zealand,Oceania,1200,Sprint,Turf,Ancroft Developments 1200,MMRC,4,Local,,-37.8108803,175.7764607
Matamata,New Zealand,Oceania,1400,Sprint,Turf,Ancroft Developments 1400,MMRC,4,Local,,-37.8108803,175.7764607
Matamata,New Zealand,Oceania,1600,Mile,Turf,Ancroft Developments 1600,MMRC,4,Local,,-37.8108803,175.7764607
Matamata,New Zealand,Oceania,1200,Sprint,Turf,Fairview Matamata Slipper 1200,MMRC,4,Local,,-37.8108803,175.7764607
Matamata,New Zealand,Oceania,1600,Mile,Turf,Wayne (Dicko) Dickinson Memorial (BM75),MMRC,4,Local,,-37.8108803,175.7764607
Otaki,New Zealand,Oceania,1600,Mile,Turf,Weight for Age Classic,OMRC,1,G1,,-40.7581802,175.1476253
Otaki,New Zealand,Oceania,1600,Mile,Turf,Wellington Stakes,OMRC,3,G3,,-40.7581802,175.1476253
Otaki,New Zealand,Oceania,1600,Mile,Turf,Otaki Tyre Repairs Maiden,OMRC,4,Local,,-40.7581802,175.1476253
Otaki,New Zealand,Oceania,1200,Sprint,Turf,Aquashield Roofing 3YO Maiden,OMRC,4,Local,,-40.7581802,175.1476253
Otaki,New Zealand,Oceania,1400,Sprint,Turf,Aquashield Roofing 3YO Maiden,OMRC,4,Local,,-40.7581802,175.1476253
Otaki,New Zealand,Oceania,1200,Sprint,Turf,Vets On Riverbank Maiden,OMRC,4,Local,,-40.7581802,175.1476253
Otaki,New Zealand,Oceania,1600,Mile,Turf,Vets On Riverbank Maiden,OMRC,4,Local,,-40.7581802,175.1476253
Otaki,New Zealand,Oceania,2100,Medium,Turf,New World Otaki Maiden,OMRC,4,Local,,-40.7581802,175.1476253
Otaki,New Zealand,Oceania,1200,Sprint,Turf,FastInternet.nz Handicap (R65/R75),OMRC,4,Local,,-40.7581802,175.1476253
Otaki,New Zealand,Oceania,1600,Mile,Turf,FastInternet.nz Handicap (R65/R75),OMRC,4,Local,,-40.7581802,175.1476253
Otaki,New Zealand,Oceania,2100,Medium,Turf,FastInternet.nz Handicap (R65/R75),OMRC,4,Local,,-40.7581802,175.1476253
Otaki,New Zealand,Oceania,1200,Sprint,Turf,Cavallo Farm & Chris Rutten Bloodstock Handicap,OMRC,4,Local,,-40.7581802,175.1476253
Otaki,New Zealand,Oceania,1400,Sprint,Turf,Cavallo Farm & Chris Rutten Bloodstock Handicap,OMRC,4,Local,,-40.7581802,175.1476253
Otaki,New Zealand,Oceania,2100,Medium,Turf,Cavallo Farm & Chris Rutten Bloodstock Handicap,OMRC,4,Local,,-40.7581802,175.1476253
Otaki,New Zealand,Oceania,1600,Mile,Turf,The Tele Otaki Handicap (R75),OMRC,4,Local,,-40.7581802,175.1476253
Otaki,New Zealand,Oceania,1400,Sprint,Turf,Harcourts Otaki Handicap,OMRC,4,Local,,-40.7581802,175.1476253
Otaki,New Zealand,Oceania,1600,Mile,Turf,Harcourts Otaki Handicap,OMRC,4,Local,,-40.7581802,175.1476253
Otaki,New Zealand,Oceania,1200,Sprint,Turf,Rating 65 Benchmark,OMRC,4,Local,,-40.7581802,175.1476253
Otaki,New Zealand,Oceania,1600,Mile,Turf,Rating 65 Benchmark,OMRC,4,Local,,-40.7581802,175.1476253
Otaki,New Zealand,Oceania,2100,Medium,Turf,Rating 65 Benchmark,OMRC,4,Local,,-40.7581802,175.1476253
Otaki,New Zealand,Oceania,1200,Sprint,Turf,Rating 75 Benchmark,OMRC,4,Local,,-40.7581802,175.1476253
Otaki,New Zealand,Oceania,1600,Mile,Turf,Rating 75 Benchmark,OMRC,4,Local,,-40.7581802,175.1476253
Otaki,New Zealand,Oceania,2100,Medium,Turf,Rating 75 Benchmark,OMRC,4,Local,,-40.7581802,175.1476253
Otaki,New Zealand,Oceania,1600,Mile,Turf,Jennian Homes ANZAC Mile,OMRC,4,Local,,-40.7581802,175.1476253
Otaki,New Zealand,Oceania,1200,Sprint,Turf,Ryder Stakes,OMRC,4,Local,,-40.7581802,175.1476253
Pukekohe Park,New Zealand,Oceania,2100,Medium,Turf,Championship Stakes,ATR,2,G2,,-37.2156,174.8522
Pukekohe Park,New Zealand,Oceania,1600,Mile,Turf,Easter Handicap,ATR,2,G2,,-37.2156,174.8522
Pukekohe Park,New Zealand,Oceania,2050,Medium,Turf,Balmerino Stakes,ATR,3,G3,,-37.2156,174.8522
Pukekohe Park,New Zealand,Oceania,1100,Sprint,Turf,Hanui Farm Counties Bowl,ATR,3,G3,,-37.2156,174.8522
Pukekohe Park,New Zealand,Oceania,1400,Sprint,Turf,Auckland Thoroughbred Breeders' Stakes,ATR,2,G2,,-37.2156,174.8522
Pukekohe Park,New Zealand,Oceania,2100,Medium,Turf,Counties Cup,ATR,3,G3,,-37.2156,174.8522
Pukekohe Park,New Zealand,Oceania,1400,Sprint,Turf,Bonecrusher Stakes,ATR,3,G3,,-37.2156,174.8522
Pukekohe Park,New Zealand,Oceania,1600,Mile,Turf,Eight Carat Classic,ATR,2,G2,,-37.2156,174.8522
Pukekohe Park,New Zealand,Oceania,2050,Medium,Turf,Zabeel Classic,ATR,1,G1,,-37.2156,174.8522
Pukekohe Park,New Zealand,Oceania,1100,Sprint,Turf,Stella Artois 1100,ATR,4,Local,,-37.2156,174.8522
Pukekohe Park,New Zealand,Oceania,1200,Sprint,Turf,Trackside.co.nz 1200,ATR,4,Local,,-37.2156,174.8522
Pukekohe Park,New Zealand,Oceania,1400,Sprint,Turf,Nikau Contractors 1400,ATR,4,Local,,-37.2156,174.8522
Pukekohe Park,New Zealand,Oceania,1600,Mile,Turf,Nikau Contractors 1600,ATR,4,Local,,-37.2156,174.8522
Pukekohe Park,New Zealand,Oceania,1600,Mile,Turf,Dunstan Horsefeeds 1600,ATR,4,Local,,-37.2156,174.8522
Pukekohe Park,New Zealand,Oceania,2100,Medium,Turf,Horizon by SkyCity 2100,ATR,4,Local,,-37.2156,174.8522
Pukekohe Park,New Zealand,Oceania,2100,Medium,Turf,MyRacehorse 2100,ATR,4,Local,,-37.2156,174.8522
Pukekohe Park,New Zealand,Oceania,2100,Medium,Turf,MyRacehorse Counties Cup,ATR,4,Local,,-37.2156,174.8522
Hastings,New Zealand,Oceania,2100,Medium,Turf,Lowland Stakes,HBRI,2,G2,,-39.6456,176.8335
Hastings,New Zealand,Oceania,1200,Sprint,Turf,Gold Trail Stakes,HBRI,3,G3,,-39.6456,176.8335
Hastings,New Zealand,Oceania,1400,Sprint,Turf,Tarzino Trophy,HBRI,1,G1,,-39.6456,176.8335
Hastings,New Zealand,Oceania,1400,Sprint,Turf,Hawke's Bay Guineas,HBRI,2,G2,,-39.6456,176.8335
Hastings,New Zealand,Oceania,1600,Mile,Turf,Arrowfield Stud Plate,HBRI,1,G1,,-39.6456,176.8335
Hastings,New Zealand,Oceania,1400,Sprint,Turf,Red Badge Spring Sprint,HBRI,3,G3,,-39.6456,176.8335
Hastings,New Zealand,Oceania,2000,Medium,Turf,Livamol Classic,HBRI,1,G1,,-39.6456,176.8335
Hastings,New Zealand,Oceania,2200,Medium,Turf,Hawke's Bay Cup,HBRI,4,Local,,-39.6456,176.8335
Hastings,New Zealand,Oceania,1200,Sprint,Turf,Best United Travel Sprint,HBRI,4,Local,,-39.6456,176.8335
Hastings,New Zealand,Oceania,1200,Sprint,Turf,Best Travel Open Handicap,HBRI,4,Local,,-39.6456,176.8335
Hastings,New Zealand,Oceania,1400,Sprint,Turf,Best Travel Open Handicap,HBRI,4,Local,,-39.6456,176.8335
Hastings,New Zealand,Oceania,1600,Mile,Turf,Best Travel Open Handicap,HBRI,4,Local,,-39.6456,176.8335
Hastings,New Zealand,Oceania,1200,Sprint,Turf,City of Napier Sprint,HBRI,4,Local,,-39.6456,176.8335
Hastings,New Zealand,Oceania,1200,Sprint,Turf,El Roca - Sir Colin Meads Trophy,HBRI,4,Local,,-39.6456,176.8335
Hastings,New Zealand,Oceania,1300,Sprint,Turf,Open Handicaps,HBRI,4,Local,,-39.6456,176.8335
Hastings,New Zealand,Oceania,1400,Sprint,Turf,Open Handicaps,HBRI,4,Local,,-39.6456,176.8335
Hastings,New Zealand,Oceania,2200,Medium,Turf,Open Handicaps,HBRI,4,Local,,-39.6456,176.8335
Hastings,New Zealand,Oceania,1400,Sprint,Turf,Benchmark Handicaps,HBRI,4,Local,,-39.6456,176.8335
Hastings,New Zealand,Oceania,1600,Mile,Turf,Benchmark Handicaps,HBRI,4,Local,,-39.6456,176.8335
Hastings,New Zealand,Oceania,2200,Medium,Turf,Benchmark Handicaps,HBRI,4,Local,,-39.6456,176.8335
Hastings,New Zealand,Oceania,1400,Sprint,Turf,Maiden Set Weight,HBRI,4,Local,,-39.6456,176.8335
Hastings,New Zealand,Oceania,2100,Medium,Turf,Maiden Set Weight,HBRI,4,Local,,-39.6456,176.8335
Hastings,New Zealand,Oceania,1600,Mile,Turf,Restricted Handicaps,HBRI,4,Local,,-39.6456,176.8335
Hastings,New Zealand,Oceania,2100,Medium,Turf,Restricted Handicaps,HBRI,4,Local,,-39.6456,176.8335
Riccarton Park,New Zealand,Oceania,1600,Mile,Turf,South Island Thoroughbred Breeders' Stakes,CJC,3,G3,,-43.531753,172.542718
Riccarton Park,New Zealand,Oceania,2000,Medium,Turf,Canterbury Gold Cup,CJC,3,G3,,-43.531753,172.542718
Riccarton Park,New Zealand,Oceania,1600,Mile,Turf,Winter Cup,CJC,3,G3,,-43.531753,172.542718
Riccarton Park,New Zealand,Oceania,1600,Mile,Turf,War Decree Stakes,CJC,3,G3,,-43.531753,172.542718
Riccarton Park,New Zealand,Oceania,1600,Mile,Turf,New Zealand 2000 Guineas,CJC,1,G1,,-43.531753,172.542718
Riccarton Park,New Zealand,Oceania,1400,Sprint,Turf,Canterbury Breeders' Stakes,CJC,3,G3,,-43.531753,172.542718
Riccarton Park,New Zealand,Oceania,1600,Mile,Turf,Coupland's Bakeries Mile,CJC,2,G2,,-43.531753,172.542718
Riccarton Park,New Zealand,Oceania,1600,Mile,Turf,New Zealand 1000 Guineas,CJC,1,G1,,-43.531753,172.542718
Riccarton Park,New Zealand,Oceania,1200,Sprint,Turf,Stewards' Stakes Handicap,CJC,3,G3,,-43.531753,172.542718
Riccarton Park,New Zealand,Oceania,3200,Long,Turf,New Zealand Cup,CJC,3,G3,,-43.531753,172.542718
Riccarton Park,New Zealand,Oceania,1000,Sprint,Turf,Welcome Stakes,CJC,4,Local,,-43.531753,172.542718
Riccarton Park,New Zealand,Oceania,1600,Mile,Turf,NZB Airfreight Stakes,CJC,4,Local,,-43.531753,172.542718
Riccarton Park,New Zealand,Oceania,1600,Mile,Turf,NZB Insurance Stakes,CJC,4,Local,,-43.531753,172.542718
Riccarton Park,New Zealand,Oceania,1200,Sprint,Turf,Champagne Stakes,CJC,4,Local,,-43.531753,172.542718
Riccarton Park,New Zealand,Oceania,1400,Sprint,Turf,Daphne Bannan Memorial Great Easter Stakes,CJC,4,Local,,-43.531753,172.542718
Riccarton Park,New Zealand,Oceania,2000,Medium,Turf,New Zealand Bloodstock Warstep Stakes,CJC,4,Local,,-43.531753,172.542718
Riccarton Park,New Zealand,Oceania,1000,Sprint,Turf,Pegasus Stakes,CJC,4,Local,,-43.531753,172.542718
Riccarton Park,New Zealand,Oceania,2500,Long,Turf,Metropolitan Trophy Handicap,CJC,4,Local,,-43.531753,172.542718
Riccarton Park,New Zealand,Oceania,2500,Long,Turf,Founders Cup,CJC,4,Local,,-43.531753,172.542718
Riccarton Park,New Zealand,Oceania,1000,Sprint,Turf,Rating 65 Benchmark,CJC,4,Local,,-43.531753,172.542718
Riccarton Park,New Zealand,Oceania,1200,Sprint,Turf,Rating 65 Benchmark,CJC,4,Local,,-43.531753,172.542718
Riccarton Park,New Zealand,Oceania,1600,Mile,Turf,Rating 65 Benchmark,CJC,4,Local,,-43.531753,172.542718
Riccarton Park,New Zealand,Oceania,2100,Medium,Turf,Rating 65 Benchmark,CJC,4,Local,,-43.531753,172.542718
Riccarton Park,New Zealand,Oceania,2600,Long,Turf,Rating 65 Benchmark,CJC,4,Local,,-43.531753,172.542718
Riccarton Park,New Zealand,Oceania,1200,Sprint,Turf,Rating 75 Benchmark,CJC,4,Local,,-43.531753,172.542718
Riccarton Park,New Zealand,Oceania,1800,Mile,Turf,Rating 75 Benchmark,CJC,4,Local,,-43.531753,172.542718
Riccarton Park,New Zealand,Oceania,2100,Medium,Turf,Rating 75 Benchmark,CJC,4,Local,,-43.531753,172.542718
Riccarton Park,New Zealand,Oceania,1600,Mile,Turf,Rating 82 Benchmark,CJC,4,Local,,-43.531753,172.542718
Riccarton Park,New Zealand,Oceania,1200,Sprint,Turf,Open Handicaps,CJC,4,Local,,-43.531753,172.542718
Riccarton Park,New Zealand,Oceania,1600,Mile,Turf,Open Handicaps,CJC,4,Local,,-43.531753,172.542718
Riccarton Park,New Zealand,Oceania,2000,Medium,Turf,Open Handicaps,CJC,4,Local,,-43.531753,172.542718
Riccarton Park,New Zealand,Oceania,2200,Medium,Turf,Open Handicaps,CJC,4,Local,,-43.531753,172.542718
Riccarton Park,New Zealand,Oceania,1200,Sprint,Turf,Canterbury Belle Stakes,CJC,4,Local,,-43.531753,172.542718
Riccarton Park,New Zealand,Oceania,2600,Long,Turf,Hornby Club Founders Cup,CJC,4,Local,,-43.531753,172.542718
Riccarton Park,New Zealand,Oceania,1200,Sprint,Turf,Bush Inn Open Sprint,CJC,4,Local,,-43.531753,172.542718
Riccarton Park,New Zealand,Oceania,1600,Mile,Turf,Petersens Jewellers Ladies Bracelet,CJC,4,Local,,-43.531753,172.542718
Riccarton Park,New Zealand,Oceania,2000,Medium,Turf,Open Weight For Age,CJC,4,Local,,-43.531753,172.542718
Riccarton Park,New Zealand,Oceania,2000,Medium,Turf,Warstep Stakes,CJC,4,Local,,-43.531753,172.542718
Riccarton Park,New Zealand,Oceania,1200,Sprint,Turf,Riccarton Park Plate,CJC,4,Local,,-43.531753,172.542718
Riccarton Park,New Zealand,Oceania,1400,Sprint,Turf,Daphne Bannan Memorial Great Easter Stakes,CJC,4,Local,,-43.531753,172.542718
Tauranga,New Zealand,Oceania,1600,Mile,Turf,Japan Trophy,RTI,2,G2,,-37.6861,176.167
Tauranga,New Zealand,Oceania,1600,Mile,Turf,Tauranga Stakes,RTI,2,G2,,-37.6861,176.167
Tauranga,New Zealand,Oceania,2100,Medium,Turf,SEEKA Kiwifruit Cup,RTI,4,Local,,-37.6861,176.167
Tauranga,New Zealand,Oceania,1200,Sprint,Turf,NZB Mega Maiden Series,RTI,4,Local,,-37.6861,176.167
Tauranga,New Zealand,Oceania,1200,Sprint,Turf,Rating 75 Benchmark,RTI,4,Local,,-37.6861,176.167
Tauranga,New Zealand,Oceania,1400,Sprint,Turf,Rating 75 Benchmark,RTI,4,Local,,-37.6861,176.167
Tauranga,New Zealand,Oceania,1600,Mile,Turf,Rating 75 Benchmark,RTI,4,Local,,-37.6861,176.167
Tauranga,New Zealand,Oceania,2100,Medium,Turf,Rating 75 Benchmark,RTI,4,Local,,-37.6861,176.167
Tauranga,New Zealand,Oceania,1400,Sprint,Turf,Maiden 3YO,RTI,4,Local,,-37.6861,176.167
Tauranga,New Zealand,Oceania,1600,Mile,Turf,Maiden F&M,RTI,4,Local,,-37.6861,176.167
Tauranga,New Zealand,Oceania,1400,Sprint,Turf,Open Handicaps,RTI,4,Local,,-37.6861,176.167
Tauranga,New Zealand,Oceania,1600,Mile,Turf,Open Handicaps,RTI,4,Local,,-37.6861,176.167
Tauranga,New Zealand,Oceania,2100,Medium,Turf,Open Handicaps,RTI,4,Local,,-37.6861,176.167
Tauranga,New Zealand,Oceania,2100,Medium,Turf,New World Gate Pa Maiden,RTI,4,Local,,-37.6861,176.167
Tauranga,New Zealand,Oceania,2100,Medium,Turf,Mills Reef Wines Rating 75,RTI,4,Local,,-37.6861,176.167
Tauranga,New Zealand,Oceania,1400,Sprint,Turf,Happy Hire Maiden 3YO,RTI,4,Local,,-37.6861,176.167
Tauranga,New Zealand,Oceania,1400,Sprint,Turf,New World Brookfield Maiden,RTI,4,Local,,-37.6861,176.167
Tauranga,New Zealand,Oceania,1500,Mile,Turf,New World The Sands Papamoa Maiden,RTI,4,Local,,-37.6861,176.167
Tauranga,New Zealand,Oceania,1200,Sprint,Turf,New World Te Puke Maiden,RTI,4,Local,,-37.6861,176.167
Tauranga,New Zealand,Oceania,1200,Sprint,Turf,Super Liquor Rating 75,RTI,4,Local,,-37.6861,176.167
Tauranga,New Zealand,Oceania,1400,Sprint,Turf,New World Mount Maunganui Rating 65,RTI,4,Local,,-37.6861,176.167
Tauranga,New Zealand,Oceania,1200,Sprint,Turf,Triton Pacific Owens Plate,RTI,4,Local,,-37.6861,176.167
Tauranga,New Zealand,Oceania,1400,Sprint,Turf,Angela & Nick Fleet Bayleys Papamoa,RTI,4,Local,,-37.6861,176.167
Tauranga,New Zealand,Oceania,1200,Sprint,Turf,J Swap Contractors 3YO,RTI,4,Local,,-37.6861,176.167
Tauranga,New Zealand,Oceania,1600,Mile,Turf,Autmn Raceday,RTI,4,Local,,-37.6861,176.167
Tauranga,New Zealand,Oceania,1400,Sprint,Turf,Team Wealleans Tauranga Classic,RTI,4,Local,,-37.6861,176.167
Tauranga,New Zealand,Oceania,1200,Sprint,Turf,Tauranga Hack Plate,RTI,4,Local,,-37.6861,176.167
Tauranga,New Zealand,Oceania,1600,Mile,Turf,Tauranga Hack Plate,RTI,4,Local,,-37.6861,176.167
Tauranga,New Zealand,Oceania,2100,Medium,Turf,Tauranga Hack Plate,RTI,4,Local,,-37.6861,176.167
Tauranga,New Zealand,Oceania,1400,Sprint,Turf,Craigs Investment Partners (BM65),RTI,4,Local,,-37.6861,176.167
Arawa Park,New Zealand,Oceania,2200,Medium,Turf,Rotorua Cup,RRC,3,G3,,-38.1517,176.2464
Arawa Park,New Zealand,Oceania,1400,Sprint,Turf,Rotorua Stakes,RRC,3,G3,,-38.1517,176.2464
Arawa Park,New Zealand,Oceania,1215,Sprint,Turf,Sweynesse Stakes,RRC,3,G3,,-38.1517,176.2464
Arawa Park,New Zealand,Oceania,1950,Medium,Turf,Rotorua ITM 1950,RRC,4,Local,,-38.1517,176.2464
Arawa Park,New Zealand,Oceania,1560,Mile,Turf,Arawa Park Hotel Rotorua 1560,RRC,4,Local,,-38.1517,176.2464
Arawa Park,New Zealand,Oceania,1100,Sprint,Turf,Waitomo Fuels 1100,RRC,4,Local,,-38.1517,176.2464
Arawa Park,New Zealand,Oceania,1210,Sprint,Turf,Waitomo Fuels 1210,RRC,4,Local,,-38.1517,176.2464
Arawa Park,New Zealand,Oceania,1230,Sprint,Turf,Waitomo Fuels 1230,RRC,4,Local,,-38.1517,176.2464
Arawa Park,New Zealand,Oceania,1560,Mile,Turf,Waitomo Fuels 1560,RRC,4,Local,,-38.1517,176.2464
Arawa Park,New Zealand,Oceania,1950,Medium,Turf,Waitomo Fuels 1950,RRC,4,Local,,-38.1517,176.2464
Arawa Park,New Zealand,Oceania,1560,Mile,Turf,The Rotorua Club,RRC,4,Local,,-38.1517,176.2464
Arawa Park,New Zealand,Oceania,1400,Sprint,Turf,Sherlock Contracting Maiden,RRC,4,Local,,-38.1517,176.2464
Arawa Park,New Zealand,Oceania,1400,Sprint,Turf,Entain/NZB Insurance Pearl Series Maiden,RRC,4,Local,,-38.1517,176.2464
Arawa Park,New Zealand,Oceania,1400,Sprint,Turf,Rotorua Club Plate,RRC,4,Local,,-38.1517,176.2464
Arawa Park,New Zealand,Oceania,1560,Mile,Turf,Rotorua Club Plate,RRC,4,Local,,-38.1517,176.2464
Arawa Park,New Zealand,Oceania,1150,Sprint,Turf,Maiden Races,RRC,4,Local,,-38.1517,176.2464
Arawa Park,New Zealand,Oceania,1215,Sprint,Turf,Maiden Races,RRC,4,Local,,-38.1517,176.2464
Arawa Park,New Zealand,Oceania,1230,Sprint,Turf,Maiden Races,RRC,4,Local,,-38.1517,176.2464
Arawa Park,New Zealand,Oceania,1400,Sprint,Turf,Maiden Races,RRC,4,Local,,-38.1517,176.2464
Arawa Park,New Zealand,Oceania,1560,Mile,Turf,Maiden Races,RRC,4,Local,,-38.1517,176.2464
Arawa Park,New Zealand,Oceania,1950,Medium,Turf,Maiden Races,RRC,4,Local,,-38.1517,176.2464
Arawa Park,New Zealand,Oceania,2200,Medium,Turf,Maiden Races,RRC,4,Local,,-38.1517,176.2464
Arawa Park,New Zealand,Oceania,1600,Mile,Turf,Rating 60 Handicap,RRC,4,Local,,-38.1517,176.2464
Arawa Park,New Zealand,Oceania,1215,Sprint,Turf,Benchmark 65 Handicap,RRC,4,Local,,-38.1517,176.2464
Arawa Park,New Zealand,Oceania,1400,Sprint,Turf,Benchmark 65 Handicap,RRC,4,Local,,-38.1517,176.2464
Arawa Park,New Zealand,Oceania,2200,Medium,Turf,Benchmark 65 Handicap,RRC,4,Local,,-38.1517,176.2464
Arawa Park,New Zealand,Oceania,1230,Sprint,Turf,Benchmark 75 Handicap,RRC,4,Local,,-38.1517,176.2464
Arawa Park,New Zealand,Oceania,1560,Mile,Turf,Benchmark 75 Handicap,RRC,4,Local,,-38.1517,176.2464
Arawa Park,New Zealand,Oceania,1230,Sprint,Turf,Lance Lawson 3YO Maiden,RRC,4,Local,,-38.1517,176.2464
Arawa Park,New Zealand,Oceania,1400,Sprint,Turf,Lance Lawson 3YO Maiden,RRC,4,Local,,-38.1517,176.2464
Arawa Park,New Zealand,Oceania,1950,Medium,Turf,Lance Lawson 3YO Maiden,RRC,4,Local,,-38.1517,176.2464
Arawa Park,New Zealand,Oceania,1950,Medium,Turf,Paula Short Memorial Handicap,RRC,4,Local,,-38.1517,176.2464
Arawa Park,New Zealand,Oceania,1950,Medium,Turf,Campbell Infrastructure Maiden,RRC,4,Local,,-38.1517,176.2464
Arawa Park,New Zealand,Oceania,1215,Sprint,Turf,Macmillan Accountants 3YO Plate,RRC,4,Local,,-38.1517,176.2464
Arawa Park,New Zealand,Oceania,1230,Sprint,Turf,Macmillan Accountants 3YO Open,RRC,4,Local,,-38.1517,176.2464
Arawa Park,New Zealand,Oceania,1560,Mile,Turf,Macmillan Accountants 1560,RRC,4,Local,,-38.1517,176.2464
Arawa Park,New Zealand,Oceania,1950,Medium,Turf,Macmillan Accountants 1950,RRC,4,Local,,-38.1517,176.2464
Arawa Park,New Zealand,Oceania,1215,Sprint,Turf,Donna Fleming Memorial Handicap,RRC,4,Local,,-38.1517,176.2464
Arawa Park,New Zealand,Oceania,1400,Sprint,Turf,Van Dyks 3YO 1400,RRC,4,Local,,-38.1517,176.2464
Ruakaka,New Zealand,Oceania,1200,Sprint,Turf,Northland Breeders' Stakes,WRC,3,G3,,-35.90818,174.45019
Ruakaka,New Zealand,Oceania,1200,Sprint,Turf,ITM/GIB Northern Region Winter Championship Finals,WRC,4,Local,,-35.90818,174.45019
Ruakaka,New Zealand,Oceania,1400,Sprint,Turf,ITM/GIB Northern Region Winter Championship Finals,WRC,4,Local,,-35.90818,174.45019
Ruakaka,New Zealand,Oceania,1600,Mile,Turf,ITM/GIB Northern Region Winter Championship Finals,WRC,4,Local,,-35.90818,174.45019
Ruakaka,New Zealand,Oceania,2100,Medium,Turf,ITM/GIB Northern Region Winter Championship Finals,WRC,4,Local,,-35.90818,174.45019
Ruakaka,New Zealand,Oceania,1600,Mile,Turf,Aotea Electric Northland,WRC,4,Local,,-35.90818,174.45019
Ruakaka,New Zealand,Oceania,1200,Sprint,Turf,Hirepool 1200,WRC,4,Local,,-35.90818,174.45019
Ruakaka,New Zealand,Oceania,1400,Sprint,Turf,Kamo Club 1400,WRC,4,Local,,-35.90818,174.45019
Ruakaka,New Zealand,Oceania,1400,Sprint,Turf,Whangaripo Valley Free Range Egg Cup,WRC,4,Local,,-35.90818,174.45019
Ruakaka,New Zealand,Oceania,1400,Sprint,Turf,Benchmark 65 Handicap,WRC,4,Local,,-35.90818,174.45019
Ruakaka,New Zealand,Oceania,2100,Medium,Turf,Benchmark 65 Handicap,WRC,4,Local,,-35.90818,174.45019
Ruakaka,New Zealand,Oceania,1600,Mile,Turf,3YO+ Maiden Set Weights,WRC,4,Local,,-35.90818,174.45019
Ruakaka,New Zealand,Oceania,2100,Medium,Turf,3YO+ Maiden Set Weights,WRC,4,Local,,-35.90818,174.45019
Ruakaka,New Zealand,Oceania,1200,Sprint,Turf,Open Entry Flat Races,WRC,4,Local,,-35.90818,174.45019
Ruakaka,New Zealand,Oceania,1400,Sprint,Turf,Open Entry Flat Races,WRC,4,Local,,-35.90818,174.45019
Ruakaka,New Zealand,Oceania,1600,Mile,Turf,Open Entry Flat Races,WRC,4,Local,,-35.90818,174.45019
Ruakaka,New Zealand,Oceania,2100,Medium,Turf,Open Entry Flat Races,WRC,4,Local,,-35.90818,174.45019
Ruakaka,New Zealand,Oceania,2100,Medium,Turf,Whangarei Gold Cup,WRC,4,Local,,-35.90818,174.45019
Ruakaka,New Zealand,Oceania,2100,Medium,Turf,Northland Cup,WRC,4,Local,,-35.90818,174.45019
Ruakaka,New Zealand,Oceania,2100,Medium,Turf,Kerikeri Cup,WRC,4,Local,,-35.90818,174.45019
Ruakaka,New Zealand,Oceania,2200,Medium,Turf,Lion Red Handicap,WRC,4,Local,,-35.90818,174.45019
Hawera,New Zealand,Oceania,1400,Sprint,Turf,Taranaki Breeders' Stakes,ERC,3,G3,,-39.59167,174.28333
Hawera,New Zealand,Oceania,1400,Sprint,Turf,Waikato Stud Opunake Cup,ERC,4,Local,,-39.59167,174.28333
Hawera,New Zealand,Oceania,2100,Medium,Turf,Foxton New World Foxton Cup,ERC,4,Local,,-39.59167,174.28333
Hawera,New Zealand,Oceania,2100,Medium,Turf,Open Flat Races,ERC,4,Local,,-39.59167,174.28333
Hawera,New Zealand,Oceania,1200,Sprint,Turf,Rating 60 Handicap,ERC,4,Local,,-39.59167,174.28333
Hawera,New Zealand,Oceania,1400,Sprint,Turf,Rating 60 Handicap,ERC,4,Local,,-39.59167,174.28333
Hawera,New Zealand,Oceania,2100,Medium,Turf,Rating 60 Handicap,ERC,4,Local,,-39.59167,174.28333
Hawera,New Zealand,Oceania,1400,Sprint,Turf,Rating 65 Handicap,ERC,4,Local,,-39.59167,174.28333
Hawera,New Zealand,Oceania,1600,Mile,Turf,Rating 65 Handicap,ERC,4,Local,,-39.59167,174.28333
Hawera,New Zealand,Oceania,2100,Medium,Turf,Rating 65 Handicap,ERC,4,Local,,-39.59167,174.28333
Hawera,New Zealand,Oceania,1200,Sprint,Turf,Rating 75 Handicap,ERC,4,Local,,-39.59167,174.28333
Hawera,New Zealand,Oceania,1600,Mile,Turf,Rating 75 Handicap,ERC,4,Local,,-39.59167,174.28333
Hawera,New Zealand,Oceania,2100,Medium,Turf,Rating 75 Handicap,ERC,4,Local,,-39.59167,174.28333
Hawera,New Zealand,Oceania,1200,Sprint,Turf,Maiden Races,ERC,4,Local,,-39.59167,174.28333
Hawera,New Zealand,Oceania,1400,Sprint,Turf,Maiden Races,ERC,4,Local,,-39.59167,174.28333
Hawera,New Zealand,Oceania,1600,Mile,Turf,Maiden Races,ERC,4,Local,,-39.59167,174.28333
Hawera,New Zealand,Oceania,1400,Sprint,Turf,Egmont Racing Club Cockies Day,ERC,4,Local,,-39.59167,174.28333
Hawera,New Zealand,Oceania,1200,Sprint,Turf,Open Handicap,ERC,4,Local,,-39.59167,174.28333
Hawera,New Zealand,Oceania,1400,Sprint,Turf,Open Handicap,ERC,4,Local,,-39.59167,174.28333
Hawera,New Zealand,Oceania,2100,Medium,Turf,Open Handicap,ERC,4,Local,,-39.59167,174.28333
Hawera,New Zealand,Oceania,2100,Medium,Turf,Jumpers Flat,ERC,4,Local,,-39.59167,174.28333
Hawera,New Zealand,Oceania,1200,Sprint,Turf,Maiden Set Weight With Allowances,ERC,4,Local,,-39.59167,174.28333
Hawera,New Zealand,Oceania,1400,Sprint,Turf,Maiden Set Weight With Allowances,ERC,4,Local,,-39.59167,174.28333
Hawera,New Zealand,Oceania,1600,Mile,Turf,Maiden Set Weight With Allowances,ERC,4,Local,,-39.59167,174.28333
Hawera,New Zealand,Oceania,2100,Medium,Turf,Maiden Set Weight With Allowances,ERC,4,Local,,-39.59167,174.28333
Ashburton,New Zealand,Oceania,1400,Sprint,Turf,Barneswood Farm Stakes,ARC,3,G3,,-43.88569,171.76556
Ashburton,New Zealand,Oceania,1200,Sprint,Turf,NZB Mega Maiden Series,ARC,4,Local,,-43.88569,171.76556
Ashburton,New Zealand,Oceania,1400,Sprint,Turf,Entain/NZB Insurance Pearl Series Maiden F&M,ARC,4,Local,,-43.88569,171.76556
Ashburton,New Zealand,Oceania,1600,Mile,Turf,Pink Ribbon Breakfast Maiden,ARC,4,Local,,-43.88569,171.76556
Ashburton,New Zealand,Oceania,2200,Medium,Turf,Hygain Stayers Challenge Maiden,ARC,4,Local,,-43.88569,171.76556
Ashburton,New Zealand,Oceania,1200,Sprint,Turf,Jan Hay (BM75),ARC,4,Local,,-43.88569,171.76556
Ashburton,New Zealand,Oceania,1300,Sprint,Turf,Greg Jones Memorial Handicap,ARC,4,Local,,-43.88569,171.76556
Ashburton,New Zealand,Oceania,2200,Medium,Turf,Peter & Dawn Williams (BM65),ARC,4,Local,,-43.88569,171.76556
Ashburton,New Zealand,Oceania,1200,Sprint,Turf,Agraforum Growing Innovation (BM75),ARC,4,Local,,-43.88569,171.76556
Ashburton,New Zealand,Oceania,1400,Sprint,Turf,Agraforum Growing Innovation (BM75),ARC,4,Local,,-43.88569,171.76556
Ashburton,New Zealand,Oceania,1600,Mile,Turf,Agraforum Growing Innovation (BM75),ARC,4,Local,,-43.88569,171.76556
Ashburton,New Zealand,Oceania,1200,Sprint,Turf,Ashburton Trust Cup,ARC,4,Local,,-43.88569,171.76556
Ashburton,New Zealand,Oceania,1400,Sprint,Turf,Ray Coupland Stakes,ARC,4,Local,,-43.88569,171.76556
Ashburton,New Zealand,Oceania,1200,Sprint,Turf,Open Entry Flat Races,ARC,4,Local,,-43.88569,171.76556
Ashburton,New Zealand,Oceania,1600,Mile,Turf,Open Entry Flat Races,ARC,4,Local,,-43.88569,171.76556
Ashburton,New Zealand,Oceania,1600,Mile,Turf,David Walsh (BM75),ARC,4,Local,,-43.88569,171.76556
Ashburton,New Zealand,Oceania,1400,Sprint,Turf,Daniel Stackhouse (BM65),ARC,4,Local,,-43.88569,171.76556
Champ de Mars,Mauritius,Africa,1600,Mile,Turf,Barbe Cup,MTCJC,1,G1,,-20.1683,57.5058
Champ de Mars,Mauritius,Africa,1850,Medium,Turf,Mauritius Derby Cup,MTCJC,1,G1,,-20.1683,57.5058
Champ de Mars,Mauritius,Africa,1400,Sprint,Turf,Princess Margaret Cup,MTCJC,1,G1,,-20.1683,57.5058
Champ de Mars,Mauritius,Africa,2400,Long,Turf,Maiden Cup,MTCJC,1,G1,,-20.1683,57.5058
Champ de Mars,Mauritius,Africa,1600,Mile,Turf,Duke of York Cup,MTCJC,1,G1,,-20.1683,57.5058
Champ de Mars,Mauritius,Africa,1400,Sprint,Turf,Duchess of York Cup,MTCJC,2,G2,,-20.1683,57.5058
Champ de Mars,Mauritius,Africa,1600,Mile,Turf,Mauritius Guineas Cup,MTCJC,2,G2,,-20.1683,57.5058
Champ de Mars,Mauritius,Africa,990,Sprint,Turf,Lightning Cup,MTCJC,2,G2,,-20.1683,57.5058
Champ de Mars,Mauritius,Africa,1500,Mile,Turf,Bicentenary Cup,MTCJC,2,G2,,-20.1683,57.5058
Champ de Mars,Mauritius,Africa,2200,Medium,Turf,Golden Trophy,MTCJC,2,G2,,-20.1683,57.5058
Champ de Mars,Mauritius,Africa,1500,Mile,Turf,Colonel Draper Cup,MTCJC,2,G2,,-20.1683,57.5058
Champ de Mars,Mauritius,Africa,2100,Medium,Turf,La Coupe des Presidents,MTCJC,2,G2,,-20.1683,57.5058
Champ de Mars,Mauritius,Africa,990,Sprint,Turf,The Noble Salute Cup,MTCJC,3,G3,,-20.1683,57.5058
Champ de Mars,Mauritius,Africa,1500,Mile,Turf,La Coupe du Cent Cinquantenaire,MTCJC,3,G3,,-20.1683,57.5058
Champ de Mars,Mauritius,Africa,1400,Sprint,Turf,Mauritius Derby Trial Cup,MTCJC,3,G3,,-20.1683,57.5058
Champ de Mars,Mauritius,Africa,1850,Medium,Turf,Winter Stakes,MTCJC,3,G3,,-20.1683,57.5058
Champ de Mars,Mauritius,Africa,1400,Sprint,Turf,Hinterland Cup,MTCJC,3,G3,,-20.1683,57.5058
Champ de Mars,Mauritius,Africa,2200,Medium,Turf,175th Anniversary Cup,MTCJC,3,G3,,-20.1683,57.5058
Champ de Mars,Mauritius,Africa,1500,Mile,Turf,Le Trophee du Bicentenaire du MTC,MTCJC,2,G2,,-20.1683,57.5058
Champ de Mars,Mauritius,Africa,990,Sprint,Turf,J. Serge Henry Trophy,MTCJC,4,Local,,-20.1683,57.5058
Champ de Mars,Mauritius,Africa,1450,Mile,Turf,The Sohodeb Family Cup,MTCJC,4,Local,,-20.1683,57.5058
Champ de Mars,Mauritius,Africa,1450,Mile,Turf,Ocean Drive South Cup,MTCJC,4,Local,,-20.1683,57.5058
Champ de Mars,Mauritius,Africa,1365,Sprint,Turf,Sachin Sohodeb Memorial Cup,MTCJC,4,Local,,-20.1683,57.5058
Champ de Mars,Mauritius,Africa,1400,Sprint,Turf,The Balrup Family Cup,MTCJC,4,Local,,-20.1683,57.5058
Champ de Mars,Mauritius,Africa,1365,Sprint,Turf,The Fashion Heights 10th Anniversary Celio Cup,MTCJC,4,Local,,-20.1683,57.5058
Champ de Mars,Mauritius,Africa,1365,Sprint,Turf,The Etam Group Cup,MTCJC,4,Local,,-20.1683,57.5058
Borrowdale,Zimbabwe,Africa,1600,Mile,Turf,Castle Tankard,MTC,1,G1,,-17.78101,31.08865
Borrowdale,Zimbabwe,Africa,1800,Mile,Turf,OK Grand Challenge,MTC,2,G2,,-17.78101,31.08865
Borrowdale,Zimbabwe,Africa,1600,Mile,Turf,Zimbabwe Guineas,MTC,3,G3,,-17.78101,31.08865
Borrowdale,Zimbabwe,Africa,2000,Medium,Turf,Zimbabwe 2000,MTC,3,G3,,-17.78101,31.08865
Borrowdale,Zimbabwe,Africa,2400,Long,Turf,Zimbabwe Derby,MTC,3,G3,,-17.78101,31.08865
Borrowdale,Zimbabwe,Africa,1900,Medium,Turf,Republic Cup,MTC,3,G3,,-17.78101,31.08865
Borrowdale,Zimbabwe,Africa,1200,Sprint,Turf,Champion Juvenile Stakes,MTC,3,G3,,-17.78101,31.08865
Borrowdale,Zimbabwe,Africa,1200,Sprint,Turf,HRIB Gold Cup Sprint,MTC,3,G3,,-17.78101,31.08865
Borrowdale,Zimbabwe,Africa,1600,Mile,Turf,Fillies Classic,MTC,4,Local,,-17.78101,31.08865
Borrowdale,Zimbabwe,Africa,1800,Mile,Turf,Silver Slipper,MTC,4,Local,,-17.78101,31.08865
Borrowdale,Zimbabwe,Africa,2000,Medium,Turf,Zimbabwe Oaks,MTC,4,Local,,-17.78101,31.08865
Borrowdale,Zimbabwe,Africa,1100,Sprint,Turf,Hachiman Sprint,MTC,4,Local,,-17.78101,31.08865
Borrowdale,Zimbabwe,Africa,1450,Mile,Turf,Zimbabwe Challenge,MTC,4,Local,,-17.78101,31.08865
Borrowdale,Zimbabwe,Africa,1450,Mile,Turf,ProWeb International Women's Day Cup,MTC,4,Local,,-17.78101,31.08865
Borrowdale,Zimbabwe,Africa,1600,Mile,Turf,Independence Trophy,MTC,4,Local,,-17.78101,31.08865
Borrowdale,Zimbabwe,Africa,1600,Mile,Turf,MWOS Ipi Tombe Stakes,MTC,4,Local,,-17.78101,31.08865
Borrowdale,Zimbabwe,Africa,2000,Medium,Turf,Breeders Champion Cup,MTC,4,Local,,-17.78101,31.08865
Borrowdale,Zimbabwe,Africa,1260,Sprint,Turf,Sable Flyers,MTC,4,Local,,-17.78101,31.08865
Borrowdale,Zimbabwe,Africa,1100,Sprint,Turf,Pinnacle Plates,MTC,4,Local,,-17.78101,31.08865
Borrowdale,Zimbabwe,Africa,1200,Sprint,Turf,Pinnacle Plates,MTC,4,Local,,-17.78101,31.08865
Borrowdale,Zimbabwe,Africa,1600,Mile,Turf,Pinnacle Plates,MTC,4,Local,,-17.78101,31.08865
Borrowdale,Zimbabwe,Africa,1700,Mile,Turf,Pinnacle Plates,MTC,4,Local,,-17.78101,31.08865
Borrowdale,Zimbabwe,Africa,1900,Medium,Turf,Pinnacle Plates,MTC,4,Local,,-17.78101,31.08865
Borrowdale,Zimbabwe,Africa,1800,Mile,Turf,National Foods Cup,MTC,4,Local,,-17.78101,31.08865
Borrowdale,Zimbabwe,Africa,1800,Mile,Turf,Champion Fillies Stakes,MTC,4,Local,,-17.78101,31.08865
Borrowdale,Zimbabwe,Africa,1260,Sprint,Turf,Novice/Allowance Plates,MTC,4,Local,,-17.78101,31.08865
Borrowdale,Zimbabwe,Africa,1450,Mile,Turf,Novice/Allowance Plates,MTC,4,Local,,-17.78101,31.08865
Borrowdale,Zimbabwe,Africa,1500,Mile,Turf,Novice/Allowance Plates,MTC,4,Local,,-17.78101,31.08865
Borrowdale,Zimbabwe,Africa,1100,Sprint,Turf,Graduation Plates,MTC,4,Local,,-17.78101,31.08865
Borrowdale,Zimbabwe,Africa,1200,Sprint,Turf,Graduation Plates,MTC,4,Local,,-17.78101,31.08865
Borrowdale,Zimbabwe,Africa,1500,Mile,Turf,Graduation Plates,MTC,4,Local,,-17.78101,31.08865
Borrowdale,Zimbabwe,Africa,1200,Sprint,Turf,Merit Rated (MR) Handicaps,MTC,4,Local,,-17.78101,31.08865
Borrowdale,Zimbabwe,Africa,1600,Mile,Turf,Merit Rated (MR) Handicaps,MTC,4,Local,,-17.78101,31.08865
Borrowdale,Zimbabwe,Africa,1800,Mile,Turf,Merit Rated (MR) Handicaps,MTC,4,Local,,-17.78101,31.08865
Borrowdale,Zimbabwe,Africa,1900,Medium,Turf,Merit Rated (MR) Handicaps,MTC,4,Local,,-17.78101,31.08865
Borrowdale,Zimbabwe,Africa,2000,Medium,Turf,Merit Rated (MR) Handicaps,MTC,4,Local,,-17.78101,31.08865
Borrowdale,Zimbabwe,Africa,2200,Medium,Turf,Merit Rated (MR) Handicaps,MTC,4,Local,,-17.78101,31.08865
Borrowdale,Zimbabwe,Africa,1200,Sprint,Turf,Maiden Plates,MTC,4,Local,,-17.78101,31.08865
Borrowdale,Zimbabwe,Africa,1260,Sprint,Turf,Maiden Plates,MTC,4,Local,,-17.78101,31.08865
Borrowdale,Zimbabwe,Africa,1600,Mile,Turf,Maiden Plates,MTC,4,Local,,-17.78101,31.08865
Borrowdale,Zimbabwe,Africa,1800,Mile,Turf,Maiden Plates,MTC,4,Local,,-17.78101,31.08865
Turffontein,South Africa,Africa,1400,Sprint,Turf,Three Troikas Stakes,4Racing,3,G3,,-26.238056,28.046944
Turffontein,South Africa,Africa,1400,Sprint,Turf,Tony Ruffel Stakes,4Racing,3,G3,,-26.238056,28.046944
Turffontein,South Africa,Africa,1800,Mile,Turf,London News Stakes,4Racing,3,G3,,-26.238056,28.046944
Turffontein,South Africa,Africa,1800,Mile,Turf,Sea Cottage Stakes,4Racing,3,G3,,-26.238056,28.046944
Turffontein,South Africa,Africa,1000,Sprint,Turf,Timmy Hotspur Handicap,4Racing,3,G3,,-26.238056,28.046944
Turffontein,South Africa,Africa,1600,Mile,Turf,Gauteng Fillies Guineas,4Racing,2,G2,,-26.238056,28.046944
Turffontein,South Africa,Africa,1600,Mile,Turf,Gauteng Guineas,4Racing,2,G2,,-26.238056,28.046944
Turffontein,South Africa,Africa,1400,Sprint,Turf,Hawaii Stakes,4Racing,2,G2,,-26.238056,28.046944
Turffontein,South Africa,Africa,1800,Mile,Turf,SA Fillies Calssic,4Racing,1,G1,,-26.238056,28.046944
Turffontein,South Africa,Africa,1800,Mile,Turf,SA Classic,4Racing,1,G1,,-26.238056,28.046944
Turffontein,South Africa,Africa,1600,Mile,Turf,Acacia Stakes,4Racing,3,G3,,-26.238056,28.046944
Turffontein,South Africa,Africa,1160,Sprint,Turf,Senor Santa Stakes,4Racing,2,G2,,-26.238056,28.046944
Turffontein,South Africa,Africa,1160,Sprint,Turf,Sycamore Sprint,4Racing,3,G3,,-26.238056,28.046944
Turffontein,South Africa,Africa,1100,Sprint,Turf,Protea Stakes,4Racing,3,G3,,-26.238056,28.046944
Turffontein,South Africa,Africa,1100,Sprint,Turf,Pretty Polly Stakes,4Racing,3,G3,,-26.238056,28.046944
Turffontein,South Africa,Africa,2000,Medium,Turf,Colorado King Stakes,4Racing,2,G2,,-26.238056,28.046944
Turffontein,South Africa,Africa,1100,Sprint,Turf,Man o' War Sprint,4Racing,3,G3,,-26.238056,28.046944
Turffontein,South Africa,Africa,1600,Mile,Turf,H. F. Oppenheimer Horse Chestnut Stakes,4Racing,1,G1,,-26.238056,28.046944
Turffontein,South Africa,Africa,2450,Long,Turf,SA Oaks,4Racing,1,G1,,-26.238056,28.046944
Turffontein,South Africa,Africa,2450,Long,Turf,SA Derby,4Racing,1,G1,,-26.238056,28.046944
Turffontein,South Africa,Africa,2850,Long,Turf,Caradoc Gold Cup,4Racing,3,G3,,-26.238056,28.046944
Turffontein,South Africa,Africa,1600,Mile,Turf,Empress Club Stakes,4Racing,1,G1,,-26.238056,28.046944
Turffontein,South Africa,Africa,1160,Sprint,Turf,SA Fillies Nursery,4Racing,2,G2,,-26.238056,28.046944
Turffontein,South Africa,Africa,1160,Sprint,Turf,SA Nursery,4Racing,2,G2,,-26.238056,28.046944
Turffontein,South Africa,Africa,1160,Sprint,Turf,Camellia Stakes,4Racing,2,G2,,-26.238056,28.046944
Turffontein,South Africa,Africa,1000,Sprint,Turf,Computaform Sprint,4Racing,1,G1,,-26.238056,28.046944
Turffontein,South Africa,Africa,2000,Medium,Turf,Premier's Champions Challenge,4Racing,1,G1,,-26.238056,28.046944
Turffontein,South Africa,Africa,2000,Medium,Turf,Gerald Rosenberg Stakes,4Racing,2,G2,,-26.238056,28.046944
Turffontein,South Africa,Africa,3200,Long,Turf,Gold Bowl,4Racing,3,G3,,-26.238056,28.046944
Turffontein,South Africa,Africa,1800,Mile,Turf,Jubilee Stakes,4Racing,3,G3,,-26.238056,28.046944
Turffontein,South Africa,Africa,1450,Mile,Turf,Joburg Spring Fillies & Mares Challenge,4Racing,2,G2,,-26.238056,28.046944
Turffontein,South Africa,Africa,1450,Mile,Turf,Joburg Spring Challenge,4Racing,2,G2,,-26.238056,28.046944
Turffontein,South Africa,Africa,1400,Sprint,Turf,Starling Stakes,4Racing,3,G3,,-26.238056,28.046944
Turffontein,South Africa,Africa,1400,Sprint,Turf,Graham Beck Stakes,4Racing,3,G3,,-26.238056,28.046944
Turffontein,South Africa,Africa,1600,Mile,Turf,Onamission Mile,4Racing,2,G2,,-26.238056,28.046944
Turffontein,South Africa,Africa,1800,Mile,Turf,Yellowwood Handicap,4Racing,3,G3,,-26.238056,28.046944
Turffontein,South Africa,Africa,1800,Mile,Turf,Victory Moon Stakes,4Racing,3,G3,,-26.238056,28.046944
Turffontein,South Africa,Africa,1600,Mile,Turf,Fillies Mile,4Racing,3,G3,,-26.238056,28.046944
Turffontein,South Africa,Africa,1160,Sprint,Turf,Magnolia Handicap,4Racing,3,G3,,-26.238056,28.046944
Turffontein,South Africa,Africa,1160,Sprint,Turf,The Merchants,4Racing,2,G2,,-26.238056,28.046944
Turffontein,South Africa,Africa,1600,Mile,Turf,Dingaans,4Racing,2,G2,,-26.238056,28.046944
Turffontein,South Africa,Africa,2000,Medium,Turf,Summer Cup,4Racing,1,G1,,-26.238056,28.046944
Turffontein,South Africa,Africa,1600,Mile,Turf,Ipi Tombe Challenge,4Racing,2,G2,,-26.238056,28.046944
Turffontein,South Africa,Africa,1000,Sprint,Turf,Lebelo Sprint,4Racing,3,G3,,-26.238056,28.046944
Turffontein,South Africa,Africa,1160,Sprint,Turf,4Racing SA Sales Cup (Fillies),4Racing,4,Local,,-26.238056,28.046944
Turffontein,South Africa,Africa,1160,Sprint,Turf,4Racing SA Sales Cup,4Racing,4,Local,,-26.238056,28.046944
Turffontein,South Africa,Africa,1400,Sprint,Turf,Betway Secretariat Stakes,4Racing,4,Local,,-26.238056,28.046944
Turffontein,South Africa,Africa,1800,Mile,Turf,Singapore Pools Trophy Pinnacle Stakes,4Racing,4,Local,,-26.238056,28.046944
Turffontein,South Africa,Africa,1400,Sprint,Turf,TAB Telebet 011 074 0300 Pinnacle Stakes,4Racing,4,Local,,-26.238056,28.046944
Turffontein,South Africa,Africa,1000,Sprint,Turf,Allied Steelrode Golden Loom Handicap,4Racing,4,Local,,-26.238056,28.046944
Turffontein,South Africa,Africa,1600,Mile,Turf,Allied Steelrode Yellowwood Handicap,4Racing,4,Local,,-26.238056,28.046944
Turffontein,South Africa,Africa,1800,Mile,Turf,Allied Steelrode Yellowwood Handicap,4Racing,4,Local,,-26.238056,28.046944
Turffontein,South Africa,Africa,2400,Long,Turf,Allied Steelrode Java Stakes,4Racing,4,Local,,-26.238056,28.046944
Turffontein,South Africa,Africa,2600,Long,Turf,Allied Steelrode Java Stakes,4Racing,4,Local,,-26.238056,28.046944
Turffontein,South Africa,Africa,1000,Sprint,Turf,4Racing Welcomes You Maiden Juvenile Plate,4Racing,4,Local,,-26.238056,28.046944
Turffontein,South Africa,Africa,1400,Sprint,Turf,Happy Mother's Day Maiden Plate,4Racing,4,Local,,-26.238056,28.046944
Turffontein,South Africa,Africa,1160,Sprint,Turf,Middle Stakes,4Racing,4,Local,,-26.238056,28.046944
Turffontein,South Africa,Africa,1600,Mile,Turf,Middle Stakes,4Racing,4,Local,,-26.238056,28.046944
Turffontein,South Africa,Africa,1400,Sprint,Turf,Mr 80/96 Handicaps,4Racing,4,Local,,-26.238056,28.046944
Turffontein,South Africa,Africa,1600,Mile,Turf,Mr 80/96 Handicaps,4Racing,4,Local,,-26.238056,28.046944
Turffontein,South Africa,Africa,1800,Mile,Turf,Mr 80/96 Handicaps,4Racing,4,Local,,-26.238056,28.046944
Turffontein,South Africa,Africa,1000,Sprint,Turf,Storm Bird Stakes,4Racing,4,Local,,-26.238056,28.046944
Turffontein,South Africa,Africa,1000,Sprint,Turf,Ruffian Stakes,4Racing,4,Local,,-26.238056,28.046944
Turffontein,South Africa,Africa,2000,Medium,Turf,Hawwaam Stakes,4Racing,4,Local,,-26.238056,28.046944
Turffontein,South Africa,Africa,2400,Long,Turf,Aquanaut Handicap,4Racing,4,Local,,-26.238056,28.046944
Turffontein,South Africa,Africa,1000,Sprint,Turf,Maiden Juvenile Plate,4Racing,4,Local,,-26.238056,28.046944
Turffontein,South Africa,Africa,1400,Sprint,Turf,Pinnacle Stakes,4Racing,4,Local,,-26.238056,28.046944
Turffontein,South Africa,Africa,1800,Mile,Turf,Pinnacle Stakes,4Racing,4,Local,,-26.238056,28.046944
Kenilworth,South Africa,Africa,1200,Sprint,Turf,Sceptre Stakes,Cape Racing,2,G2,,-33.998611,18.479722
Kenilworth,South Africa,Africa,1800,Mile,Turf,Premier Trophy,Cape Racing,2,G2,,-33.998611,18.479722
Kenilworth,South Africa,Africa,1800,Mile,Turf,Paddock Stakes,Cape Racing,1,G1,,-33.998611,18.479722
Kenilworth,South Africa,Africa,1600,Mile,Turf,Queen's Plate,Cape Racing,1,G1,,-33.998611,18.479722
Kenilworth,South Africa,Africa,2500,Long,Turf,Chairman's Cup,Cape Racing,3,G3,,-33.998611,18.479722
Kenilworth,South Africa,Africa,1800,Mile,Turf,Politician Stakes,Cape Racing,3,G3,,-33.998611,18.479722
Kenilworth,South Africa,Africa,1000,Sprint,Turf,Cape Flying Championship,Cape Racing,1,G1,,-33.998611,18.479722
Kenilworth,South Africa,Africa,1600,Mile,Turf,Majorca Stakes,Cape Racing,1,G1,,-33.998611,18.479722
Kenilworth,South Africa,Africa,2000,Medium,Turf,Cape Town Met,Cape Racing,1,G1,,-33.998611,18.479722
Kenilworth,South Africa,Africa,2800,Long,Turf,Western Cape Stayers,Cape Racing,2,G2,,-33.998611,18.479722
Kenilworth,South Africa,Africa,1200,Sprint,Turf,Cape of Good Hope Nursery,Cape Racing,3,G3,,-33.998611,18.479722
Kenilworth,South Africa,Africa,1200,Sprint,Turf,Kenilworth Fillies Nursery,Cape Racing,3,G3,,-33.998611,18.479722
Kenilworth,South Africa,Africa,1200,Sprint,Turf,Diadem Stakes,Cape Racing,2,G2,,-33.998611,18.479722
Kenilworth,South Africa,Africa,2000,Medium,Turf,Cape Derby,Cape Racing,1,G1,,-33.998611,18.479722
Kenilworth,South Africa,Africa,1400,Sprint,Turf,Prix du Cap,Cape Racing,3,G3,,-33.998611,18.479722
Kenilworth,South Africa,Africa,1600,Mile,Turf,Variety Club Mile,Cape Racing,3,G3,,-33.998611,18.479722
Kenilworth,South Africa,Africa,1800,Mile,Turf,Legal Eagle Stakes,Cape Racing,3,G3,,-33.998611,18.479722
Kenilworth,South Africa,Africa,1500,Mile,Turf,Langerman,Cape Racing,3,G3,,-33.998611,18.479722
Kenilworth,South Africa,Africa,2400,Long,Turf,Pocket Power Stakes,Cape Racing,3,G3,,-33.998611,18.479722
Kenilworth,South Africa,Africa,1800,Mile,Turf,Final Fling Stakes,Cape Racing,3,G3,,-33.998611,18.479722
Kenilworth,South Africa,Africa,1200,Sprint,Turf,Champagne Stakes,Cape Racing,3,G3,,-33.998611,18.479722
Kenilworth,South Africa,Africa,1400,Sprint,Turf,Cape Classic,Cape Racing,3,G3,,-33.998611,18.479722
Kenilworth,South Africa,Africa,1600,Mile,Turf,Cape Mile,Cape Racing,3,G3,,-33.998611,18.479722
Kenilworth,South Africa,Africa,1400,Sprint,Turf,Western Cape Fillies Championship,Cape Racing,2,G2,,-33.998611,18.479722
Kenilworth,South Africa,Africa,1600,Mile,Turf,Cape Punters Cup,Cape Racing,2,G2,,-33.998611,18.479722
Kenilworth,South Africa,Africa,2500,Long,Turf,Cape Summer Stayers' Handicap,Cape Racing,3,G3,,-33.998611,18.479722
Kenilworth,South Africa,Africa,1000,Sprint,Turf,Southern Cross Stakes,Cape Racing,2,G2,,-33.998611,18.479722
Kenilworth,South Africa,Africa,1600,Mile,Turf,Green Point Stakes,Cape Racing,2,G2,,-33.998611,18.479722
Kenilworth,South Africa,Africa,1600,Mile,Turf,Cape Fillies Guineas,Cape Racing,1,G1,,-33.998611,18.479722
Kenilworth,South Africa,Africa,1200,Sprint,Turf,Cape Merchants,Cape Racing,2,G2,,-33.998611,18.479722
Kenilworth,South Africa,Africa,1600,Mile,Turf,Cape Guineas,Cape Racing,1,G1,,-33.998611,18.479722
Kenilworth,South Africa,Africa,1800,Mile,Turf,Peninsula Handicap,Cape Racing,2,G2,,-33.998611,18.479722
Kenilworth,South Africa,Africa,1800,Mile,Turf,Victress Stakes,Cape Racing,3,G3,,-33.998611,18.479722
Kenilworth,South Africa,Africa,1200,Sprint,Turf,Sophomore Sprint,Cape Racing,4,Local,,-33.998611,18.479722
Kenilworth,South Africa,Africa,1100,Sprint,Turf,Laisserfaire Stakes,Cape Racing,4,Local,,-33.998611,18.479722
Kenilworth,South Africa,Africa,1100,Sprint,Turf,Southeaster Sprint,Cape Racing,4,Local,,-33.998611,18.479722
Kenilworth,South Africa,Africa,1600,Mile,Turf,Ladies Mile,Cape Racing,4,Local,,-33.998611,18.479722
Kenilworth,South Africa,Africa,2000,Medium,Turf,Settlers Trophy,Cape Racing,4,Local,,-33.998611,18.479722
Kenilworth,South Africa,Africa,2400,Long,Turf,Settlers Trophy,Cape Racing,4,Local,,-33.998611,18.479722
Kenilworth,South Africa,Africa,2400,Long,Turf,Woolavington Stakes,Cape Racing,4,Local,,-33.998611,18.479722
Kenilworth,South Africa,Africa,1200,Sprint,Turf,Perfect Promise Sprint,Cape Racing,4,Local,,-33.998611,18.479722
Kenilworth,South Africa,Africa,2400,Long,Turf,Kenilworth Cup,Cape Racing,4,Local,,-33.998611,18.479722
Kenilworth,South Africa,Africa,1400,Sprint,Turf,Sweet Chestnut Stakes,Cape Racing,4,Local,,-33.998611,18.479722
Kenilworth,South Africa,Africa,1600,Mile,Turf,Jet Master Stakes,Cape Racing,4,Local,,-33.998611,18.479722
Kenilworth,South Africa,Africa,1600,Mile,Turf,Summer Bowl,Cape Racing,4,Local,,-33.998611,18.479722
Kenilworth,South Africa,Africa,1000,Sprint,Turf,Commonwealth Plate,Cape Racing,4,Local,,-33.998611,18.479722
Kenilworth,South Africa,Africa,1800,Mile,Turf,Lucky Fish Gates of Olympus C Stakes,Cape Racing,4,Local,,-33.998611,18.479722
Kenilworth,South Africa,Africa,1200,Sprint,Turf,RCS Mixed Sale Maiden Plate (F & M),Cape Racing,4,Local,,-33.998611,18.479722
Scottsville,South Africa,Africa,1400,Sprint,Turf,Umzimkhulu Stakes,Gold Circle Racing,3,G3,,-29.6268,30.4077
Scottsville,South Africa,Africa,1400,Sprint,Turf,Byerley Turk,Gold Circle Racing,3,G3,,-29.6268,30.4077
Scottsville,South Africa,Africa,1100,Sprint,Turf,Strelitzia Stakes,Gold Circle Racing,3,G3,,-29.6268,30.4077
Scottsville,South Africa,Africa,1100,Sprint,Turf,Godolphin Barb Stakes,Gold Circle Racing,3,G3,,-29.6268,30.4077
Scottsville,South Africa,Africa,1200,Sprint,Turf,Poinsettia Stakes,Gold Circle Racing,3,G3,,-29.6268,30.4077
Scottsville,South Africa,Africa,1200,Sprint,Turf,Allan Robertson Championship,Gold Circle Racing,1,G1,,-29.6268,30.4077
Scottsville,South Africa,Africa,1200,Sprint,Turf,Gold Medallion,Gold Circle Racing,1,G1,,-29.6268,30.4077
Scottsville,South Africa,Africa,1200,Sprint,Turf,SA Fillies Sprint,Gold Circle Racing,1,G1,,-29.6268,30.4077
Scottsville,South Africa,Africa,1200,Sprint,Turf,Golden Horse Sprint,Gold Circle Racing,1,G1,,-29.6268,30.4077
Scottsville,South Africa,Africa,2400,Long,Turf,Track and Ball Derby,Gold Circle Racing,3,G3,,-29.6268,30.4077
Scottsville,South Africa,Africa,2400,Long,Turf,Track and Ball Oaks,Gold Circle Racing,2,G2,,-29.6268,30.4077
Scottsville,South Africa,Africa,1000,Sprint,Turf,Tote For The Win Apprentice Maiden Plate,Gold Circle Racing,4,Local,,-29.6268,30.4077
Scottsville,South Africa,Africa,1200,Sprint,Turf,Tote For The Win Apprentice Maiden Plate,Gold Circle Racing,4,Local,,-29.6268,30.4077
Scottsville,South Africa,Africa,1000,Sprint,Turf,Tote Soccer Bets Maiden Juvenile Plate,Gold Circle Racing,4,Local,,-29.6268,30.4077
Scottsville,South Africa,Africa,1200,Sprint,Turf,Tote Soccer Bets Maiden Juvenile Plate,Gold Circle Racing,4,Local,,-29.6268,30.4077
Scottsville,South Africa,Africa,1000,Sprint,Turf,Bet With Tote Maiden Plate (F&M),Gold Circle Racing,4,Local,,-29.6268,30.4077
Scottsville,South Africa,Africa,1600,Mile,Turf,Bet With Tote Maiden Plate (F&M),Gold Circle Racing,4,Local,,-29.6268,30.4077
Scottsville,South Africa,Africa,1000,Sprint,Turf,Gallop TV Middle Stakes (F&M),Gold Circle Racing,4,Local,,-29.6268,30.4077
Scottsville,South Africa,Africa,1200,Sprint,Turf,Gallop TV Middle Stakes (F&M),Gold Circle Racing,4,Local,,-29.6268,30.4077
Scottsville,South Africa,Africa,1400,Sprint,Turf,Gallop TV Middle Stakes (F&M),Gold Circle Racing,4,Local,,-29.6268,30.4077
Scottsville,South Africa,Africa,1600,Mile,Turf,Gallop TV Middle Stakes (F&M),Gold Circle Racing,4,Local,,-29.6268,30.4077
Scottsville,South Africa,Africa,1750,Mile,Turf,Gallop TV Middle Stakes (F&M),Gold Circle Racing,4,Local,,-29.6268,30.4077
Scottsville,South Africa,Africa,1200,Sprint,Turf,MR 84 Handicap,Gold Circle Racing,4,Local,,-29.6268,30.4077
Scottsville,South Africa,Africa,1600,Mile,Turf,Kings Cup,Gold Circle Racing,4,Local,,-29.6268,30.4077
Scottsville,South Africa,Africa,1100,Sprint,Turf,In Full Flight Handicap,Gold Circle Racing,4,Local,,-29.6268,30.4077
Scottsville,South Africa,Africa,1600,Mile,Turf,Thekwini Stakes,Gold Circle Racing,4,Local,,-29.6268,30.4077
Scottsville,South Africa,Africa,1000,Sprint,Turf,Gallop TV B Stakes,Gold Circle Racing,4,Local,,-29.6268,30.4077
Scottsville,South Africa,Africa,1200,Sprint,Turf,Gallop TV B Stakes,Gold Circle Racing,4,Local,,-29.6268,30.4077
Scottsville,South Africa,Africa,1200,Sprint,Turf,Midlands Handicap,Gold Circle Racing,4,Local,,-29.6268,30.4077
Scottsville,South Africa,Africa,1750,Mile,Turf,The Scarlet Lady,Gold Circle Racing,4,Local,,-29.6268,30.4077
Scottsville,South Africa,Africa,1100,Sprint,Turf,The In Full Flight Stakes,Gold Circle Racing,4,Local,,-29.6268,30.4077
Scottsville,South Africa,Africa,1000,Sprint,Turf,The Kwazulu-Natal Stakes,Gold Circle Racing,4,Local,,-29.6268,30.4077
Scottsville,South Africa,Africa,1000,Sprint,Turf,Class 4/5 Handicaps,Gold Circle Racing,4,Local,,-29.6268,30.4077
Scottsville,South Africa,Africa,1750,Mile,Turf,Class 4/5 Handicaps,Gold Circle Racing,4,Local,,-29.6268,30.4077
Greyville,South Africa,Africa,1400,Sprint,Turf,Drill Hall Stakes,Gold Circle Racing,2,G2,,-29.844722,31.013889
Greyville,South Africa,Africa,1600,Mile,Turf,WSB Fillies Guineas,Gold Circle Racing,2,G2,,-29.844722,31.013889
Greyville,South Africa,Africa,1600,Mile,Turf,WSB Guineas,Gold Circle Racing,2,G2,,-29.844722,31.013889
Greyville,South Africa,Africa,1900,Medium,Turf,Greyville 1900,Gold Circle Racing,2,G2,,-29.844722,31.013889
Greyville,South Africa,Africa,2400,Long,Turf,Lonsdale Stirrup Cup,Gold Circle Racing,3,G3,,-29.844722,31.013889
Greyville,South Africa,Africa,2000,Medium,Turf,Woolavington 2000,Gold Circle Racing,1,G1,,-29.844722,31.013889
Greyville,South Africa,Africa,2000,Medium,Turf,Daily News 2000,Gold Circle Racing,1,G1,,-29.844722,31.013889
Greyville,South Africa,Africa,1800,Mile,Turf,Cup Trial,Gold Circle Racing,3,G3,,-29.844722,31.013889
Greyville,South Africa,Africa,1400,Sprint,Turf,Tibouchina Stakes,Gold Circle Racing,2,G2,,-29.844722,31.013889
Greyville,South Africa,Africa,1600,Mile,Turf,Gold Challenge,Gold Circle Racing,1,G1,,-29.844722,31.013889
Greyville,South Africa,Africa,2200,Medium,Turf,Vodacom 2200,Gold Circle Racing,3,G3,,-29.844722,31.013889
Greyville,South Africa,Africa,3000,Long,Turf,Gold Vase,Gold Circle Racing,3,G3,,-29.844722,31.013889
Greyville,South Africa,Africa,1400,Sprint,Turf,Golden Slipper,Gold Circle Racing,2,G2,,-29.844722,31.013889
Greyville,South Africa,Africa,1400,Sprint,Turf,Golden Horseshoe,Gold Circle Racing,2,G2,,-29.844722,31.013889
Greyville,South Africa,Africa,2200,Medium,Turf,Durban July,Gold Circle Racing,1,G1,,-29.844722,31.013889
Greyville,South Africa,Africa,1600,Mile,Turf,Garden Province Stakes,Gold Circle Racing,1,G1,,-29.844722,31.013889
Greyville,South Africa,Africa,1200,Sprint,Turf,Post Merchants,Gold Circle Racing,2,G2,,-29.844722,31.013889
Greyville,South Africa,Africa,1200,Sprint,Turf,The Debutante,Gold Circle Racing,3,G3,,-29.844722,31.013889
Greyville,South Africa,Africa,1200,Sprint,Turf,Umkhomzaki Stakes,Gold Circle Racing,2,G2,,-29.844722,31.013889
Greyville,South Africa,Africa,1600,Mile,Turf,Thekwini Stakes,Gold Circle Racing,1,G1,,-29.844722,31.013889
Greyville,South Africa,Africa,1600,Mile,Turf,Premier's Champion Stakes,Gold Circle Racing,1,G1,,-29.844722,31.013889
Greyville,South Africa,Africa,1200,Sprint,Turf,Mercury Sprint,Gold Circle Racing,1,G1,,-29.844722,31.013889
Greyville,South Africa,Africa,3200,Long,Turf,World Sports Betting Gold Cup,Gold Circle Racing,3,G3,,-29.844722,31.013889
Greyville,South Africa,Africa,1800,Mile,Turf,Champions Cup,Gold Circle Racing,1,G1,,-29.844722,31.013889
Greyville,South Africa,Africa,2000,Medium,Turf,Gold Bracelet,Gold Circle Racing,2,G2,,-29.844722,31.013889
Greyville,South Africa,Africa,1600,Mile,Turf,Flamboyant Stakes,Gold Circle Racing,3,G3,,-29.844722,31.013889
Greyville,South Africa,Africa,1600,Mile,Turf,Christmas Handicap,Gold Circle Racing,4,Local,,-29.844722,31.013889
Greyville,South Africa,Africa,1400,Sprint,Turf,Durban Then and Now Stakes,Gold Circle Racing,4,Local,,-29.844722,31.013889
Greyville,South Africa,Africa,1600,Mile,Turf,Durban Then and Now Stakes,Gold Circle Racing,4,Local,,-29.844722,31.013889
Greyville,South Africa,Africa,1000,Sprint,Turf,Gallop TV Open Maiden,Gold Circle Racing,4,Local,,-29.844722,31.013889
Greyville,South Africa,Africa,1400,Sprint,Turf,Gallop TV Open Maiden,Gold Circle Racing,4,Local,,-29.844722,31.013889
Greyville,South Africa,Africa,1000,Sprint,Synthetic,Gallop TV Open Maiden,Gold Circle Racing,4,Local,,-29.844722,31.013889
Greyville,South Africa,Africa,1400,Sprint,Synthetic,Gallop TV Open Maiden,Gold Circle Racing,4,Local,,-29.844722,31.013889
Greyville,South Africa,Africa,1400,Sprint,Turf,Bet With Tote Maiden Plate,Gold Circle Racing,4,Local,,-29.844722,31.013889
Greyville,South Africa,Africa,1400,Sprint,Turf,Middle Stakes (F & M),Gold Circle Racing,4,Local,,-29.844722,31.013889
Greyville,South Africa,Africa,1000,Sprint,Turf,Greyville Convention Centre C Stakes,Gold Circle Racing,4,Local,,-29.844722,31.013889
Greyville,South Africa,Africa,1200,Sprint,Turf,Lucky Fish Destiny Draw B Stakes,Gold Circle Racing,4,Local,,-29.844722,31.013889
Greyville,South Africa,Africa,1200,Sprint,Turf,Hollywoodbets Bright Future Class 5,Gold Circle Racing,4,Local,,-29.844722,31.013889
Greyville,South Africa,Africa,2300,Medium,Turf,tabGOLD Score 8 Middle Stakes,Gold Circle Racing,4,Local,,-29.844722,31.013889
Greyville,South Africa,Africa,1000,Sprint,Turf,Open Maiden,Gold Circle Racing,4,Local,,-29.844722,31.013889
Greyville,South Africa,Africa,1200,Sprint,Turf,Open Maiden,Gold Circle Racing,4,Local,,-29.844722,31.013889
Greyville,South Africa,Africa,1400,Sprint,Turf,Maiden Juvenile Plates,Gold Circle Racing,4,Local,,-29.844722,31.013889
Greyville,South Africa,Africa,1600,Mile,Turf,Maiden Juvenile Plates,Gold Circle Racing,4,Local,,-29.844722,31.013889
Greyville,South Africa,Africa,1400,Sprint,Turf,Middle Stakes,Gold Circle Racing,4,Local,,-29.844722,31.013889
Greyville,South Africa,Africa,1600,Mile,Turf,Middle Stakes,Gold Circle Racing,4,Local,,-29.844722,31.013889
Greyville,South Africa,Africa,1600,Mile,Turf,Independent on Saturday Driftsands Stakes,Gold Circle Racing,4,Local,,-29.844722,31.013889
Greyville,South Africa,Africa,1600,Mile,Turf,Independent on Saturday Sports Maiden Plate,Gold Circle Racing,4,Local,,-29.844722,31.013889
Greyville,South Africa,Africa,1000,Sprint,Turf,Radisson Blu Hotel Maiden Juvenile Plate,Gold Circle Racing,4,Local,,-29.844722,31.013889
Greyville,South Africa,Africa,1400,Sprint,Turf,Radisson Blu Hotel Maiden Juvenile Plate,Gold Circle Racing,4,Local,,-29.844722,31.013889
Greyville,South Africa,Africa,1400,Sprint,Turf,WSB Slots & Casino Conditions Plate,Gold Circle Racing,4,Local,,-29.844722,31.013889
Greyville,South Africa,Africa,1600,Mile,Turf,WSB Slots & Casino Conditions Plate,Gold Circle Racing,4,Local,,-29.844722,31.013889
30th Anniversary,Vietnam,Asia,1200,Sprint,Turf,AceStudio 30th Anniversary 1200m Turf,AceStudio,1,G1,,10.95835337,106.8292391
30th Anniversary,Vietnam,Asia,1300,Sprint,Turf,AceStudio 30th Anniversary 1300m Turf,AceStudio,1,G1,,10.95835337,106.8292391
30th Anniversary,Vietnam,Asia,1400,Sprint,Turf,AceStudio 30th Anniversary 1400m Turf,AceStudio,1,G1,,10.95835337,106.8292391
30th Anniversary,Vietnam,Asia,1500,Mile,Turf,AceStudio 30th Anniversary 1500m Turf,AceStudio,1,G1,,10.95835337,106.8292391
30th Anniversary,Vietnam,Asia,1600,Mile,Turf,AceStudio 30th Anniversary 1600m Turf,AceStudio,1,G1,,10.95835337,106.8292391
30th Anniversary,Vietnam,Asia,1900,Medium,Turf,AceStudio 30th Anniversary 1900m Turf,AceStudio,1,G1,,10.95835337,106.8292391
30th Anniversary,Vietnam,Asia,2055,Medium,Turf,AceStudio 30th Anniversary 2055m Turf,AceStudio,1,G1,,10.95835337,106.8292391
30th Anniversary,Vietnam,Asia,2100,Medium,Turf,AceStudio 30th Anniversary 2100m Turf,AceStudio,1,G1,,10.95835337,106.8292391
30th Anniversary,Vietnam,Asia,2200,Medium,Turf,AceStudio 30th Anniversary 2200m Turf,AceStudio,1,G1,,10.95835337,106.8292391
30th Anniversary,Vietnam,Asia,2400,Long,Turf,AceStudio 30th Anniversary 2400m Turf,AceStudio,1,G1,,10.95835337,106.8292391
30th Anniversary,Vietnam,Asia,1200,Sprint,Dirt,AceStudio 30th Anniversary 1200m Dirt,AceStudio,1,G1,,10.95835337,106.8292391
30th Anniversary,Vietnam,Asia,1300,Sprint,Dirt,AceStudio 30th Anniversary 1300m Dirt,AceStudio,1,G1,,10.95835337,106.8292391
30th Anniversary,Vietnam,Asia,1400,Sprint,Dirt,AceStudio 30th Anniversary 1400m Dirt,AceStudio,1,G1,,10.95835337,106.8292391
30th Anniversary,Vietnam,Asia,1500,Mile,Dirt,AceStudio 30th Anniversary 1500m Dirt,AceStudio,1,G1,,10.95835337,106.8292391
30th Anniversary,Vietnam,Asia,1600,Mile,Dirt,AceStudio 30th Anniversary 1600m Dirt,AceStudio,1,G1,,10.95835337,106.8292391
30th Anniversary,Vietnam,Asia,1900,Medium,Dirt,AceStudio 30th Anniversary 1900m Dirt,AceStudio,1,G1,,10.95835337,106.8292391
30th Anniversary,Vietnam,Asia,2055,Medium,Dirt,AceStudio 30th Anniversary 2055m Dirt,AceStudio,1,G1,,10.95835337,106.8292391
30th Anniversary,Vietnam,Asia,2100,Medium,Dirt,AceStudio 30th Anniversary 2100m Dirt,AceStudio,1,G1,,10.95835337,106.8292391
30th Anniversary,Vietnam,Asia,2200,Medium,Dirt,AceStudio 30th Anniversary 2200m Dirt,AceStudio,1,G1,,10.95835337,106.8292391
30th Anniversary,Vietnam,Asia,2400,Long,Dirt,AceStudio 30th Anniversary 2400m Dirt,AceStudio,1,G1,,10.95835337,106.8292391
30th Anniversary,Vietnam,Asia,1200,Sprint,Synthetic,AceStudio 30th Anniversary 1200m Synthetic,AceStudio,1,G1,,10.95835337,106.8292391
30th Anniversary,Vietnam,Asia,1300,Sprint,Synthetic,AceStudio 30th Anniversary 1300m Synthetic,AceStudio,1,G1,,10.95835337,106.8292391
30th Anniversary,Vietnam,Asia,1400,Sprint,Synthetic,AceStudio 30th Anniversary 1400m Synthetic,AceStudio,1,G1,,10.95835337,106.8292391
30th Anniversary,Vietnam,Asia,1500,Mile,Synthetic,AceStudio 30th Anniversary 1500m Synthetic,AceStudio,1,G1,,10.95835337,106.8292391
30th Anniversary,Vietnam,Asia,1600,Mile,Synthetic,AceStudio 30th Anniversary 1600m Synthetic,AceStudio,1,G1,,10.95835337,106.8292391
30th Anniversary,Vietnam,Asia,1900,Medium,Synthetic,AceStudio 30th Anniversary 1900m Synthetic,AceStudio,1,G1,,10.95835337,106.8292391
30th Anniversary,Vietnam,Asia,2055,Medium,Synthetic,AceStudio 30th Anniversary 2055m Synthetic,AceStudio,1,G1,,10.95835337,106.8292391
30th Anniversary,Vietnam,Asia,2100,Medium,Synthetic,AceStudio 30th Anniversary 2100m Synthetic,AceStudio,1,G1,,10.95835337,106.8292391
30th Anniversary,Vietnam,Asia,2200,Medium,Synthetic,AceStudio 30th Anniversary 2200m Synthetic,AceStudio,1,G1,,10.95835337,106.8292391
30th Anniversary,Vietnam,Asia,2400,Long,Synthetic,AceStudio 30th Anniversary 2400m Synthetic,AceStudio,1,G1,,10.95835337,106.8292391
Khu Kinh Tế Van Biển,Vietnam,Asia,1300,Sprint,Synthetic,AceStudio Khu Kinh Tế Van Biển 1300m Synthetic,AceStudio,1,G1,,16.1370867,108.1089025
Khu Kinh Tế Van Biển,Vietnam,Asia,1500,Mile,Synthetic,AceStudio Khu Kinh Tế Van Biển 1500m Synthetic,AceStudio,1,G1,,16.1370867,108.1089025
Khu Kinh Tế Van Biển,Vietnam,Asia,1600,Mile,Synthetic,AceStudio Khu Kinh Tế Van Biển 1600m Synthetic,AceStudio,1,G1,,16.1370867,108.1089025
Khu Kinh Tế Van Biển,Vietnam,Asia,2000,Medium,Synthetic,AceStudio Khu Kinh Tế Van Biển 2000m Synthetic,AceStudio,1,G1,,16.1370867,108.1089025
Khu Kinh Tế Van Biển,Vietnam,Asia,2150,Medium,Synthetic,AceStudio Khu Kinh Tế Van Biển 2150m Synthetic,AceStudio,1,G1,,16.1370867,108.1089025
Khu Kinh Tế Van Biển,Vietnam,Asia,1400,Sprint,Turf,AceStudio Khu Kinh Tế Van Biển 1400m Turf,AceStudio,1,G1,,16.1370867,108.1089025
Khu Kinh Tế Van Biển,Vietnam,Asia,1800,Mile,Turf,AceStudio Khu Kinh Tế Van Biển 1800m Turf,AceStudio,1,G1,,16.1370867,108.1089025
Khu Kinh Tế Van Biển,Vietnam,Asia,2400,Long,Turf,AceStudio Khu Kinh Tế Van Biển 2400m Turf,AceStudio,1,G1,,16.1370867,108.1089025
Khu Kinh Tế Van Biển,Vietnam,Asia,2100,Medium,Turf,AceStudio Khu Kinh Tế Van Biển 2100m Turf,AceStudio,1,G1,,16.1370867,108.1089025
Khu Kinh Tế Van Biển,Vietnam,Asia,2150,Medium,Turf,AceStudio Khu Kinh Tế Van Biển 2150m Turf,AceStudio,1,G1,,16.1370867,108.1089025
Khu Kinh Tế Van Biển,Vietnam,Asia,2700,Long,Turf,AceStudio Khu Kinh Tế Van Biển 2700m Turf,AceStudio,1,G1,,16.1370867,108.1089025
Khu Kinh Tế Van Biển,Vietnam,Asia,3000,Long,Turf,AceStudio Khu Kinh Tế Van Biển 3000m Turf,AceStudio,1,G1,,16.1370867,108.1089025
Khu Kinh Tế Van Biển,Vietnam,Asia,3300,Long,Turf,AceStudio Khu Kinh Tế Van Biển 3300m Turf,AceStudio,1,G1,,16.1370867,108.1089025
Khu Kinh Tế Van Biển,Vietnam,Asia,3800,Long,Turf,AceStudio Khu Kinh Tế Van Biển 3800m Turf,AceStudio,1,G1,,16.1370867,108.1089025
Khu Kinh Tế Van Biển,Vietnam,Asia,4000,Long,Turf,AceStudio Khu Kinh Tế Van Biển 4000m Turf,AceStudio,1,G1,,16.1370867,108.1089025
Khu Kinh Tế Van Biển,Vietnam,Asia,4500,Long,Turf,AceStudio Khu Kinh Tế Van Biển 4500m Turf,AceStudio,1,G1,,16.1370867,108.1089025
Trấn Biên,Vietnam,Asia,1000,Sprint,Turf,AceStudio Trấn Biên 1000m Turf,AceStudio,1,G1,,10.96492442,106.802166
Trấn Biên,Vietnam,Asia,1200,Sprint,Turf,AceStudio Trấn Biên 1200m Turf,AceStudio,1,G1,,10.96492442,106.802166
Trấn Biên,Vietnam,Asia,1400,Sprint,Turf,AceStudio Trấn Biên 1400m Turf,AceStudio,1,G1,,10.96492442,106.802166
Trấn Biên,Vietnam,Asia,1600,Mile,Turf,AceStudio Trấn Biên 1600m Turf,AceStudio,1,G1,,10.96492442,106.802166
Trấn Biên,Vietnam,Asia,2000,Medium,Turf,AceStudio Trấn Biên 2000m Turf,AceStudio,1,G1,,10.96492442,106.802166
Trấn Biên,Vietnam,Asia,2200,Medium,Turf,AceStudio Trấn Biên 2200m Turf,AceStudio,1,G1,,10.96492442,106.802166
Trấn Biên,Vietnam,Asia,3200,Long,Turf,AceStudio Trấn Biên 3200m Turf,AceStudio,1,G1,,10.96492442,106.802166
Trấn Biên,Vietnam,Asia,1000,Sprint,Dirt,AceStudio Trấn Biên 1000m Dirt,AceStudio,1,G1,,10.96492442,106.802166
Trấn Biên,Vietnam,Asia,1200,Sprint,Dirt,AceStudio Trấn Biên 1200m Dirt,AceStudio,1,G1,,10.96492442,106.802166
Trấn Biên,Vietnam,Asia,1400,Sprint,Dirt,AceStudio Trấn Biên 1400m Dirt,AceStudio,1,G1,,10.96492442,106.802166
Trấn Biên,Vietnam,Asia,1600,Mile,Dirt,AceStudio Trấn Biên 1600m Dirt,AceStudio,1,G1,,10.96492442,106.802166
Trấn Biên,Vietnam,Asia,2000,Medium,Dirt,AceStudio Trấn Biên 2000m Dirt,AceStudio,1,G1,,10.96492442,106.802166
Trấn Biên,Vietnam,Asia,2200,Medium,Dirt,AceStudio Trấn Biên 2200m Dirt,AceStudio,1,G1,,10.96492442,106.802166
Trấn Biên,Vietnam,Asia,3200,Long,Dirt,AceStudio Trấn Biên 3200m Dirt,AceStudio,1,G1,,10.96492442,106.802166
150 Million $A Stakes,Vietnam,Asia,1200,Sprint,Turf,AceStudio 150 Million $A Stakes 1200m Turf,AceStudio,1,G1,,21.0262547,105.8130225
150 Million $A Stakes,Vietnam,Asia,1400,Sprint,Turf,AceStudio 150 Million $A Stakes 1400m Turf,AceStudio,1,G1,,21.0262547,105.8130225
150 Million $A Stakes,Vietnam,Asia,1600,Mile,Turf,AceStudio 150 Million $A Stakes 1600m Turf,AceStudio,1,G1,,21.0262547,105.8130225
150 Million $A Stakes,Vietnam,Asia,1800,Mile,Turf,AceStudio 150 Million $A Stakes 1800m Turf,AceStudio,1,G1,,21.0262547,105.8130225
150 Million $A Stakes,Vietnam,Asia,2000,Medium,Turf,AceStudio 150 Million $A Stakes 2000m Turf,AceStudio,1,G1,,21.0262547,105.8130225
150 Million $A Stakes,Vietnam,Asia,2100,Medium,Turf,AceStudio 150 Million $A Stakes 2100m Turf,AceStudio,1,G1,,21.0262547,105.8130225
150 Million $A Stakes,Vietnam,Asia,1200,Sprint,Dirt,AceStudio 150 Million $A Stakes 1200m Dirt,AceStudio,1,G1,,21.0262547,105.8130225
150 Million $A Stakes,Vietnam,Asia,1400,Sprint,Dirt,AceStudio 150 Million $A Stakes 1400m Dirt,AceStudio,1,G1,,21.0262547,105.8130225
150 Million $A Stakes,Vietnam,Asia,1600,Mile,Dirt,AceStudio 150 Million $A Stakes 1600m Dirt,AceStudio,1,G1,,21.0262547,105.8130225
150 Million $A Stakes,Vietnam,Asia,1800,Mile,Dirt,AceStudio 150 Million $A Stakes 1800m Dirt,AceStudio,1,G1,,21.0262547,105.8130225
150 Million $A Stakes,Vietnam,Asia,2000,Medium,Dirt,AceStudio 150 Million $A Stakes 2000m Dirt,AceStudio,1,G1,,21.0262547,105.8130225
150 Million $A Stakes,Vietnam,Asia,2100,Medium,Dirt,AceStudio 150 Million $A Stakes 2100m Dirt,AceStudio,1,G1,,21.0262547,105.8130225
Babylon 3.12 Stakes,Vietnam,Asia,1000,Sprint,Dirt,AceStudio Babylon 3.12 Stakes 1000m Dirt,AceStudio,1,G1,,16.0674581,108.2452369
Babylon 3.12 Stakes,Vietnam,Asia,1200,Sprint,Dirt,AceStudio Babylon 3.12 Stakes 1200m Dirt,AceStudio,1,G1,,16.0674581,108.2452369
Babylon 3.12 Stakes,Vietnam,Asia,1400,Sprint,Dirt,AceStudio Babylon 3.12 Stakes 1400m Dirt,AceStudio,1,G1,,16.0674581,108.2452369
Babylon 3.12 Stakes,Vietnam,Asia,1600,Mile,Dirt,AceStudio Babylon 3.12 Stakes 1600m Dirt,AceStudio,1,G1,,16.0674581,108.2452369
Babylon 3.12 Stakes,Vietnam,Asia,2100,Medium,Dirt,AceStudio Babylon 3.12 Stakes 2100m Dirt,AceStudio,1,G1,,16.0674581,108.2452369
Sha Tin,Hong Kong,Asia,1400,Sprint,Turf,Chinese Club Challenge Cup,HKJC,3,G3,,22.399444,114.206667
Sha Tin,Hong Kong,Asia,1000,Sprint,Turf,Bauhinia Sprint Trophy,HKJC,3,G3,,22.399444,114.206667
Sha Tin,Hong Kong,Asia,1200,Sprint,Turf,Centenary Sprint Cup,HKJC,1,G1,,22.399444,114.206667
Sha Tin,Hong Kong,Asia,1600,Mile,Turf,Stewards' Cup,HKJC,1,G1,,22.399444,114.206667
Sha Tin,Hong Kong,Asia,1800,Mile,Turf,Centenary Vase,HKJC,3,G3,,22.399444,114.206667
Sha Tin,Hong Kong,Asia,1400,Sprint,Turf,Queen's Silver Jubilee Cup,HKJC,1,G1,,22.399444,114.206667
Sha Tin,Hong Kong,Asia,2000,Medium,Turf,Hong Kong Gold Cup,HKJC,1,G1,,22.399444,114.206667
Sha Tin,Hong Kong,Asia,1200,Sprint,Turf,Sprint Cup,HKJC,2,G2,,22.399444,114.206667
Sha Tin,Hong Kong,Asia,1600,Mile,Turf,Chairman's Trophy,HKJC,2,G2,,22.399444,114.206667
Sha Tin,Hong Kong,Asia,1200,Sprint,Turf,Chairman's Sprint Prize,HKJC,1,G1,,22.399444,114.206667
Sha Tin,Hong Kong,Asia,1600,Mile,Turf,Champions Mile,HKJC,1,G1,,22.399444,114.206667
Sha Tin,Hong Kong,Asia,2000,Medium,Turf,Queen Elizabeth II Cup,HKJC,1,G1,,22.399444,114.206667
Sha Tin,Hong Kong,Asia,2400,Long,Turf,Queen Mother Memorial Cup,HKJC,3,G3,,22.399444,114.206667
Sha Tin,Hong Kong,Asia,2400,Long,Turf,Hong Kong Champions & Chater Cup,HKJC,1,G1,,22.399444,114.206667
Sha Tin,Hong Kong,Asia,1200,Sprint,Turf,Sha Tin Vase,HKJC,3,G3,,22.399444,114.206667
Sha Tin,Hong Kong,Asia,1600,Mile,Turf,Lion Rock Trophy,HKJC,3,G3,,22.399444,114.206667
Sha Tin,Hong Kong,Asia,1800,Mile,Turf,Premier Plate,HKJC,3,G3,,22.399444,114.206667
Sha Tin,Hong Kong,Asia,1400,Sprint,Turf,Premier Cup,HKJC,3,G3,,22.399444,114.206667
Sha Tin,Hong Kong,Asia,1400,Sprint,Turf,Celebration Cup,HKJC,3,G3,,22.399444,114.206667
Sha Tin,Hong Kong,Asia,1000,Sprint,Turf,National Day Cup,HKJC,3,G3,,22.399444,114.206667
Sha Tin,Hong Kong,Asia,1600,Mile,Turf,Sha Tin Trophy,HKJC,2,G2,,22.399444,114.206667
Sha Tin,Hong Kong,Asia,1200,Sprint,Turf,Premier Bowl,HKJC,2,G2,,22.399444,114.206667
Sha Tin,Hong Kong,Asia,1800,Mile,Turf,Ladies' Purse,HKJC,3,G3,,22.399444,114.206667
Sha Tin,Hong Kong,Asia,1200,Sprint,Turf,Jockey Club Sprint,HKJC,2,G2,,22.399444,114.206667
Sha Tin,Hong Kong,Asia,1600,Mile,Turf,Jockey Club Mile,HKJC,2,G2,,22.399444,114.206667
Sha Tin,Hong Kong,Asia,2000,Medium,Turf,Jockey Club Cup,HKJC,2,G2,,22.399444,114.206667
Sha Tin,Hong Kong,Asia,2400,Long,Turf,Hong Kong Vase,HKJC,1,G1,,22.399444,114.206667
Sha Tin,Hong Kong,Asia,1200,Sprint,Turf,Hong Kong Sprint,HKJC,1,G1,,22.399444,114.206667
Sha Tin,Hong Kong,Asia,1600,Mile,Turf,Hong Kong Mile,HKJC,1,G1,,22.399444,114.206667
Sha Tin,Hong Kong,Asia,2000,Medium,Turf,Hong Kong Cup,HKJC,1,G1,,22.399444,114.206667
Sha Tin,Hong Kong,Asia,1600,Mile,Turf,Hong Kong Classic Mile,HKJC,4,Local,,22.399444,114.206667
Sha Tin,Hong Kong,Asia,1800,Mile,Turf,Hong Kong Classic Cup,HKJC,4,Local,,22.399444,114.206667
Sha Tin,Hong Kong,Asia,2000,Medium,Turf,Hong Kong Derby,HKJC,4,Local,,22.399444,114.206667
Happy Valley,Hong Kong,Asia,1800,Mile,Turf,January Cup,HKJC,3,G3,,22.272778,114.182222
Happy Valley,Hong Kong,Asia,1200,Sprint,Turf,Chantilly Handicap,HKJC,4,Local,,22.272778,114.182222
Happy Valley,Hong Kong,Asia,1200,Sprint,Turf,Deauville Handicap,HKJC,4,Local,,22.272778,114.182222
Happy Valley,Hong Kong,Asia,1650,Mile,Turf,Parislongchamp Handicap,HKJC,4,Local,,22.272778,114.182222
Happy Valley,Hong Kong,Asia,1650,Mile,Turf,Saint-Cloud Handicap,HKJC,4,Local,,22.272778,114.182222
Happy Valley,Hong Kong,Asia,1800,Mile,Turf,The France Galop Cup,HKJC,4,Local,,22.272778,114.182222
Happy Valley,Hong Kong,Asia,1000,Sprint,Turf,Chung Hom Kok Handicap,HKJC,4,Local,,22.272778,114.182222
Happy Valley,Hong Kong,Asia,1650,Mile,Turf,The French May Trophy,HKJC,4,Local,,22.272778,114.182222
Happy Valley,Hong Kong,Asia,1200,Sprint,Turf,The Lusitano Challenge Cup,HKJC,4,Local,,22.272778,114.182222
Happy Valley,Hong Kong,Asia,1650,Mile,Turf,The Lusitano Challenge Cup,HKJC,4,Local,,22.272778,114.182222
Happy Valley,Hong Kong,Asia,1000,Sprint,Turf,Longines International Jockeys' Championship,HKJC,4,Local,,22.272778,114.182222
Happy Valley,Hong Kong,Asia,1650,Mile,Turf,Longines International Jockeys' Championship,HKJC,4,Local,,22.272778,114.182222
Happy Valley,Hong Kong,Asia,1200,Sprint,Turf,Neptune Handicap,HKJC,4,Local,,22.272778,114.182222
Happy Valley,Hong Kong,Asia,1650,Mile,Turf,Neptune Handicap,HKJC,4,Local,,22.272778,114.182222
Happy Valley,Hong Kong,Asia,1800,Mile,Turf,Consensus Cup,HKJC,4,Local,,22.272778,114.182222
Happy Valley,Hong Kong,Asia,1800,Mile,Turf,Daejeon Handicap,HKJC,4,Local,,22.272778,114.182222
Happy Valley,Hong Kong,Asia,1200,Sprint,Turf,Yeongcheon Handicap,HKJC,4,Local,,22.272778,114.182222
Happy Valley,Hong Kong,Asia,2200,Medium,Turf,Daegu Handicap,HKJC,4,Local,,22.272778,114.182222
Happy Valley,Hong Kong,Asia,1650,Mile,Turf,Jeju Handicap,HKJC,4,Local,,22.272778,114.182222
Happy Valley,Hong Kong,Asia,1200,Sprint,Turf,Busan Handicap,HKJC,4,Local,,22.272778,114.182222
Happy Valley,Hong Kong,Asia,1000,Sprint,Turf,Seoul Handicap,HKJC,4,Local,,22.272778,114.182222
Happy Valley,Hong Kong,Asia,1650,Mile,Turf,Incheon Handicap,HKJC,4,Local,,22.272778,114.182222
Happy Valley,Hong Kong,Asia,1200,Sprint,Turf,Korea Racing Authority Trophy,HKJC,4,Local,,22.272778,114.182222
Happy Valley,Hong Kong,Asia,1000,Sprint,Turf,Happy Wednesday Cup,HKJC,4,Local,,22.272778,114.182222
Happy Valley,Hong Kong,Asia,1200,Sprint,Turf,Happy Wednesday Cup,HKJC,4,Local,,22.272778,114.182222
Happy Valley,Hong Kong,Asia,1650,Mile,Turf,Happy Wednesday Cup,HKJC,4,Local,,22.272778,114.182222
Happy Valley,Hong Kong,Asia,1800,Mile,Turf,Happy Wednesday Cup,HKJC,4,Local,,22.272778,114.182222
Happy Valley,Hong Kong,Asia,2200,Medium,Turf,Happy Wednesday Cup,HKJC,4,Local,,22.272778,114.182222
Happy Valley,Hong Kong,Asia,1200,Sprint,Turf,Wyndham Handicap,HKJC,4,Local,,22.272778,114.182222
Happy Valley,Hong Kong,Asia,1650,Mile,Turf,Glenealy Handicap,HKJC,4,Local,,22.272778,114.182222
Happy Valley,Hong Kong,Asia,1000,Sprint,Turf,Repulse Bay Handicap,HKJC,4,Local,,22.272778,114.182222
Happy Valley,Hong Kong,Asia,1200,Sprint,Turf,Hoi Mei Handicap,HKJC,4,Local,,22.272778,114.182222
Happy Valley,Hong Kong,Asia,1800,Mile,Turf,Shek O Handicap,HKJC,4,Local,,22.272778,114.182222
Happy Valley,Hong Kong,Asia,1650,Mile,Turf,The Community Chest Cup,HKJC,4,Local,,22.272778,114.182222
Happy Valley,Hong Kong,Asia,1200,Sprint,Turf,Happy Valley Million Challenge,HKJC,4,Local,,22.272778,114.182222
Happy Valley,Hong Kong,Asia,1650,Mile,Turf,Happy Valley Million Challenge,HKJC,4,Local,,22.272778,114.182222
Happy Valley,Hong Kong,Asia,1800,Mile,Turf,Happy Valley Million Challenge,HKJC,4,Local,,22.272778,114.182222
Happy Valley,Hong Kong,Asia,1200,Sprint,Turf,Lido Handicap,HKJC,4,Local,,22.272778,114.182222
Happy Valley,Hong Kong,Asia,975,Sprint,Turf,HKJC Happy Valley 975m Turf,HKJC,0,Non-Graded,,22.272778,114.182222
Happy Valley,Hong Kong,Asia,1235,Sprint,Turf,HKJC Happy Valley 1235m Turf,HKJC,0,Non-Graded,,22.272778,114.182222
Happy Valley,Hong Kong,Asia,1400,Sprint,Turf,HKJC Happy Valley 1400m Turf,HKJC,0,Non-Graded,,22.272778,114.182222
Happy Valley,Hong Kong,Asia,1575,Mile,Turf,HKJC Happy Valley 1575m Turf,HKJC,0,Non-Graded,,22.272778,114.182222
Happy Valley,Hong Kong,Asia,2000,Medium,Turf,HKJC Happy Valley 2000m Turf,HKJC,0,Non-Graded,,22.272778,114.182222
Happy Valley,Hong Kong,Asia,2230,Medium,Turf,HKJC Happy Valley 2230m Turf,HKJC,0,Non-Graded,,22.272778,114.182222
Happy Valley,Hong Kong,Asia,2400,Long,Turf,HKJC Happy Valley 2400m Turf,HKJC,0,Non-Graded,,22.272778,114.182222
Seoul,South Korea,Asia,1800,Mile,Dirt,Korean Derby,KRA,1,G1,Korea Triple Crown,37.446925,127.015471
Seoul,South Korea,Asia,1200,Sprint,Dirt,SROA Chairman's Sprint,KRA,3,G3,,37.446925,127.015471
Seoul,South Korea,Asia,2000,Medium,Dirt,YTN Cup,KRA,3,G3,Korea Stayer Series,37.446925,127.015471
Seoul,South Korea,Asia,2000,Medium,Dirt,Gyeongi Governer's Cup,KRA,3,G3,Korea Triple Tiara,37.446925,127.015471
Seoul,South Korea,Asia,1400,Sprint,Dirt,Ttukseom Cup,KRA,2,G2,Korea Queen's Tour,37.446925,127.015471
Seoul,South Korea,Asia,2000,Medium,Dirt,Minister's Cup,KRA,2,G2,Korea Triple Crown,37.446925,127.015471
Seoul,South Korea,Asia,1200,Sprint,Dirt,SBS Sports Sprint,KRA,3,G3,Korea Sprint Series,37.446925,127.015471
Seoul,South Korea,Asia,1200,Sprint,Dirt,Korea Sprint,KRA,1,G1,Korea Premier Series,37.446925,127.015471
Seoul,South Korea,Asia,1800,Mile,Dirt,Korea Cup,KRA,1,G1,Korea Premier Series,37.446925,127.015471
Seoul,South Korea,Asia,1400,Sprint,Dirt,Jeju Governor's Cup,KRA,3,G3,Korea Queen's Tour (FW),37.446925,127.015471
Seoul,South Korea,Asia,2000,Medium,Dirt,KRA Cup Classic,KRA,2,G2,,37.446925,127.015471
Seoul,South Korea,Asia,2000,Medium,Dirt,President's Cup,KRA,1,G1,Korea Premier Series,37.446925,127.015471
Seoul,South Korea,Asia,2300,Medium,Dirt,Grand Prix,KRA,1,G1,Korea Premier Series,37.446925,127.015471
Seoul,South Korea,Asia,1200,Sprint,Dirt,Segye Ilbo Trophy,KRA,4,Local,,37.446925,127.015471
Seoul,South Korea,Asia,1400,Sprint,Dirt,Sports Seoul Trophy,KRA,4,Local,,37.446925,127.015471
Seoul,South Korea,Asia,1800,Mile,Dirt,Dong-A Ilbo Trophy,KRA,4,Local,Korea Queen's Tour (SS),37.446925,127.015471
Seoul,South Korea,Asia,1200,Sprint,Dirt,SROA Chairman's Trophy,KRA,2,G2,Korea Sprint Series,37.446925,127.015471
Seoul,South Korea,Asia,1200,Sprint,Dirt,Dongbaek TBA Trophy,KRA,4,Local,,37.446925,127.015471
Seoul,South Korea,Asia,1800,Mile,Dirt,Ilgan Sports Trophy,KRA,4,Local,,37.446925,127.015471
Seoul,South Korea,Asia,1600,Mile,Dirt,Luna Stakes,KRA,4,Local,,37.446925,127.015471
Seoul,South Korea,Asia,1000,Sprint,Dirt,KRA Seoul 1000m Dirt,KRA,0,Non-Graded,,37.446925,127.015471
Seoul,South Korea,Asia,1300,Sprint,Dirt,KRA Seoul 1300m Dirt,KRA,0,Non-Graded,,37.446925,127.015471
Seoul,South Korea,Asia,1700,Mile,Dirt,KRA Seoul 1700m Dirt,KRA,0,Non-Graded,,37.446925,127.015471
Seoul,South Korea,Asia,1900,Medium,Dirt,KRA Seoul 1900m Dirt,KRA,0,Non-Graded,,37.446925,127.015471
Seoul,South Korea,Asia,2000,Medium,Dirt,Herald Business Trophy,KRA,4,Local,Korea Stayer Series,37.446925,127.015471
Seoul,South Korea,Asia,2000,Medium,Dirt,Sports Chosun,KRA,4,Local,,37.446925,127.015471
Seoul,South Korea,Asia,1800,Mile,Dirt,Gwacheon Mayor's Trophy,KRA,4,Local,Korea Juvenile Series,37.446925,127.015471
Seoul,South Korea,Asia,1200,Sprint,Dirt,NACF Chairman's Trophy,KRA,4,Local,Korea Juvenile Series,37.446925,127.015471
Seoul,South Korea,Asia,1200,Sprint,Dirt,Munhwa Ilbo Trophy,KRA,4,Local,,37.446925,127.015471
Seoul,South Korea,Asia,1400,Sprint,Dirt,Breeders' Cup Rookie,KRA,2,G2,Korea Juvenile Series,37.446925,127.015471
Busan,South Korea,Asia,1400,Sprint,Dirt,Gyeongnam Shinmun Trophy,KRA,4,Local,,35.155003,128.875528
Busan,South Korea,Asia,1200,Sprint,Dirt,Busan Ilbo Trophy,KRA,3,G3,Korea Sprint Series,35.155003,128.875528
Busan,South Korea,Asia,1600,Mile,Dirt,KRA Cup Mile,KRA,2,G2,Korea Triple Crown,35.155003,128.875528
Busan,South Korea,Asia,1600,Mile,Dirt,Luna Stakes,KRA,4,Local,Korea Triple Tiara,35.155003,128.875528
Busan,South Korea,Asia,1800,Mile,Dirt,Korean Oaks,KRA,2,G2,Korea Triple Tiara,35.155003,128.875528
Busan,South Korea,Asia,1800,Mile,Dirt,Busan Mayor's Cup,KRA,2,G2,Korea Stayer Series,35.155003,128.875528
Busan,South Korea,Asia,1600,Mile,Dirt,KNN Cup,KRA,3,G3,Korea Queen's Tour (SS),35.155003,128.875528
Busan,South Korea,Asia,1600,Mile,Dirt,Owners' Cup,KRA,3,G3,Korea Premier Series,35.155003,128.875528
Busan,South Korea,Asia,1200,Sprint,Dirt,Areumdaun Jilju Stakes,KRA,4,Local,Korea Juvenile Series,35.155003,128.875528
Busan,South Korea,Asia,1200,Sprint,Dirt,Gimhae Major's Trophy,KRA,4,Local,Korea Juvenile Series,35.155003,128.875528
Busan,South Korea,Asia,2000,Medium,Dirt,Gyeongnam Governor's Cup,KRA,3,G3,Korea Queen's Tour (FW),35.155003,128.875528
Busan,South Korea,Asia,1400,Sprint,Dirt,Kookje Shinmun Trophy,KRA,3,G3,Korea Premier Series,35.155003,128.875528
Busan,South Korea,Asia,1200,Sprint,Dirt,Gyeongnam Domin Ilbo Trophy,KRA,4,Local,,35.155003,128.875528
Busan,South Korea,Asia,1800,Mile,Dirt,Breeders' Cup Queen,KRA,4,Local,Korea Queen's Tour (FW),35.155003,128.875528
Busan,South Korea,Asia,1200,Sprint,Dirt,KRA Cup Sprint,KRA,3,G3,Korea Premier Series,35.155003,128.875528
Kranji,Singapore,Asia,1200,Sprint,Synthetic,New Year Cup,STC,3,G3,,1.422841,103.763552
Kranji,Singapore,Asia,1400,Sprint,Turf,Fortune Bowl,STC,3,G3,,1.422841,103.763552
Kranji,Singapore,Asia,1200,Sprint,Turf,Singapore 3YO Sprint,STC,3,G3,,1.422841,103.763552
Kranji,Singapore,Asia,1600,Mile,Turf,Chairman's Trophy,STC,2,G2,,1.422841,103.763552
Kranji,Singapore,Asia,1400,Sprint,Turf,Singapore 3YO Classic,STC,2,G2,,1.422841,103.763552
Kranji,Singapore,Asia,1200,Sprint,Turf,Rocket Man Sprint,STC,3,G3,,1.422841,103.763552
Kranji,Singapore,Asia,1600,Mile,Turf,Moonbeam Vase,STC,3,G3,,1.422841,103.763552
Kranji,Singapore,Asia,1200,Sprint,Turf,Lion City Cup,STC,1,G1,,1.422841,103.763552
Kranji,Singapore,Asia,1600,Mile,Turf,Singapore Guineas,STC,1,G1,,1.422841,103.763552
Kranji,Singapore,Asia,1600,Mile,Turf,Kranji Mile,STC,1,G1,,1.422841,103.763552
Kranji,Singapore,Asia,1400,Sprint,Turf,Silver Bowl,STC,3,G3,,1.422841,103.763552
Kranji,Singapore,Asia,1600,Mile,Turf,Stewards' Cup,STC,2,G2,,1.422841,103.763552
Kranji,Singapore,Asia,1200,Sprint,Turf,Aushorse Golden Horseshoe,STC,2,G2,,1.422841,103.763552
Kranji,Singapore,Asia,1800,Mile,Turf,Singapore Derby,STC,1,G1,,1.422841,103.763552
Kranji,Singapore,Asia,1400,Sprint,Turf,Jumbo Jet Trophy,STC,3,G3,,1.422841,103.763552
Kranji,Singapore,Asia,1600,Mile,Turf,Committee's Prize,STC,3,G3,,1.422841,103.763552
Kranji,Singapore,Asia,1200,Sprint,Synthetic,Merlion Trophy,STC,2,G2,,1.422841,103.763552
Kranji,Singapore,Asia,2000,Medium,Turf,El Dorado Classic,STC,3,G3,,1.422841,103.763552
Kranji,Singapore,Asia,1600,Mile,Turf,Raffles Cup,STC,1,G1,,1.422841,103.763552
Kranji,Singapore,Asia,1800,Mile,Turf,Queen Elizabeth II Cup,STC,1,G1,,1.422841,103.763552
Kranji,Singapore,Asia,1400,Sprint,Turf,EW Barker Trophy,STC,2,G2,,1.422841,103.763552
Kranji,Singapore,Asia,1200,Sprint,Turf,SAAS Fee Stakes,STC,3,G3,,1.422841,103.763552
Kranji,Singapore,Asia,2000,Medium,Turf,Singapore Gold Cup,STC,1,G1,,1.422841,103.763552
Kranji,Singapore,Asia,1600,Mile,Synthetic,Colonial Chief Stakes,STC,3,G3,,1.422841,103.763552
Kranji,Singapore,Asia,1400,Sprint,Turf,Colonel Cup,STC,4,Local,,1.422841,103.763552
Kranji,Singapore,Asia,1600,Mile,Turf,Colonel Cup,STC,4,Local,,1.422841,103.763552
Kranji,Singapore,Asia,1200,Sprint,Turf,Singapore Turf Club Trophy,STC,4,Local,,1.422841,103.763552
Kranji,Singapore,Asia,1600,Mile,Turf,Singapore Turf Club Trophy,STC,4,Local,,1.422841,103.763552
Kranji,Singapore,Asia,1000,Sprint,Turf,Yong Thau Yin Cup,STC,4,Local,,1.422841,103.763552
Kranji,Singapore,Asia,1200,Sprint,Turf,Yong Thau Yin Cup,STC,4,Local,,1.422841,103.763552
Kranji,Singapore,Asia,1400,Sprint,Turf,Abdul Mawi Cup,STC,4,Local,,1.422841,103.763552
Kranji,Singapore,Asia,1700,Mile,Turf,Abdul Mawi Cup,STC,4,Local,,1.422841,103.763552
Kranji,Singapore,Asia,1200,Sprint,Turf,Novice Races,STC,4,Local,,1.422841,103.763552
Kranji,Singapore,Asia,1400,Sprint,Turf,Novice Races,STC,4,Local,,1.422841,103.763552
Kranji,Singapore,Asia,1200,Sprint,Turf,Restricted Maiden Races,STC,4,Local,,1.422841,103.763552
Kranji,Singapore,Asia,1400,Sprint,Turf,Restricted Maiden Races,STC,4,Local,,1.422841,103.763552
Kranji,Singapore,Asia,1600,Mile,Turf,Restricted Maiden Races,STC,4,Local,,1.422841,103.763552
Kranji,Singapore,Asia,1000,Sprint,Turf,Open Maiden Races,STC,4,Local,,1.422841,103.763552
Kranji,Singapore,Asia,1100,Sprint,Turf,Open Maiden Races,STC,4,Local,,1.422841,103.763552
Kranji,Singapore,Asia,1200,Sprint,Turf,Open Maiden Races,STC,4,Local,,1.422841,103.763552
Kranji,Singapore,Asia,1600,Mile,Turf,Open Maiden Races,STC,4,Local,,1.422841,103.763552
Kranji,Singapore,Asia,1200,Sprint,Turf,Kranji Stakes A,STC,4,Local,,1.422841,103.763552
Kranji,Singapore,Asia,1400,Sprint,Turf,Kranji Stakes A,STC,4,Local,,1.422841,103.763552
Kranji,Singapore,Asia,1600,Mile,Turf,Kranji Stakes A,STC,4,Local,,1.422841,103.763552
Kranji,Singapore,Asia,1700,Mile,Turf,Kranji Stakes A,STC,4,Local,,1.422841,103.763552
Kranji,Singapore,Asia,1000,Sprint,Turf,Kranji Stakes B,STC,4,Local,,1.422841,103.763552
Kranji,Singapore,Asia,1200,Sprint,Turf,Kranji Stakes B,STC,4,Local,,1.422841,103.763552
Kranji,Singapore,Asia,1400,Sprint,Turf,Kranji Stakes B,STC,4,Local,,1.422841,103.763552
Kranji,Singapore,Asia,1700,Mile,Turf,Kranji Stakes B,STC,4,Local,,1.422841,103.763552
Kranji,Singapore,Asia,1000,Sprint,Turf,Kranji Stakes C,STC,4,Local,,1.422841,103.763552
Kranji,Singapore,Asia,1200,Sprint,Turf,Kranji Stakes C,STC,4,Local,,1.422841,103.763552
Kranji,Singapore,Asia,1400,Sprint,Turf,Kranji Stakes C,STC,4,Local,,1.422841,103.763552
Kranji,Singapore,Asia,1700,Mile,Turf,Kranji Stakes C,STC,4,Local,,1.422841,103.763552
Kranji,Singapore,Asia,1000,Sprint,Turf,Graduation Stakes,STC,4,Local,,1.422841,103.763552
Kranji,Singapore,Asia,1400,Sprint,Turf,Graduation Stakes,STC,4,Local,,1.422841,103.763552
Kranji,Singapore,Asia,1100,Sprint,Synthetic,Magdalene Tan Cup,STC,4,Local,,1.422841,103.763552
Kranji,Singapore,Asia,1200,Sprint,Synthetic,Magdalene Tan Cup,STC,4,Local,,1.422841,103.763552
Kranji,Singapore,Asia,1200,Sprint,Synthetic,Red Numbers Cup,STC,4,Local,,1.422841,103.763552
Kranji,Singapore,Asia,1600,Mile,Turf,S.R. Nathan Cup,STC,4,Local,,1.422841,103.763552
Kranji,Singapore,Asia,1100,Sprint,Synthetic,Rocket Man Cup,STC,4,Local,,1.422841,103.763552
Kranji,Singapore,Asia,1200,Sprint,Synthetic,Rocket Man Cup,STC,4,Local,,1.422841,103.763552
Kranji,Singapore,Asia,1200,Sprint,Turf,William Henry Macleod Read Cup,STC,4,Local,,1.422841,103.763552
Kranji,Singapore,Asia,1200,Sprint,Turf,Hongkong Great 2023 Handicap,STC,4,Local,,1.422841,103.763552
Kranji,Singapore,Asia,1400,Sprint,Turf,Prosperous Return 2022 Handicap,STC,4,Local,,1.422841,103.763552
Kranji,Singapore,Asia,1600,Mile,Turf,Hard Too Think 2021 Handicap,STC,4,Local,,1.422841,103.763552
Kranji,Singapore,Asia,1400,Sprint,Turf,Top Knight 2020 Handicap,STC,4,Local,,1.422841,103.763552
Kranji,Singapore,Asia,1400,Sprint,Turf,I'm Incredible 2019 Maiden,STC,4,Local,,1.422841,103.763552
Kranji,Singapore,Asia,1200,Sprint,Turf,Debt Collector 2018 Handicap,STC,4,Local,,1.422841,103.763552
Kranji,Singapore,Asia,1800,Mile,Turf,Quechua 2017 Handicap,STC,4,Local,,1.422841,103.763552
Kranji,Singapore,Asia,1200,Sprint,Turf,Laughing Gravy 2016 Handicap,STC,4,Local,,1.422841,103.763552
Kranji,Singapore,Asia,1400,Sprint,Turf,Stepitup 2015 Handicap,STC,4,Local,,1.422841,103.763552
Kranji,Singapore,Asia,1400,Sprint,Turf,Lim's Kosciuszko 2023 Handicap,STC,4,Local,,1.422841,103.763552
Kranji,Singapore,Asia,1400,Sprint,Turf,Lim's Lightning 2021 Handicap,STC,4,Local,,1.422841,103.763552
Kranji,Singapore,Asia,1400,Sprint,Turf,Aramaayo 2020 Handicap,STC,4,Local,,1.422841,103.763552
Kranji,Singapore,Asia,1600,Mile,Turf,Makanani 2019 Handicap,STC,4,Local,,1.422841,103.763552
Kranji,Singapore,Asia,1200,Sprint,Turf,Gilt Complex 2017 Handicap,STC,4,Local,,1.422841,103.763552
Kranji,Singapore,Asia,2000,Medium,Turf,Debt Collector 2016 Handicap,STC,4,Local,,1.422841,103.763552
Kranji,Singapore,Asia,1200,Sprint,Turf,Stepitup 2015 Handicap,STC,4,Local,,1.422841,103.763552
Kranji,Singapore,Asia,1200,Sprint,Turf,War Affair 2014 Handicap,STC,4,Local,,1.422841,103.763552
Kranji,Singapore,Asia,1400,Sprint,Turf,Lim's Kosciuszko 2022 & 2023 Handicap,STC,4,Local,,1.422841,103.763552
Kranji,Singapore,Asia,1200,Sprint,Turf,Lim's Lightning 2021 Handicap,STC,4,Local,,1.422841,103.763552
Kranji,Singapore,Asia,1400,Sprint,Turf,Inferno 2020 Handicap,STC,4,Local,,1.422841,103.763552
Kranji,Singapore,Asia,1200,Sprint,Turf,Aramco 2019 Handicap,STC,4,Local,,1.422841,103.763552
Kranji,Singapore,Asia,1600,Mile,Turf,Lim's Cruiser 2017 & 2018 Handicap,STC,4,Local,,1.422841,103.763552
Kranji,Singapore,Asia,1600,Mile,Turf,Korea Racing Authority Trophy,STC,4,Local,,1.422841,103.763552
Kranji,Singapore,Asia,1600,Mile,Turf,Zac Spirit 2016 Handicap,STC,4,Local,,1.422841,103.763552
Kranji,Singapore,Asia,1200,Sprint,Turf,War Affair 2015 Handicap,STC,4,Local,,1.422841,103.763552
Kranji,Singapore,Asia,1200,Sprint,Turf,Zac Spirit 2014 Handicap,STC,4,Local,,1.422841,103.763552
Kranji,Singapore,Asia,1200,Sprint,Turf,Golden Monkey 2023 Stakes Handicap,STC,4,Local,,1.422841,103.763552
Kranji,Singapore,Asia,1200,Sprint,Turf,Lim's Kosciuszko 2022 Stakes Handicap,STC,4,Local,,1.422841,103.763552
Kranji,Singapore,Asia,1400,Sprint,Turf,Hard Too Think 2021 Handicap,STC,4,Local,,1.422841,103.763552
Kranji,Singapore,Asia,1200,Sprint,Turf,Top Knight 2020 Stakes Handicap,STC,4,Local,,1.422841,103.763552
Kranji,Singapore,Asia,1800,Mile,Turf,Sun Marshal 2019 Stakes Handicap,STC,4,Local,,1.422841,103.763552
Kranji,Singapore,Asia,1600,Mile,Turf,Japan Racing Association Trophy,STC,4,Local,,1.422841,103.763552
Kranji,Singapore,Asia,1800,Mile,Turf,Jupiter Gold 2018 Stakes Handicap,STC,4,Local,,1.422841,103.763552
Kranji,Singapore,Asia,1200,Sprint,Turf,Infantry 2017 Stakes Handicap,STC,4,Local,,1.422841,103.763552
Kranji,Singapore,Asia,1400,Sprint,Turf,Well Done 2016 Stakes Handicap,STC,4,Local,,1.422841,103.763552
Kranji,Singapore,Asia,1200,Sprint,Turf,Golden Monkey 2023 Handicap,STC,4,Local,,1.422841,103.763552
Kranji,Singapore,Asia,1200,Sprint,Turf,Relentless 2022 Maiden,STC,4,Local,,1.422841,103.763552
Kranji,Singapore,Asia,1000,Sprint,Turf,Mr Malek 2021 Handicap,STC,4,Local,,1.422841,103.763552
Kranji,Singapore,Asia,1600,Mile,Turf,Siam Blue Vanda 2020 Handicap,STC,4,Local,,1.422841,103.763552
Kranji,Singapore,Asia,1200,Sprint,Turf,What's New 2019 Handicap,STC,4,Local,,1.422841,103.763552
Kranji,Singapore,Asia,1200,Sprint,Turf,Elite Invincible 2018 Handicap,STC,4,Local,,1.422841,103.763552
Kranji,Singapore,Asia,1000,Sprint,Turf,Alibi 2017 Handicap,STC,4,Local,,1.422841,103.763552
Kranji,Singapore,Asia,1200,Sprint,Turf,Titanium 2016 Handicap,STC,4,Local,,1.422841,103.763552
Kranji,Singapore,Asia,1000,Sprint,Turf,War Affair 2015 Handicap,STC,4,Local,,1.422841,103.763552
Kranji,Singapore,Asia,1400,Sprint,Turf,Super Salute 2023 Handicap,STC,4,Local,,1.422841,103.763552
Kranji,Singapore,Asia,1100,Sprint,Turf,Bold Thruster 2020 Maiden,STC,4,Local,,1.422841,103.763552
Kranji,Singapore,Asia,1400,Sprint,Turf,Alibi 2017 Handicap,STC,4,Local,,1.422841,103.763552
Kranji,Singapore,Asia,1200,Sprint,Turf,Well Done 2016 Handicap,STC,4,Local,,1.422841,103.763552
Kranji,Singapore,Asia,1600,Mile,Turf,Spalato 2014 Handicap,STC,4,Local,,1.422841,103.763552
Kranji,Singapore,Asia,1600,Mile,Turf,Super Easy 2013 Handicap,STC,4,Local,,1.422841,103.763552
Kranji,Singapore,Asia,1400,Sprint,Turf,Ato 2012 Handicap,STC,4,Local,,1.422841,103.763552
Kranji,Singapore,Asia,1400,Sprint,Turf,Coin Toss Stakes Handicap,STC,4,Local,,1.422841,103.763552
Kranji,Singapore,Asia,1000,Sprint,Turf,Golden Monkey 2022 Stakes Maiden,STC,4,Local,,1.422841,103.763552
Kranji,Singapore,Asia,2000,Medium,Turf,Starlight 2021 Stakes Handicap,STC,4,Local,,1.422841,103.763552
Kranji,Singapore,Asia,1400,Sprint,Turf,Inferno 2020 Stakes Handicap,STC,4,Local,,1.422841,103.763552
Kranji,Singapore,Asia,2000,Medium,Turf,Top Knight 2019 Stakes Handicap,STC,4,Local,,1.422841,103.763552
Kranji,Singapore,Asia,1400,Sprint,Turf,Mister Yeoh 2018 Stakes Handicap,STC,4,Local,,1.422841,103.763552
Kranji,Singapore,Asia,1600,Mile,Turf,Countofmontecristo 2017 Stakes Handicap,STC,4,Local,,1.422841,103.763552
Kranji,Singapore,Asia,1200,Sprint,Turf,Debt Collector 2016 Stakes Handicap,STC,4,Local,,1.422841,103.763552
Kranji,Singapore,Asia,1200,Sprint,Turf,Spanish Bay 2015 Stakes Handicap,STC,4,Local,,1.422841,103.763552
Kranji,Singapore,Asia,1000,Sprint,Turf,January 2023 Stakes Handicap,STC,4,Local,,1.422841,103.763552
Kranji,Singapore,Asia,1100,Sprint,Turf,Golden Monkey 2022 Maiden Stakes,STC,4,Local,,1.422841,103.763552
Kranji,Singapore,Asia,1200,Sprint,Turf,Tiger Roar 2021 Stakes Handicap,STC,4,Local,,1.422841,103.763552
Kranji,Singapore,Asia,1000,Sprint,Turf,Bold Thruster 2019 Handicap,STC,4,Local,,1.422841,103.763552
Kranji,Singapore,Asia,1600,Mile,Turf,Be Bee 2018 Stakes Handicap,STC,4,Local,,1.422841,103.763552
Kranji,Singapore,Asia,1000,Sprint,Turf,Countofmontecristo 2017 Stakes Handicap,STC,4,Local,,1.422841,103.763552
Kranji,Singapore,Asia,1200,Sprint,Turf,Conflight 2016 Stakes Handicap,STC,4,Local,,1.422841,103.763552
Kranji,Singapore,Asia,1000,Sprint,Turf,Kiwi Karma 2015 Stakes Handicap,STC,4,Local,,1.422841,103.763552
Kranji,Singapore,Asia,1000,Sprint,Turf,War Affair 2014 Stakes Handicap,STC,4,Local,,1.422841,103.763552
Kranji,Singapore,Asia,1000,Sprint,Turf,I'm Incredible 2019 Handicap,STC,4,Local,,1.422841,103.763552
Kranji,Singapore,Asia,1200,Sprint,Turf,Elite Excalibur 2018 Maiden,STC,4,Local,,1.422841,103.763552
Kranji,Singapore,Asia,1200,Sprint,Turf,Twickenham 2016 & 2017 Handicap,STC,4,Local,,1.422841,103.763552
Kranji,Singapore,Asia,1200,Sprint,Turf,Flax 2015 Handicap,STC,4,Local,,1.422841,103.763552
Kranji,Singapore,Asia,1000,Sprint,Turf,Magneto 2014 Handicap,STC,4,Local,,1.422841,103.763552
Kranji,Singapore,Asia,1600,Mile,Turf,Super Ninetyseven 2013 Handicap,STC,4,Local,,1.422841,103.763552
Kranji,Singapore,Asia,1200,Sprint,Turf,Keep Away 2012 Handicap,STC,4,Local,,1.422841,103.763552
Kranji,Singapore,Asia,1600,Mile,Turf,Flying Fulton 2011 Handicap,STC,4,Local,,1.422841,103.763552
Kranji,Singapore,Asia,1000,Sprint,Turf,Always Certain 2010 Handicap,STC,4,Local,,1.422841,103.763552
Kranji,Singapore,Asia,1200,Sprint,Turf,Super Gold 2009 Handicap,STC,4,Local,,1.422841,103.763552
Kranji,Singapore,Asia,1200,Sprint,Turf,Chevron 2008 Handicap,STC,4,Local,,1.422841,103.763552
Kranji,Singapore,Asia,1200,Sprint,Turf,Bold Thruster 2020 Handicap,STC,4,Local,,1.422841,103.763552
Kranji,Singapore,Asia,1200,Sprint,Turf,Blizzard 2019 Maiden,STC,4,Local,,1.422841,103.763552
Kranji,Singapore,Asia,1200,Sprint,Turf,Clarton Super 2018 Handicap,STC,4,Local,,1.422841,103.763552
Kranji,Singapore,Asia,1000,Sprint,Turf,Big Brother 2017 Handicap,STC,4,Local,,1.422841,103.763552
Kranji,Singapore,Asia,1600,Mile,Turf,Quechua 2016 Handicap,STC,4,Local,,1.422841,103.763552
Kranji,Singapore,Asia,1400,Sprint,Turf,Emperor's Banquet 2015 Maiden,STC,4,Local,,1.422841,103.763552
Kranji,Singapore,Asia,1600,Mile,Turf,Stepitup 2014 Handicap,STC,4,Local,,1.422841,103.763552
Kranji,Singapore,Asia,1600,Mile,Turf,Martin 2013 Handicap,STC,4,Local,,1.422841,103.763552
Kranji,Singapore,Asia,1200,Sprint,Turf,Tenzing 2012 Handicap,STC,4,Local,,1.422841,103.763552
Kranji,Singapore,Asia,1600,Mile,Turf,Fatkid 2011 Handicap,STC,4,Local,,1.422841,103.763552
Kranji,Singapore,Asia,1200,Sprint,Turf,Goldschatz 2010 Handicap,STC,4,Local,,1.422841,103.763552
Kranji,Singapore,Asia,1200,Sprint,Turf,Super Dynasty 2020 Handicap,STC,4,Local,,1.422841,103.763552
Kranji,Singapore,Asia,1200,Sprint,Turf,Pennywise 2019 Maiden,STC,4,Local,,1.422841,103.763552
Kranji,Singapore,Asia,1100,Sprint,Turf,Maximum 2018 Handicap,STC,4,Local,,1.422841,103.763552
Kranji,Singapore,Asia,1200,Sprint,Turf,Nova Strike 2017 Handicap,STC,4,Local,,1.422841,103.763552
Kranji,Singapore,Asia,1400,Sprint,Turf,Daniel 2016 Maiden,STC,4,Local,,1.422841,103.763552
Kranji,Singapore,Asia,1600,Mile,Turf,Best Tothelign 2015 Handicap,STC,4,Local,,1.422841,103.763552
Kranji,Singapore,Asia,1100,Sprint,Turf,Order of the Sun 2015 Handicap,STC,4,Local,,1.422841,103.763552
Kranji,Singapore,Asia,1600,Mile,Turf,Johnny Guitar 2014 Handicap,STC,4,Local,,1.422841,103.763552
Kranji,Singapore,Asia,1100,Sprint,Turf,Stepitup 2013 Handicap,STC,4,Local,,1.422841,103.763552
Kranji,Singapore,Asia,1400,Sprint,Turf,Flying Fulton 2012 Handicap,STC,4,Local,,1.422841,103.763552
Kranji,Singapore,Asia,1200,Sprint,Turf,Zac Influence 2011 Handicap,STC,4,Local,,1.422841,103.763552
Kranji,Singapore,Asia,1200,Sprint,Turf,Hongkong Great 2022 Handicap,STC,4,Local,,1.422841,103.763552
Kranji,Singapore,Asia,1200,Sprint,Turf,Big Hearted 2020 Handicap,STC,4,Local,,1.422841,103.763552
Kranji,Singapore,Asia,1400,Sprint,Turf,Mr Clint 2019 Handicap,STC,4,Local,,1.422841,103.763552
Kranji,Singapore,Asia,1600,Mile,Turf,Elite Invincible 2018 Handicap,STC,4,Local,,1.422841,103.763552
Kranji,Singapore,Asia,1600,Mile,Turf,Gilt Complex 2017 Handicap,STC,4,Local,,1.422841,103.763552
Kranji,Singapore,Asia,1200,Sprint,Turf,Bahana 2016 Handicap,STC,4,Local,,1.422841,103.763552
Kranji,Singapore,Asia,1600,Mile,Turf,Cooptado 2015 Handicap,STC,4,Local,,1.422841,103.763552
Kranji,Singapore,Asia,1400,Sprint,Turf,Quechua 2014 Novice,STC,4,Local,,1.422841,103.763552
Kranji,Singapore,Asia,1200,Sprint,Turf,Tropaios 2013 Handicap,STC,4,Local,,1.422841,103.763552
Kranji,Singapore,Asia,1200,Sprint,Turf,Better Life 2012 Handicap,STC,4,Local,,1.422841,103.763552
Kincsem Park,Hungary,Europe,1400,Sprint,Synthetic,Kaposztasmegyeri Dij,KNK,3,G3,,47.498578,19.123467
Kincsem Park,Hungary,Europe,1600,Mile,Turf,Hazafi Dij (Hungarian 1000 Guineas),KNK,3,G3,,47.498578,19.123467
Kincsem Park,Hungary,Europe,1600,Mile,Turf,Batthyany-Hunyady Dij,KNK,2,G2,,47.498578,19.123467
Kincsem Park,Hungary,Europe,1600,Mile,Turf,Nemzeti Dij (Hungarian 2000 Guineas),KNK,2,G2,,47.498578,19.123467
Kincsem Park,Hungary,Europe,1800,Mile,Turf,Millenniumi Dij,KNK,1,G1,,47.498578,19.123467
Kincsem Park,Hungary,Europe,2000,Medium,Turf,Alagi Dij,KNK,2,G2,,47.498578,19.123467
Kincsem Park,Hungary,Europe,2400,Long,Turf,Magyar Derby,KNK,1,G1,,47.498578,19.123467
Kincsem Park,Hungary,Europe,1200,Sprint,Turf,Kozma Ferenc Emlekverseny,KNK,2,G2,,47.498578,19.123467
Kincsem Park,Hungary,Europe,2400,Long,Turf,Magyar Kancadij (Hungarian Oaks),KNK,2,G2,,47.498578,19.123467
Kincsem Park,Hungary,Europe,2000,Medium,Turf,Kisber Dij,KNK,2,G2,,47.498578,19.123467
Kincsem Park,Hungary,Europe,1000,Sprint,Turf,Overdose Dij,KNK,2,G2,,47.498578,19.123467
Kincsem Park,Hungary,Europe,1600,Mile,Turf,Imperial Dij,KNK,2,G2,,47.498578,19.123467
Kincsem Park,Hungary,Europe,2400,Long,Turf,Kincsem Dij,KNK,1,G1,,47.498578,19.123467
Kincsem Park,Hungary,Europe,2400,Long,Turf,Kovacs Mihaly Emlekverseny – Magyar Haromevesek Nagydija,KNK,2,G2,,47.498578,19.123467
Kincsem Park,Hungary,Europe,1300,Sprint,Turf,Grof Karolyi Gyula Emlekverseny,KNK,3,G3,,47.498578,19.123467
Kincsem Park,Hungary,Europe,2000,Medium,Turf,Grof Szechenyi Istvan Emlekverseny,KNK,2,G2,,47.498578,19.123467
Kincsem Park,Hungary,Europe,1400,Sprint,Turf,Szent Laszlo Dij,KNK,2,G2,,47.498578,19.123467
Kincsem Park,Hungary,Europe,1400,Sprint,Turf,Kallai Pal Emlekverseny-Budapesti Dij,KNK,3,G3,,47.498578,19.123467
Kincsem Park,Hungary,Europe,2800,Long,Turf,Magyar St.Leger,KNK,2,G2,,47.498578,19.123467
Kincsem Park,Hungary,Europe,1600,Mile,Turf,Ketevesek Kriteriuma,KNK,3,G3,,47.498578,19.123467
Kincsem Park,Hungary,Europe,2800,Long,Turf,Lovaregyleti Dij,KNK,2,G2,,47.498578,19.123467
Kincsem Park,Hungary,Europe,1600,Mile,Turf,Kétévesek Kritériuma,KNK,4,Local,,47.498578,19.123467
Kincsem Park,Hungary,Europe,2200,Medium,Turf,Szent István Dij,KNK,4,Local,,47.498578,19.123467
Kincsem Park,Hungary,Europe,1200,Sprint,Turf,Budapesti Dij,KNK,4,Local,,47.498578,19.123467
Kincsem Park,Hungary,Europe,1900,Medium,Turf,Budapesti Dij,KNK,4,Local,,47.498578,19.123467
Kincsem Park,Hungary,Europe,2000,Medium,Turf,Budapesti Dij,KNK,4,Local,,47.498578,19.123467
Kincsem Park,Hungary,Europe,2400,Long,Turf,Kállai Pál Emlekverseny,KNK,4,Local,,47.498578,19.123467
Taipa,Macao,Asia,1800,Mile,Turf,Winter Trophy,MJC,3,G3,,22.15461,113.54787
Taipa,Macao,Asia,1500,Mile,Turf,Spring Trophy,MJC,2,G2,,22.15461,113.54787
Taipa,Macao,Asia,1500,Mile,Turf,Macau Hong Kong Trophy,MJC,1,G1,,22.15461,113.54787
Taipa,Macao,Asia,1200,Sprint,Turf,Chairman's Challenge Cup,MJC,1,G1,,22.15461,113.54787
Taipa,Macao,Asia,1350,Sprint,Dirt,Sand Classic Cup,MJC,3,G3,,22.15461,113.54787
Taipa,Macao,Asia,1600,Mile,Dirt,Jai Alai Hotel Cup,MJC,3,G3,,22.15461,113.54787
Taipa,Macao,Asia,1200,Sprint,Turf,Macau Sprint Trophy,MJC,3,G3,,22.15461,113.54787
Taipa,Macao,Asia,1500,Mile,Turf,Directors' Cup,MJC,2,G2,,22.15461,113.54787
Taipa,Macao,Asia,1500,Mile,Turf,Macau Derby Trial,MJC,3,G3,,22.15461,113.54787
Taipa,Macao,Asia,1500,Mile,Turf,Macau Guineas,MJC,1,G1,,22.15461,113.54787
Taipa,Macao,Asia,1350,Sprint,Dirt,Summer Trophy,MJC,2,G2,,22.15461,113.54787
Taipa,Macao,Asia,1800,Mile,Turf,Macau Derby,MJC,1,G1,,22.15461,113.54787
Taipa,Macao,Asia,1600,Mile,Dirt,Macau Star of Sand Stakes,MJC,1,G1,,22.15461,113.54787
Taipa,Macao,Asia,1800,Mile,Turf,Macau Gold Cup,MJC,1,G1,,22.15461,113.54787
Taipa,Macao,Asia,1600,Mile,Dirt,Autumn Trophy,MJC,2,G2,,22.15461,113.54787
Taipa,Macao,Asia,1050,Sprint,Dirt,Lisboa Sand Challenge,MJC,4,Local,,22.15461,113.54787
Taipa,Macao,Asia,1800,Mile,Dirt,Active Bo Bo,MJC,4,Local,,22.15461,113.54787
Taipa,Macao,Asia,1600,Mile,Dirt,Royal Treasure,MJC,4,Local,,22.15461,113.54787
Taipa,Macao,Asia,1100,Sprint,Dirt,Analyst,MJC,4,Local,,22.15461,113.54787
Taipa,Macao,Asia,1600,Mile,Dirt,Natural Blitz,MJC,4,Local,,22.15461,113.54787
Taipa,Macao,Asia,1100,Sprint,Dirt,Crown's Gift,MJC,4,Local,,22.15461,113.54787
Taipa,Macao,Asia,1100,Sprint,Dirt,Pearl Green,MJC,4,Local,,22.15461,113.54787
Taipa,Macao,Asia,1600,Mile,Dirt,The Alfonso,MJC,4,Local,,22.15461,113.54787
Taipa,Macao,Asia,1800,Mile,Dirt,Hostwin Saturn,MJC,4,Local,,22.15461,113.54787
Taipa,Macao,Asia,1050,Sprint,Dirt,MJC Taipa 1050m Dirt,MJC,0,Non-Graded,,22.15461,113.54787
Taipa,Macao,Asia,1300,Sprint,Dirt,MJC Taipa 1300m Dirt,MJC,0,Non-Graded,,22.15461,113.54787
Taipa,Macao,Asia,1500,Mile,Dirt,MJC Taipa 1500m Dirt,MJC,0,Non-Graded,,22.15461,113.54787
Taipa,Macao,Asia,1700,Mile,Dirt,MJC Taipa 1700m Dirt,MJC,0,Non-Graded,,22.15461,113.54787
Taipa,Macao,Asia,1100,Sprint,Turf,MJC Taipa 1100m Turf,MJC,0,Non-Graded,,22.15461,113.54787
Taipa,Macao,Asia,1400,Sprint,Turf,MJC Taipa 1400m Turf,MJC,0,Non-Graded,,22.15461,113.54787
Taipa,Macao,Asia,1700,Mile,Turf,MJC Taipa 1700m Turf,MJC,0,Non-Graded,,22.15461,113.54787
Taipa,Macao,Asia,2000,Medium,Turf,MJC Taipa 2000m Turf,MJC,0,Non-Graded,,22.15461,113.54787
Izmir Şirinyer,Turkiye,Europe,1400,Sprint,Dirt,Alsancak,TJK,2,G2,,38.384444,27.150278
Izmir Şirinyer,Turkiye,Europe,1900,Medium,Dirt,Fehmi Simsaroglu,TJK,3,G3,,38.384444,27.150278
Izmir Şirinyer,Turkiye,Europe,2100,Medium,Dirt,Ege Derbisi,TJK,1,G1,,38.384444,27.150278
Izmir Şirinyer,Turkiye,Europe,1700,Mile,Turf,Fevzi Lutfi Karaosmanoglu,TJK,3,G3,,38.384444,27.150278
Izmir Şirinyer,Turkiye,Europe,2000,Medium,Dirt,Kubilay,TJK,3,G3,,38.384444,27.150278
Izmir Şirinyer,Turkiye,Europe,1000,Sprint,Dirt,TJK Izmir Şirinyer 1000m Dirt,TJK,0,Non-Graded,,38.384444,27.150278
Izmir Şirinyer,Turkiye,Europe,1100,Sprint,Dirt,TJK Izmir Şirinyer 1100m Dirt,TJK,0,Non-Graded,,38.384444,27.150278
Izmir Şirinyer,Turkiye,Europe,1200,Sprint,Dirt,TJK Izmir Şirinyer 1200m Dirt,TJK,0,Non-Graded,,38.384444,27.150278
Izmir Şirinyer,Turkiye,Europe,1000,Sprint,Turf,TJK Izmir Şirinyer 1000m Turf,TJK,0,Non-Graded,,38.384444,27.150278
Izmir Şirinyer,Turkiye,Europe,1100,Sprint,Turf,TJK Izmir Şirinyer 1100m Turf,TJK,0,Non-Graded,,38.384444,27.150278
Izmir Şirinyer,Turkiye,Europe,1200,Sprint,Turf,TJK Izmir Şirinyer 1200m Turf,TJK,0,Non-Graded,,38.384444,27.150278
Izmir Şirinyer,Turkiye,Europe,1300,Sprint,Dirt,TJK Izmir Şirinyer 1300m Dirt,TJK,0,Non-Graded,,38.384444,27.150278
Izmir Şirinyer,Turkiye,Europe,1400,Sprint,Dirt,TJK Izmir Şirinyer 1400m Dirt,TJK,0,Non-Graded,,38.384444,27.150278
Izmir Şirinyer,Turkiye,Europe,1500,Mile,Dirt,TJK Izmir Şirinyer 1500m Dirt,TJK,0,Non-Graded,,38.384444,27.150278
Izmir Şirinyer,Turkiye,Europe,1600,Mile,Dirt,TJK Izmir Şirinyer 1600m Dirt,TJK,0,Non-Graded,,38.384444,27.150278
Izmir Şirinyer,Turkiye,Europe,1300,Sprint,Turf,TJK Izmir Şirinyer 1300m Turf,TJK,0,Non-Graded,,38.384444,27.150278
Izmir Şirinyer,Turkiye,Europe,1400,Sprint,Turf,TJK Izmir Şirinyer 1400m Turf,TJK,0,Non-Graded,,38.384444,27.150278
Izmir Şirinyer,Turkiye,Europe,1500,Mile,Turf,TJK Izmir Şirinyer 1500m Turf,TJK,0,Non-Graded,,38.384444,27.150278
Izmir Şirinyer,Turkiye,Europe,1600,Mile,Turf,TJK Izmir Şirinyer 1600m Turf,TJK,0,Non-Graded,,38.384444,27.150278
Izmir Şirinyer,Turkiye,Europe,1700,Mile,Dirt,TJK Izmir Şirinyer 1700m Dirt,TJK,0,Non-Graded,,38.384444,27.150278
Izmir Şirinyer,Turkiye,Europe,1800,Mile,Dirt,TJK Izmir Şirinyer 1800m Dirt,TJK,0,Non-Graded,,38.384444,27.150278
Izmir Şirinyer,Turkiye,Europe,1900,Medium,Dirt,TJK Izmir Şirinyer 1900m Dirt,TJK,0,Non-Graded,,38.384444,27.150278
Izmir Şirinyer,Turkiye,Europe,2000,Medium,Dirt,TJK Izmir Şirinyer 2000m Dirt,TJK,0,Non-Graded,,38.384444,27.150278
Izmir Şirinyer,Turkiye,Europe,1700,Mile,Turf,TJK Izmir Şirinyer 1700m Turf,TJK,0,Non-Graded,,38.384444,27.150278
Izmir Şirinyer,Turkiye,Europe,1800,Mile,Turf,TJK Izmir Şirinyer 1800m Turf,TJK,0,Non-Graded,,38.384444,27.150278
Izmir Şirinyer,Turkiye,Europe,1900,Medium,Turf,TJK Izmir Şirinyer 1900m Turf,TJK,0,Non-Graded,,38.384444,27.150278
Izmir Şirinyer,Turkiye,Europe,2000,Medium,Turf,TJK Izmir Şirinyer 2000m Turf,TJK,0,Non-Graded,,38.384444,27.150278
Izmir Şirinyer,Turkiye,Europe,2100,Medium,Dirt,TJK Izmir Şirinyer 2100m Dirt,TJK,0,Non-Graded,,38.384444,27.150278
Izmir Şirinyer,Turkiye,Europe,2200,Medium,Dirt,TJK Izmir Şirinyer 2200m Dirt,TJK,0,Non-Graded,,38.384444,27.150278
Izmir Şirinyer,Turkiye,Europe,2400,Long,Dirt,TJK Izmir Şirinyer 2400m Dirt,TJK,0,Non-Graded,,38.384444,27.150278
Izmir Şirinyer,Turkiye,Europe,2100,Medium,Turf,TJK Izmir Şirinyer 2100m Turf,TJK,0,Non-Graded,,38.384444,27.150278
Izmir Şirinyer,Turkiye,Europe,2200,Medium,Turf,TJK Izmir Şirinyer 2200m Turf,TJK,0,Non-Graded,,38.384444,27.150278
Izmir Şirinyer,Turkiye,Europe,2400,Long,Turf,TJK Izmir Şirinyer 2400m Turf,TJK,0,Non-Graded,,38.384444,27.150278
Adana Yeşiloba,Turkiye,Europe,1400,Sprint,Dirt,3 Yasli Ingilizler,TJK,3,G3,,36.992424,35.229635
Adana Yeşiloba,Turkiye,Europe,2100,Medium,Dirt,Akdeniz Derbisi,TJK,1,G1,,36.992424,35.229635
Adana Yeşiloba,Turkiye,Europe,1900,Medium,Dirt,H. Basri Karabucak,TJK,3,G3,,36.992424,35.229635
Adana Yeşiloba,Turkiye,Europe,1000,Sprint,Dirt,TJK Adana Yeşiloba 1000m Dirt,TJK,0,Non-Graded,,36.992424,35.229635
Adana Yeşiloba,Turkiye,Europe,1100,Sprint,Dirt,TJK Adana Yeşiloba 1100m Dirt,TJK,0,Non-Graded,,36.992424,35.229635
Adana Yeşiloba,Turkiye,Europe,1200,Sprint,Dirt,TJK Adana Yeşiloba 1200m Dirt,TJK,0,Non-Graded,,36.992424,35.229635
Adana Yeşiloba,Turkiye,Europe,1300,Sprint,Dirt,TJK Adana Yeşiloba 1300m Dirt,TJK,0,Non-Graded,,36.992424,35.229635
Adana Yeşiloba,Turkiye,Europe,1500,Mile,Dirt,TJK Adana Yeşiloba 1500m Dirt,TJK,0,Non-Graded,,36.992424,35.229635
Adana Yeşiloba,Turkiye,Europe,1600,Mile,Dirt,TJK Adana Yeşiloba 1600m Dirt,TJK,0,Non-Graded,,36.992424,35.229635
Adana Yeşiloba,Turkiye,Europe,1700,Mile,Dirt,TJK Adana Yeşiloba 1700m Dirt,TJK,0,Non-Graded,,36.992424,35.229635
Adana Yeşiloba,Turkiye,Europe,1800,Mile,Dirt,TJK Adana Yeşiloba 1800m Dirt,TJK,0,Non-Graded,,36.992424,35.229635
Adana Yeşiloba,Turkiye,Europe,2000,Medium,Dirt,TJK Adana Yeşiloba 2000m Dirt,TJK,0,Non-Graded,,36.992424,35.229635
Adana Yeşiloba,Turkiye,Europe,2400,Long,Dirt,TJK Adana Yeşiloba 2400m Dirt,TJK,0,Non-Graded,,36.992424,35.229635
Adana Yeşiloba,Turkiye,Europe,1000,Sprint,Turf,TJK Adana Yeşiloba 1000m Turf,TJK,0,Non-Graded,,36.992424,35.229635
Adana Yeşiloba,Turkiye,Europe,1100,Sprint,Turf,TJK Adana Yeşiloba 1100m Turf,TJK,0,Non-Graded,,36.992424,35.229635
Adana Yeşiloba,Turkiye,Europe,1200,Sprint,Turf,TJK Adana Yeşiloba 1200m Turf,TJK,0,Non-Graded,,36.992424,35.229635
Adana Yeşiloba,Turkiye,Europe,1300,Sprint,Turf,TJK Adana Yeşiloba 1300m Turf,TJK,0,Non-Graded,,36.992424,35.229635
Adana Yeşiloba,Turkiye,Europe,1400,Sprint,Turf,TJK Adana Yeşiloba 1400m Turf,TJK,0,Non-Graded,,36.992424,35.229635
Adana Yeşiloba,Turkiye,Europe,1500,Mile,Turf,TJK Adana Yeşiloba 1500m Turf,TJK,0,Non-Graded,,36.992424,35.229635
Adana Yeşiloba,Turkiye,Europe,1600,Mile,Turf,TJK Adana Yeşiloba 1600m Turf,TJK,0,Non-Graded,,36.992424,35.229635
Adana Yeşiloba,Turkiye,Europe,1700,Mile,Turf,TJK Adana Yeşiloba 1700m Turf,TJK,0,Non-Graded,,36.992424,35.229635
Adana Yeşiloba,Turkiye,Europe,1800,Mile,Turf,TJK Adana Yeşiloba 1800m Turf,TJK,0,Non-Graded,,36.992424,35.229635
Adana Yeşiloba,Turkiye,Europe,1900,Medium,Turf,TJK Adana Yeşiloba 1900m Turf,TJK,0,Non-Graded,,36.992424,35.229635
Adana Yeşiloba,Turkiye,Europe,2000,Medium,Turf,TJK Adana Yeşiloba 2000m Turf,TJK,0,Non-Graded,,36.992424,35.229635
Adana Yeşiloba,Turkiye,Europe,2100,Medium,Turf,TJK Adana Yeşiloba 2100m Turf,TJK,0,Non-Graded,,36.992424,35.229635
Adana Yeşiloba,Turkiye,Europe,2400,Long,Turf,TJK Adana Yeşiloba 2400m Turf,TJK,0,Non-Graded,,36.992424,35.229635
Istanbul Veliefendi ,Turkiye,Europe,1400,Sprint,Turf,Tali Calbatur,TJK,3,G3,,40.98709,28.88881
Istanbul Veliefendi ,Turkiye,Europe,1500,Mile,Synthetic,Burhan Karamehmet,TJK,3,G3,,40.98709,28.88881
Istanbul Veliefendi ,Turkiye,Europe,1200,Sprint,Turf,Fikret Yuzatli,TJK,3,G3,,40.98709,28.88881
Istanbul Veliefendi ,Turkiye,Europe,2400,Long,Turf,Fetih,TJK,3,G3,,40.98709,28.88881
Istanbul Veliefendi ,Turkiye,Europe,1600,Mile,Turf,Erkek Tay Deneme (Turkish 2000 Guineas),TJK,1,G1,,40.98709,28.88881
Istanbul Veliefendi ,Turkiye,Europe,1600,Mile,Turf,Disi Tay Deneme (Turkish 1000 Guineas),TJK,1,G1,,40.98709,28.88881
Istanbul Veliefendi ,Turkiye,Europe,2000,Medium,Synthetic,19 Mayis,TJK,1,G1,,40.98709,28.88881
Istanbul Veliefendi ,Turkiye,Europe,2000,Medium,Turf,Ismet Inonu,TJK,2,G2,,40.98709,28.88881
Istanbul Veliefendi ,Turkiye,Europe,1600,Mile,Turf,Vehbi Koc,TJK,3,G3,,40.98709,28.88881
Istanbul Veliefendi ,Turkiye,Europe,2200,Medium,Turf,Sait Akson,TJK,2,G2,,40.98709,28.88881
Istanbul Veliefendi ,Turkiye,Europe,2200,Medium,Turf,A. Cemal Kura,TJK,3,G3,,40.98709,28.88881
Istanbul Veliefendi ,Turkiye,Europe,2100,Medium,Turf,Kisrak (Turkish Oaks),TJK,1,G1,,40.98709,28.88881
Istanbul Veliefendi ,Turkiye,Europe,1600,Mile,Turf,Orhan Doga Ozsoy,TJK,3,G3,,40.98709,28.88881
Istanbul Veliefendi ,Turkiye,Europe,1600,Mile,Turf,Zubeyde Hanim,TJK,2,G2,,40.98709,28.88881
Istanbul Veliefendi ,Turkiye,Europe,2000,Medium,Synthetic,Anafartalar,TJK,1,G1,,40.98709,28.88881
Istanbul Veliefendi ,Turkiye,Europe,2400,Long,Turf,Gazi Derby,TJK,1,G1,,40.98709,28.88881
Istanbul Veliefendi ,Turkiye,Europe,1600,Mile,Turf,Halic,TJK,1,G1,,40.98709,28.88881
Istanbul Veliefendi ,Turkiye,Europe,1900,Medium,Turf,Nene Hatun,TJK,2,G2,,40.98709,28.88881
Istanbul Veliefendi ,Turkiye,Europe,1200,Sprint,Turf,Sadun E.G.Atig,TJK,3,G3,,40.98709,28.88881
Istanbul Veliefendi ,Turkiye,Europe,1500,Mile,Synthetic,Yavuz Sultan Selim,TJK,1,G1,,40.98709,28.88881
Istanbul Veliefendi ,Turkiye,Europe,2000,Medium,Synthetic,Dolmabahce,TJK,2,G2,,40.98709,28.88881
Istanbul Veliefendi ,Turkiye,Europe,2100,Medium,Turf,Ozdemir Atman,TJK,3,G3,,40.98709,28.88881
Istanbul Veliefendi ,Turkiye,Europe,2100,Medium,Synthetic,Beyoglu,TJK,2,G2,,40.98709,28.88881
Istanbul Veliefendi ,Turkiye,Europe,1400,Sprint,Turf,Kocatepe,TJK,3,G3,,40.98709,28.88881
Istanbul Veliefendi ,Turkiye,Europe,2000,Medium,Turf,Avrasya,TJK,1,G1,,40.98709,28.88881
Istanbul Veliefendi ,Turkiye,Europe,1200,Sprint,Turf,Inonu (I),TJK,3,G3,,40.98709,28.88881
Istanbul Veliefendi ,Turkiye,Europe,1200,Sprint,Turf,Inonu (II),TJK,3,G3,,40.98709,28.88881
Istanbul Veliefendi ,Turkiye,Europe,2200,Medium,Turf,Mimar Sinan,TJK,3,G3,,40.98709,28.88881
Istanbul Veliefendi ,Turkiye,Europe,2400,Long,Turf,Celal Bayar,TJK,2,G2,,40.98709,28.88881
Istanbul Veliefendi ,Turkiye,Europe,1600,Mile,Turf,Fatih Sultan Mehmet,TJK,1,G1,,40.98709,28.88881
Istanbul Veliefendi ,Turkiye,Europe,2400,Long,Turf,Buyuk Taarruz,TJK,2,G2,,40.98709,28.88881
Istanbul Veliefendi ,Turkiye,Europe,1400,Sprint,Turf,Tay Deneme,TJK,2,G2,,40.98709,28.88881
Istanbul Veliefendi ,Turkiye,Europe,1600,Mile,Turf,International Istanbul Trophy,TJK,3,G3,,40.98709,28.88881
Istanbul Veliefendi ,Turkiye,Europe,2000,Medium,Synthetic,International France Galop/FRBC Anatolia Trophy,TJK,2,G2,,40.98709,28.88881
Istanbul Veliefendi ,Turkiye,Europe,1200,Sprint,Turf,International Trakya Trophy,TJK,3,G3,,40.98709,28.88881
Istanbul Veliefendi ,Turkiye,Europe,2400,Long,Turf,International Bogazici Cup,TJK,2,G2,,40.98709,28.88881
Istanbul Veliefendi ,Turkiye,Europe,1600,Mile,Turf,International Topkapi Trophy,TJK,2,G2,,40.98709,28.88881
Istanbul Veliefendi ,Turkiye,Europe,1400,Sprint,Turf,S.I.A.Y. Ve Sah Der,TJK,2,G2,,40.98709,28.88881
Istanbul Veliefendi ,Turkiye,Europe,1400,Sprint,Turf,T.Y.A.Y. Ve Sah Der,TJK,2,G2,,40.98709,28.88881
Istanbul Veliefendi ,Turkiye,Europe,1600,Mile,Turf,Marmara,TJK,2,G2,,40.98709,28.88881
Istanbul Veliefendi ,Turkiye,Europe,2400,Long,Turf,TJK Cup,TJK,1,G1,,40.98709,28.88881
Istanbul Veliefendi ,Turkiye,Europe,1400,Sprint,Synthetic,Kemal Sahir Kurutluoglu,TJK,3,G3,,40.98709,28.88881
Istanbul Veliefendi ,Turkiye,Europe,2000,Medium,Synthetic,Byerley Turk,TJK,1,G1,,40.98709,28.88881
Istanbul Veliefendi ,Turkiye,Europe,2100,Medium,Turf,Harem,TJK,1,G1,,40.98709,28.88881
Istanbul Veliefendi ,Turkiye,Europe,1600,Mile,Turf,Zuhtu Erisen,TJK,3,G3,,40.98709,28.88881
Istanbul Veliefendi ,Turkiye,Europe,1600,Mile,Turf,Caldiran Stakes,TJK,1,G1,,40.98709,28.88881
Istanbul Veliefendi ,Turkiye,Europe,1800,Mile,Turf,Sakarya,TJK,2,G2,,40.98709,28.88881
Istanbul Veliefendi ,Turkiye,Europe,2100,Medium,Synthetic,International IFAHR Trophy,TJK,4,Local,,40.98709,28.88881
Ankara 75th Anniversary,Turkiye,Europe,1600,Mile,Turf,Cevre Ve Sehircilik Bakanligi,TJK,3,G3,,39.96942,32.68218
Ankara 75th Anniversary,Turkiye,Europe,1600,Mile,Turf,Adnan Menderes,TJK,2,G2,,39.96942,32.68218
Ankara 75th Anniversary,Turkiye,Europe,2200,Medium,Turf,Mehmet Akif Ersoy,TJK,2,G2,,39.96942,32.68218
Ankara 75th Anniversary,Turkiye,Europe,1900,Medium,Turf,Fevzi Cakmak,TJK,2,G2,,39.96942,32.68218
Ankara 75th Anniversary,Turkiye,Europe,1200,Sprint,Turf,Demokrasi Ve Milli Birlik Gunu,TJK,2,G2,,39.96942,32.68218
Ankara 75th Anniversary,Turkiye,Europe,1600,Mile,Turf,Karadeniz,TJK,1,G1,,39.96942,32.68218
Ankara 75th Anniversary,Turkiye,Europe,1300,Sprint,Turf,Karayel,TJK,1,G1,,39.96942,32.68218
Ankara 75th Anniversary,Turkiye,Europe,2200,Medium,Dirt,Yildirim Bayezid,TJK,1,G1,,39.96942,32.68218
Ankara 75th Anniversary,Turkiye,Europe,1000,Sprint,Turf,Surat,TJK,1,G1,,39.96942,32.68218
Ankara 75th Anniversary,Turkiye,Europe,2800,Long,Turf,Ankara Stakes (Turkish St. Leger),TJK,1,G1,,39.96942,32.68218
Ankara 75th Anniversary,Turkiye,Europe,1400,Sprint,Turf,Queen Elizabeth II International,TJK,2,G2,,39.96942,32.68218
Ankara 75th Anniversary,Turkiye,Europe,2000,Medium,Dirt,Kapadokya,TJK,1,G1,,39.96942,32.68218
Ankara 75th Anniversary,Turkiye,Europe,1500,Mile,Dirt,Ankara Kalesi,TJK,1,G1,,39.96942,32.68218
Ankara 75th Anniversary,Turkiye,Europe,2400,Long,Turf,Cumhurbaskanligi,TJK,1,G1,,39.96942,32.68218
Ankara 75th Anniversary,Turkiye,Europe,1600,Mile,Dirt,Ankara Handicap 3YO Thoroughbreds,TJK,4,Local,,39.96942,32.68218
Ankara 75th Anniversary,Turkiye,Europe,1900,Medium,Dirt,Ankara Handicap 3YO Thoroughbreds,TJK,4,Local,,39.96942,32.68218
Ankara 75th Anniversary,Turkiye,Europe,1600,Mile,Turf,Ankara Handicap 3YO Thoroughbreds,TJK,4,Local,,39.96942,32.68218
Ankara 75th Anniversary,Turkiye,Europe,1900,Medium,Turf,Ankara Handicap 3YO Thoroughbreds,TJK,4,Local,,39.96942,32.68218
Ankara 75th Anniversary,Turkiye,Europe,1400,Sprint,Dirt,Condition-9 Races,TJK,4,Local,,39.96942,32.68218
Ankara 75th Anniversary,Turkiye,Europe,1600,Mile,Dirt,Condition-9 Races,TJK,4,Local,,39.96942,32.68218
Ankara 75th Anniversary,Turkiye,Europe,2100,Medium,Dirt,Condition-9 Races,TJK,4,Local,,39.96942,32.68218
Ankara 75th Anniversary,Turkiye,Europe,2200,Medium,Dirt,Condition-9 Races,TJK,4,Local,,39.96942,32.68218
Ankara 75th Anniversary,Turkiye,Europe,1400,Sprint,Turf,Condition-9 Races,TJK,4,Local,,39.96942,32.68218
Ankara 75th Anniversary,Turkiye,Europe,1600,Mile,Turf,Condition-9 Races,TJK,4,Local,,39.96942,32.68218
Ankara 75th Anniversary,Turkiye,Europe,2100,Medium,Turf,Condition-9 Races,TJK,4,Local,,39.96942,32.68218
Ankara 75th Anniversary,Turkiye,Europe,2200,Medium,Turf,Condition-9 Races,TJK,4,Local,,39.96942,32.68218
Ankara 75th Anniversary,Turkiye,Europe,1200,Sprint,Dirt,Maiden Races,TJK,4,Local,,39.96942,32.68218
Ankara 75th Anniversary,Turkiye,Europe,1500,Mile,Dirt,Maiden Races,TJK,4,Local,,39.96942,32.68218
Ankara 75th Anniversary,Turkiye,Europe,1200,Sprint,Turf,Maiden Races,TJK,4,Local,,39.96942,32.68218
Ankara 75th Anniversary,Turkiye,Europe,1500,Mile,Turf,Maiden Races,TJK,4,Local,,39.96942,32.68218
Bursa Osmangazi,Turkiye,Europe,1400,Sprint,Turf,Osmangazi,TJK,2,G2,,40.193298,29.074202
Bursa Osmangazi,Turkiye,Europe,1400,Sprint,Dirt,Ertugrul Gazi,TJK,3,G3,,40.193298,29.074202
Bursa Osmangazi,Turkiye,Europe,2000,Medium,Turf,Yunus Emre,TJK,3,G3,,40.193298,29.074202
Bursa Osmangazi,Turkiye,Europe,1200,Sprint,Turf,TJK Bursa Osmangazi 1200m Turf,TJK,0,Non-Graded,,40.193298,29.074202
Bursa Osmangazi,Turkiye,Europe,1300,Sprint,Turf,TJK Bursa Osmangazi 1300m Turf,TJK,0,Non-Graded,,40.193298,29.074202
Bursa Osmangazi,Turkiye,Europe,1500,Mile,Turf,TJK Bursa Osmangazi 1500m Turf,TJK,0,Non-Graded,,40.193298,29.074202
Bursa Osmangazi,Turkiye,Europe,1700,Mile,Turf,TJK Bursa Osmangazi 1700m Turf,TJK,0,Non-Graded,,40.193298,29.074202
Bursa Osmangazi,Turkiye,Europe,1800,Mile,Turf,TJK Bursa Osmangazi 1800m Turf,TJK,0,Non-Graded,,40.193298,29.074202
Bursa Osmangazi,Turkiye,Europe,1900,Medium,Turf,TJK Bursa Osmangazi 1900m Turf,TJK,0,Non-Graded,,40.193298,29.074202
Bursa Osmangazi,Turkiye,Europe,2100,Medium,Turf,TJK Bursa Osmangazi 2100m Turf,TJK,0,Non-Graded,,40.193298,29.074202
Bursa Osmangazi,Turkiye,Europe,2200,Medium,Turf,TJK Bursa Osmangazi 2200m Turf,TJK,0,Non-Graded,,40.193298,29.074202
Bursa Osmangazi,Turkiye,Europe,2400,Long,Turf,TJK Bursa Osmangazi 2400m Turf,TJK,0,Non-Graded,,40.193298,29.074202
Bursa Osmangazi,Turkiye,Europe,1200,Sprint,Dirt,TJK Bursa Osmangazi 1200m Dirt,TJK,0,Non-Graded,,40.193298,29.074202
Bursa Osmangazi,Turkiye,Europe,1300,Sprint,Dirt,TJK Bursa Osmangazi 1300m Dirt,TJK,0,Non-Graded,,40.193298,29.074202
Bursa Osmangazi,Turkiye,Europe,1500,Mile,Dirt,TJK Bursa Osmangazi 1500m Dirt,TJK,0,Non-Graded,,40.193298,29.074202
Bursa Osmangazi,Turkiye,Europe,1700,Mile,Dirt,TJK Bursa Osmangazi 1700m Dirt,TJK,0,Non-Graded,,40.193298,29.074202
Bursa Osmangazi,Turkiye,Europe,1800,Mile,Dirt,TJK Bursa Osmangazi 1800m Dirt,TJK,0,Non-Graded,,40.193298,29.074202
Bursa Osmangazi,Turkiye,Europe,1900,Medium,Dirt,TJK Bursa Osmangazi 1900m Dirt,TJK,0,Non-Graded,,40.193298,29.074202
Bursa Osmangazi,Turkiye,Europe,2000,Medium,Dirt,TJK Bursa Osmangazi 2000m Dirt,TJK,0,Non-Graded,,40.193298,29.074202
Bursa Osmangazi,Turkiye,Europe,2100,Medium,Dirt,TJK Bursa Osmangazi 2100m Dirt,TJK,0,Non-Graded,,40.193298,29.074202
Bursa Osmangazi,Turkiye,Europe,2200,Medium,Dirt,TJK Bursa Osmangazi 2200m Dirt,TJK,0,Non-Graded,,40.193298,29.074202
Bursa Osmangazi,Turkiye,Europe,2400,Long,Dirt,TJK Bursa Osmangazi 2400m Dirt,TJK,0,Non-Graded,,40.193298,29.074202
Ascot,Great Britain,Europe,1600,Mile,Turf,Queen Anne Stakes,BHA,1,G1,,51.416111,-0.676944
Ascot,Great Britain,Europe,1000,Sprint,Turf,King Charles III Stakes,BHA,1,G1,,51.416111,-0.676944
Ascot,Great Britain,Europe,1600,Mile,Turf,St. James's Palace Stakes,BHA,1,G1,,51.416111,-0.676944
Ascot,Great Britain,Europe,2000,Medium,Turf,Prince of Wales's Stakes,BHA,1,G1,,51.416111,-0.676944
Ascot,Great Britain,Europe,4000,Long,Turf,Gold Cup,BHA,1,G1,,51.416111,-0.676944
Ascot,Great Britain,Europe,1200,Sprint,Turf,Commonwealth Cup,BHA,1,G1,,51.416111,-0.676944
Ascot,Great Britain,Europe,2400,Long,Turf,King George VI and Queen Elizabeth Stakes,BHA,1,G1,,51.416111,-0.676944
Ascot,Great Britain,Europe,3200,Long,Turf,British Champions Long Distance Cup,BHA,1,G1,,51.416111,-0.676944
Ascot,Great Britain,Europe,1200,Sprint,Turf,British Champions Sprint Stakes,BHA,1,G1,,51.416111,-0.676944
Ascot,Great Britain,Europe,2400,Long,Turf,British Champions Fillies' and Mares' Stakes,BHA,1,G1,,51.416111,-0.676944
Ascot,Great Britain,Europe,1600,Mile,Turf,Queen Elizabeth II Stakes,BHA,1,G1,,51.416111,-0.676944
Ascot,Great Britain,Europe,2000,Medium,Turf,Champion Stakes,BHA,1,G1,,51.416111,-0.676944
Ascot,Great Britain,Europe,1200,Sprint,Turf,Coventry Stakes,BHA,2,G2,,51.416111,-0.676944
Ascot,Great Britain,Europe,1000,Sprint,Turf,Queen Mary Stakes,BHA,2,G2,,51.416111,-0.676944
Ascot,Great Britain,Europe,2800,Long,Turf,Queen's Vase,BHA,2,G2,,51.416111,-0.676944
Ascot,Great Britain,Europe,1600,Mile,Turf,Duke of Cambridge Stakes,BHA,2,G2,,51.416111,-0.676944
Ascot,Great Britain,Europe,1000,Sprint,Turf,Norfolk Stakes,BHA,2,G2,,51.416111,-0.676944
Ascot,Great Britain,Europe,2400,Long,Turf,Ribblesdale Stakes,BHA,2,G2,,51.416111,-0.676944
Ascot,Great Britain,Europe,2400,Long,Turf,King Edward VII Stakes,BHA,2,G2,,51.416111,-0.676944
Ascot,Great Britain,Europe,2400,Long,Turf,Hardwicke Stakes,BHA,2,G2,,51.416111,-0.676944
Ascot,Great Britain,Europe,1600,Mile,Turf,Summer Mile Stakes,BHA,2,G2,,51.416111,-0.676944
Ascot,Great Britain,Europe,3200,Long,Turf,Sagaro Stakes,BHA,3,G3,,51.416111,-0.676944
Ascot,Great Britain,Europe,1200,Sprint,Turf,Pavillion Stakes,BHA,3,G3,,51.416111,-0.676944
Ascot,Great Britain,Europe,2000,Medium,Turf,Hampton Court Stakes,BHA,3,G3,,51.416111,-0.676944
Ascot,Great Britain,Europe,1200,Sprint,Turf,Albany Stakes,BHA,3,G3,,51.416111,-0.676944
Ascot,Great Britain,Europe,1400,Sprint,Turf,Jersey Stakes,BHA,3,G3,,51.416111,-0.676944
Ascot,Great Britain,Europe,1200,Sprint,Turf,Princess Margaret Stakes,BHA,3,G3,,51.416111,-0.676944
Ascot,Great Britain,Europe,1600,Mile,Turf,Valiant Stakes,BHA,3,G3,,51.416111,-0.676944
Ascot,Great Britain,Europe,2400,Long,Turf,Cumberland Lodge Stakes,BHA,3,G3,,51.416111,-0.676944
Ascot,Great Britain,Europe,1200,Sprint,Turf,Bengough Stakes,BHA,3,G3,,51.416111,-0.676944
Ascot,Great Britain,Europe,1600,Mile,Turf,Paradise Stakes,BHA,4,Local,,51.416111,-0.676944
Ascot,Great Britain,Europe,2000,Medium,Turf,Wolferton Stakes,BHA,4,Local,,51.416111,-0.676944
Ascot,Great Britain,Europe,1200,Sprint,Turf,Windsor Castle Stakes,BHA,4,Local,,51.416111,-0.676944
Ascot,Great Britain,Europe,1400,Sprint,Turf,Chesham Stakes,BHA,4,Local,,51.416111,-0.676944
Ascot,Great Britain,Europe,1400,Sprint,Turf,Pat Eddery Stakes,BHA,4,Local,,51.416111,-0.676944
Ascot,Great Britain,Europe,2800,Long,Turf,Noel Murless Stakes,BHA,4,Local,,51.416111,-0.676944
Ascot,Great Britain,Europe,1000,Sprint,Turf,Rous Stakes,BHA,4,Local,,51.416111,-0.676944
Ascot,Great Britain,Europe,1400,Sprint,Turf,October Stakes,BHA,4,Local,,51.416111,-0.676944
Ascot,Great Britain,Europe,1400,Sprint,Turf,Victoria Cup,BHA,4,Local,,51.416111,-0.676944
Ascot,Great Britain,Europe,4000,Long,Turf,Ascot Stakes,BHA,4,Local,,51.416111,-0.676944
Ascot,Great Britain,Europe,1600,Mile,Turf,Royal Hunt Cup,BHA,4,Local,,51.416111,-0.676944
Ascot,Great Britain,Europe,2400,Long,Turf,King George V Stakes,BHA,4,Local,,51.416111,-0.676944
Ascot,Great Britain,Europe,1600,Mile,Turf,Britannia Stakes,BHA,4,Local,,51.416111,-0.676944
Ascot,Great Britain,Europe,1200,Sprint,Turf,Wokingham Stakes,BHA,4,Local,,51.416111,-0.676944
Ascot,Great Britain,Europe,1000,Sprint,Turf,LK Bennett Butterfly Mark Heritage Handicap,BHA,4,Local,,51.416111,-0.676944
Ascot,Great Britain,Europe,1400,Sprint,Turf,International Stakes,BHA,4,Local,,51.416111,-0.676944
Ascot,Great Britain,Europe,2400,Long,Turf,Silent Pool Gin Handicap,BHA,4,Local,,51.416111,-0.676944
Ascot,Great Britain,Europe,1400,Sprint,Turf,BetMGM Challenge Cup,BHA,4,Local,,51.416111,-0.676944
Ascot,Great Britain,Europe,2800,Long,Turf,Copper Horse Stakes,BHA,4,Local,,51.416111,-0.676944
Ascot,Great Britain,Europe,1600,Mile,Turf,Kensington Palace Stakes,BHA,4,Local,,51.416111,-0.676944
Ascot,Great Britain,Europe,1400,Sprint,Turf,Buckingham Palace Stakes,BHA,4,Local,,51.416111,-0.676944
Ascot,Great Britain,Europe,2400,Long,Turf,Duke of Edinburgh Stakes,BHA,4,Local,,51.416111,-0.676944
Ascot,Great Britain,Europe,1600,Mile,Turf,Sandringham Stakes,BHA,4,Local,,51.416111,-0.676944
Ascot,Great Britain,Europe,1000,Sprint,Turf,Palace of Holyroodhouse Stakes,BHA,4,Local,,51.416111,-0.676944
Ascot,Great Britain,Europe,2000,Medium,Turf,Golden Gates Stakes,BHA,4,Local,,51.416111,-0.676944
Ascot,Great Britain,Europe,1000,Sprint,Turf,Shergar Cup Dash,BHA,4,Local,British Shergar Cup,51.416111,-0.676944
Ascot,Great Britain,Europe,3200,Long,Turf,Shergar Cup Stayers,BHA,4,Local,British Shergar Cup,51.416111,-0.676944
Ascot,Great Britain,Europe,2400,Long,Turf,Shergar Cup Challenge,BHA,4,Local,British Shergar Cup,51.416111,-0.676944
Ascot,Great Britain,Europe,1200,Sprint,Turf,Shergar Cup Sprint,BHA,4,Local,British Shergar Cup,51.416111,-0.676944
Ascot,Great Britain,Europe,2400,Long,Turf,Shergar Cup Classic,BHA,4,Local,British Shergar Cup,51.416111,-0.676944
Ascot,Great Britain,Europe,1600,Mile,Turf,Shergar Cup Mile,BHA,4,Local,British Shergar Cup,51.416111,-0.676944
Ascot,Great Britain,Europe,1400,Sprint,Turf,Schwepps Handicap,BHA,4,Local,,51.416111,-0.676944
Ascot,Great Britain,Europe,1600,Mile,Turf,Balmoral Handicap,BHA,4,Local,,51.416111,-0.676944
Ascot,Great Britain,Europe,4300,Long,Turf,Queen Alexandra Stakes,BHA,4,Local,,51.416111,-0.676944
Ascot,Great Britain,Europe,1200,Sprint,Turf,British Champions Day Two-Year-Old Conditions Stakes,BHA,4,Local,,51.416111,-0.676944
Doncaster,Great Britain,Europe,2900,Long,Turf,St Leger Stakes,BHA,1,G1,British Triple Crown,53.520278,-1.096667
Doncaster,Great Britain,Europe,1600,Mile,Turf,Futurity Trophy,BHA,1,G1,,53.520278,-1.096667
Doncaster,Great Britain,Europe,1600,Mile,Turf,May Hill Stakes,BHA,2,G2,,53.520278,-1.096667
Doncaster,Great Britain,Europe,2900,Long,Turf,Park Hill Stakes,BHA,2,G2,,53.520278,-1.096667
Doncaster,Great Britain,Europe,1000,Sprint,Turf,Flying Childers Stakes,BHA,2,G2,,53.520278,-1.096667
Doncaster,Great Britain,Europe,3600,Long,Turf,Doncaster Cup,BHA,2,G2,,53.520278,-1.096667
Doncaster,Great Britain,Europe,1400,Sprint,Turf,Champagne Stakes,BHA,2,G2,,53.520278,-1.096667
Doncaster,Great Britain,Europe,1400,Sprint,Turf,Park Stakes,BHA,2,G2,,53.520278,-1.096667
Doncaster,Great Britain,Europe,1400,Sprint,Turf,Sceptre Stakes,BHA,3,G3,,53.520278,-1.096667
Doncaster,Great Britain,Europe,1200,Sprint,Turf,Cammidge Trophy,BHA,4,Local,,53.520278,-1.096667
Doncaster,Great Britain,Europe,1600,Mile,Turf,Doncaster Mile Stakes,BHA,4,Local,,53.520278,-1.096667
Doncaster,Great Britain,Europe,1400,Sprint,Turf,Flying Scotsman Stakes,BHA,4,Local,,53.520278,-1.096667
Doncaster,Great Britain,Europe,1200,Sprint,Turf,Doncaster Stakes,BHA,4,Local,,53.520278,-1.096667
Doncaster,Great Britain,Europe,1200,Sprint,Turf,Wentworth Stakes,BHA,4,Local,,53.520278,-1.096667
Doncaster,Great Britain,Europe,2000,Medium,Turf,Gillies Fillies' Stakes,BHA,4,Local,,53.520278,-1.096667
Doncaster,Great Britain,Europe,1600,Mile,Turf,Lincoln Handicap,BHA,4,Local,,53.520278,-1.096667
Doncaster,Great Britain,Europe,1100,Sprint,Turf,Portland Handicap,BHA,4,Local,,53.520278,-1.096667
Doncaster,Great Britain,Europe,2900,Long,Turf,Mallard Handicap,BHA,4,Local,,53.520278,-1.096667
Doncaster,Great Britain,Europe,2400,Long,Turf,November Handicap,BHA,4,Local,,53.520278,-1.096667
Doncaster,Great Britain,Europe,1000,Sprint,Turf,Brocklesby Stakes,BHA,4,Local,,53.520278,-1.096667
Doncaster,Great Britain,Europe,1300,Sprint,Turf,Weatherbys Scientific 2YO Stakes,BHA,4,Local,,53.520278,-1.096667
Epsom Downs,Great Britain,Europe,2400,Long,Turf,Oaks Stakes,BHA,1,G1,,51.309722,-0.255556
Epsom Downs,Great Britain,Europe,2400,Long,Turf,Coronation Cup,BHA,1,G1,,51.309722,-0.255556
Epsom Downs,Great Britain,Europe,2400,Long,Turf,Derby Stakes,BHA,1,G1,British Triple Crown,51.309722,-0.255556
Epsom Downs,Great Britain,Europe,1700,Mile,Turf,Diomed Stakes,BHA,3,G3,,51.309722,-0.255556
Epsom Downs,Great Britain,Europe,1400,Sprint,Turf,Tattenham Corner Stakes,BHA,3,G3,,51.309722,-0.255556
Epsom Downs,Great Britain,Europe,1700,Mile,Turf,Princess Elizabeth Stakes,BHA,3,G3,,51.309722,-0.255556
Epsom Downs,Great Britain,Europe,2000,Medium,Turf,Blue Riband Trial Stakes,BHA,4,Local,,51.309722,-0.255556
Epsom Downs,Great Britain,Europe,1400,Sprint,Turf,Surrey Stakes,BHA,4,Local,,51.309722,-0.255556
Epsom Downs,Great Britain,Europe,1000,Sprint,Turf,Epsom Dash,BHA,4,Local,,51.309722,-0.255556
Epsom Downs,Great Britain,Europe,2000,Medium,Turf,City and Surburban Handicap,BHA,4,Local,,51.309722,-0.255556
Epsom Downs,Great Britain,Europe,2400,Long,Turf,Great Metropolitan Handicap,BHA,4,Local,,51.309722,-0.255556
Epsom Downs,Great Britain,Europe,1000,Sprint,Turf,3YO Dash,BHA,4,Local,,51.309722,-0.255556
Epsom Downs,Great Britain,Europe,2000,Medium,Turf,Betfred 'Nifty 50' Handicap,BHA,4,Local,,51.309722,-0.255556
Epsom Downs,Great Britain,Europe,1700,Mile,Turf,HKJC World Pool Handicap,BHA,4,Local,,51.309722,-0.255556
Epsom Downs,Great Britain,Europe,1400,Sprint,Turf,Debenhams Handicap,BHA,4,Local,,51.309722,-0.255556
Epsom Downs,Great Britain,Europe,2000,Medium,Turf,Lester Piggott Handicap,BHA,4,Local,,51.309722,-0.255556
Epsom Downs,Great Britain,Europe,2400,Long,Turf,Northern Dancer Handicap,BHA,4,Local,,51.309722,-0.255556
Epsom Downs,Great Britain,Europe,1200,Sprint,Turf,JRA Tokyo Trophy Handicap,BHA,4,Local,,51.309722,-0.255556
Epsom Downs,Great Britain,Europe,1200,Sprint,Turf,Woodcote Stakes,BHA,4,Local,,51.309722,-0.255556
Goodwood,Great Britain,Europe,3200,Long,Turf,Goodwood Cup,BHA,1,G1,,50.896944,-0.7425
Goodwood,Great Britain,Europe,1600,Mile,Turf,Sussex Stakes,BHA,1,G1,,50.896944,-0.7425
Goodwood,Great Britain,Europe,1900,Medium,Turf,Nassau Stakes,BHA,1,G1,,50.896944,-0.7425
Goodwood,Great Britain,Europe,1400,Sprint,Turf,Vintage Stakes,BHA,2,G2,,50.896944,-0.7425
Goodwood,Great Britain,Europe,1400,Sprint,Turf,Lennox Stakes,BHA,2,G2,,50.896944,-0.7425
Goodwood,Great Britain,Europe,1200,Sprint,Turf,Richmond Stakes,BHA,2,G2,,50.896944,-0.7425
Goodwood,Great Britain,Europe,1000,Sprint,Turf,King George Stakes,BHA,2,G2,,50.896944,-0.7425
Goodwood,Great Britain,Europe,1600,Mile,Turf,Little Langtry Stakes,BHA,2,G2,,50.896944,-0.7425
Goodwood,Great Britain,Europe,1600,Mile,Turf,Celebration Mile,BHA,2,G2,,50.896944,-0.7425
Goodwood,Great Britain,Europe,1400,Sprint,Turf,Oak Tree Stakes,BHA,3,G3,,50.896944,-0.7425
Goodwood,Great Britain,Europe,1000,Sprint,Turf,Molecomb Stakes,BHA,3,G3,,50.896944,-0.7425
Goodwood,Great Britain,Europe,2400,Long,Turf,Gordon Stakes,BHA,3,G3,,50.896944,-0.7425
Goodwood,Great Britain,Europe,1600,Mile,Turf,Thoroughbred Stakes,BHA,3,G3,,50.896944,-0.7425
Goodwood,Great Britain,Europe,2400,Long,Turf,Glorious Stakes,BHA,3,G3,,50.896944,-0.7425
Goodwood,Great Britain,Europe,1400,Sprint,Turf,Prestige Stakes,BHA,3,G3,,50.896944,-0.7425
Goodwood,Great Britain,Europe,2400,Long,Turf,Daisy Warwick Stakes,BHA,4,Local,,50.896944,-0.7425
Goodwood,Great Britain,Europe,1600,Mile,Turf,Conqueror Stakes,BHA,4,Local,,50.896944,-0.7425
Goodwood,Great Britain,Europe,2000,Medium,Turf,Festival Stakes,BHA,4,Local,,50.896944,-0.7425
Goodwood,Great Britain,Europe,2200,Medium,Turf,Cocked Hat Stakes,BHA,4,Local,,50.896944,-0.7425
Goodwood,Great Britain,Europe,2000,Medium,Turf,Height of Fashion Stakes,BHA,4,Local,,50.896944,-0.7425
Goodwood,Great Britain,Europe,2000,Medium,Turf,Agnes Keyser Fillies' Stakes,BHA,4,Local,,50.896944,-0.7425
Goodwood,Great Britain,Europe,2400,Long,Turf,Tapster Stakes,BHA,4,Local,,50.896944,-0.7425
Goodwood,Great Britain,Europe,2000,Medium,Turf,Foundation Stakes,BHA,4,Local,,50.896944,-0.7425
Goodwood,Great Britain,Europe,1600,Mile,Turf,Golden Mile,BHA,4,Local,,50.896944,-0.7425
Goodwood,Great Britain,Europe,1200,Sprint,Turf,Stewards' Cup,BHA,4,Local,,50.896944,-0.7425
Goodwood,Great Britain,Europe,1400,Sprint,Turf,Harroways Handicap,BHA,4,Local,,50.896944,-0.7425
Goodwood,Great Britain,Europe,2000,Medium,Turf,Chesterfield Cup,BHA,4,Local,,50.896944,-0.7425
Goodwood,Great Britain,Europe,2000,Medium,Turf,Kincsem Handicap,BHA,4,Local,,50.896944,-0.7425
Goodwood,Great Britain,Europe,1000,Sprint,Turf,Coral Golden Rewards Shaker Handicap,BHA,4,Local,,50.896944,-0.7425
Goodwood,Great Britain,Europe,2400,Long,Turf,Coral Pipped at the Post Winners Handicap,BHA,4,Local,,50.896944,-0.7425
Goodwood,Great Britain,Europe,2000,Medium,Turf,British Stallion Studs EBF Fillies' Handicap,BHA,4,Local,,50.896944,-0.7425
Goodwood,Great Britain,Europe,4000,Long,Turf,Goowood Handicap,BHA,4,Local,,50.896944,-0.7425
Goodwood,Great Britain,Europe,1600,Mile,Turf,Summer Handicap,BHA,4,Local,,50.896944,-0.7425
Goodwood,Great Britain,Europe,1400,Sprint,Turf,Whispering Angel Handicap Stakes,BHA,4,Local,,50.896944,-0.7425
Goodwood,Great Britain,Europe,1400,Sprint,Turf,Virgin Bet Every Saturday Money Back Handicap,BHA,4,Local,,50.896944,-0.7425
Haydock,Great Britain,Europe,1200,Sprint,Turf,Sprint Cup,BHA,1,G1,,53.478056,-2.621944
Haydock,Great Britain,Europe,1200,Sprint,Turf,Sandy Lee Stakes,BHA,2,G2,,53.478056,-2.621944
Haydock,Great Britain,Europe,1000,Sprint,Turf,Temple Stakes,BHA,2,G2,,53.478056,-2.621944
Haydock,Great Britain,Europe,2400,Long,Turf,Lancashire Oaks,BHA,2,G2,,53.478056,-2.621944
Haydock,Great Britain,Europe,2400,Long,Turf,Lester Piggott Stakes,BHA,3,G3,,53.478056,-2.621944
Haydock,Great Britain,Europe,2100,Medium,Turf,Rose of Lancaster Stakes,BHA,3,G3,,53.478056,-2.621944
Haydock,Great Britain,Europe,1600,Mile,Turf,Superior Mile,BHA,3,G3,,53.478056,-2.621944
Haydock,Great Britain,Europe,1400,Sprint,Turf,Spring Trophy,BHA,4,Local,,53.478056,-2.621944
Haydock,Great Britain,Europe,1200,Sprint,Turf,Cecil Frail Stakes,BHA,4,Local,,53.478056,-2.621944
Haydock,Great Britain,Europe,2100,Medium,Turf,Hedge of Oak Stakes,BHA,4,Local,,53.478056,-2.621944
Haydock,Great Britain,Europe,1000,Sprint,Turf,Achilles Stakes,BHA,4,Local,,53.478056,-2.621944
Haydock,Great Britain,Europe,1600,Mile,Turf,Dick Hern Fillies' Stakes,BHA,4,Local,,53.478056,-2.621944
Haydock,Great Britain,Europe,1600,Mile,Turf,Ascendant Stakes,BHA,4,Local,,53.478056,-2.621944
Haydock,Great Britain,Europe,1600,Mile,Turf,Silver Bowl,BHA,4,Local,,53.478056,-2.621944
Haydock,Great Britain,Europe,2800,Long,Turf,Bet365 Handicap Stakes,BHA,4,Local,,53.478056,-2.621944
Haydock,Great Britain,Europe,2400,Long,Turf,Old Newton Cup,BHA,4,Local,,53.478056,-2.621944
Haydock,Great Britain,Europe,2800,Long,Turf,Betfair Plays in a Different League Handicap,BHA,4,Local,,53.478056,-2.621944
Haydock,Great Britain,Europe,2800,Long,Turf,Old Borough Cup,BHA,4,Local,,53.478056,-2.621944
Newbury,Great Britain,Europe,1600,Mile,Turf,Lockinge Stakes,BHA,1,G1,,51.394444,-1.300556
Newbury,Great Britain,Europe,1400,Sprint,Turf,Hungerford Stakes,BHA,2,G2,,51.394444,-1.300556
Newbury,Great Britain,Europe,1200,Sprint,Turf,Mill Reef Stakes,BHA,2,G2,,51.394444,-1.300556
Newbury,Great Britain,Europe,1400,Sprint,Turf,Fred Darling Stakes,BHA,3,G3,,51.394444,-1.300556
Newbury,Great Britain,Europe,1400,Sprint,Turf,Greenham Stakes,BHA,3,G3,,51.394444,-1.300556
Newbury,Great Britain,Europe,1600,Mile,Turf,John Porter Stakes,BHA,3,G3,,51.394444,-1.300556
Newbury,Great Britain,Europe,1600,Mile,Turf,Aston Park Stakes,BHA,3,G3,,51.394444,-1.300556
Newbury,Great Britain,Europe,1200,Sprint,Turf,Hackwood Stakes,BHA,3,G3,,51.394444,-1.300556
Newbury,Great Britain,Europe,2600,Long,Turf,Geoffrey Freer Stakes,BHA,3,G3,,51.394444,-1.300556
Newbury,Great Britain,Europe,1000,Sprint,Turf,World Trophy,BHA,3,G3,,51.394444,-1.300556
Newbury,Great Britain,Europe,1600,Mile,Turf,St. Simon Stakes,BHA,3,G3,,51.394444,-1.300556
Newbury,Great Britain,Europe,1400,Sprint,Turf,Horris Hill Stakes,BHA,3,G3,,51.394444,-1.300556
Newbury,Great Britain,Europe,1600,Mile,Turf,Fillies' Trial Stakes,BHA,4,Local,,51.394444,-1.300556
Newbury,Great Britain,Europe,1200,Sprint,Turf,Carnarvon Stakes,BHA,4,Local,,51.394444,-1.300556
Newbury,Great Britain,Europe,1200,Sprint,Turf,Rose Bowl Stakes,BHA,4,Local,,51.394444,-1.300556
Newbury,Great Britain,Europe,1600,Mile,Turf,Steventon Stakes,BHA,4,Local,,51.394444,-1.300556
Newbury,Great Britain,Europe,1000,Sprint,Turf,St Hugh's Stakes,BHA,4,Local,,51.394444,-1.300556
Newbury,Great Britain,Europe,1400,Sprint,Turf,Dubai Duty Free Cup,BHA,4,Local,,51.394444,-1.300556
Newbury,Great Britain,Europe,1400,Sprint,Turf,Redley Stakes,BHA,4,Local,,51.394444,-1.300556
Newbury,Great Britain,Europe,1600,Mile,Turf,Silver Bowl,BHA,4,Local,,51.394444,-1.300556
Newbury,Great Britain,Europe,1600,Mile,Turf,Spring Cup,BHA,4,Local,,51.394444,-1.300556
Newbury,Great Britain,Europe,1200,Sprint,Turf,Hong Kong Jockey Club Handicap,BHA,4,Local,,51.394444,-1.300556
Newbury,Great Britain,Europe,1600,Mile,Turf,Boyle Sports Home of the Early Payout Handicap,BHA,4,Local,,51.394444,-1.300556
Newbury,Great Britain,Europe,3300,Long,Turf,Back the Super Boost at BetVictor Handicap,BHA,4,Local,,51.394444,-1.300556
Newbury,Great Britain,Europe,2600,Long,Turf,Autumn Cup,BHA,4,Local,,51.394444,-1.300556
Newbury,Great Britain,Europe,1600,Mile,Turf,Dubai Duty Free Handicap,BHA,4,Local,,51.394444,-1.300556
Newbury,Great Britain,Europe,1400,Sprint,Turf,Full of Surprises Fillies' Conditions Stakes,BHA,4,Local,,51.394444,-1.300556
Newbury,Great Britain,Europe,1600,Mile,Turf,"Haynes, Hanson and Clark Conditions Stakes",BHA,4,Local,,51.394444,-1.300556
Newbury,Great Britain,Europe,1000,Sprint,Turf,Weatherbys Super Sprint,BHA,4,Local,,51.394444,-1.300556
Newmarket,Great Britain,Europe,1600,Mile,Turf,2000 Guineas Stakes,BHA,1,G1,British Triple Crown,52.2375,0.37444
Newmarket,Great Britain,Europe,1600,Mile,Turf,1000 Guineas Stakes,BHA,1,G1,,52.2375,0.37444
Newmarket,Great Britain,Europe,1200,Sprint,Turf,Cheveley Park Stakes,BHA,1,G1,,52.2375,0.37444
Newmarket,Great Britain,Europe,1200,Sprint,Turf,Middle Park Stakes,BHA,1,G1,,52.2375,0.37444
Newmarket,Great Britain,Europe,1600,Mile,Turf,Sun Chariot Stakes,BHA,1,G1,,52.2375,0.37444
Newmarket,Great Britain,Europe,1600,Mile,Turf,Fillies' Mile,BHA,1,G1,,52.2375,0.37444
Newmarket,Great Britain,Europe,1400,Sprint,Turf,Dewhurst Stakes,BHA,1,G1,,52.2375,0.37444
Newmarket,Great Britain,Europe,1600,Mile,Turf,Falmouth Stakes,BHA,1,G1,,52.2375,0.37444
Newmarket,Great Britain,Europe,1200,Sprint,Turf,July Cup,BHA,1,G1,,52.2375,0.37444
Newmarket,Great Britain,Europe,2400,Long,Turf,Jockey Club Stakes,BHA,2,G2,,52.2375,0.37444
Newmarket,Great Britain,Europe,1800,Mile,Turf,Dahlia Stakes,BHA,2,G2,,52.2375,0.37444
Newmarket,Great Britain,Europe,1400,Sprint,Turf,Rockfel Stakes,BHA,2,G2,,52.2375,0.37444
Newmarket,Great Britain,Europe,1600,Mile,Turf,Joel Stakes,BHA,2,G2,,52.2375,0.37444
Newmarket,Great Britain,Europe,1600,Mile,Turf,Royal Lodge Stakes,BHA,2,G2,,52.2375,0.37444
Newmarket,Great Britain,Europe,1400,Sprint,Turf,Challenge Stakes,BHA,2,G2,,52.2375,0.37444
Newmarket,Great Britain,Europe,1200,Sprint,Turf,July Stakes,BHA,2,G2,,52.2375,0.37444
Newmarket,Great Britain,Europe,2400,Long,Turf,Princess of Wales's Stakes,BHA,2,G2,,52.2375,0.37444
Newmarket,Great Britain,Europe,1200,Sprint,Turf,Duchess of Cambridge Stakes,BHA,2,G2,,52.2375,0.37444
Newmarket,Great Britain,Europe,1400,Sprint,Turf,Superlative Stakes,BHA,2,G2,,52.2375,0.37444
Newmarket,Great Britain,Europe,1800,Mile,Turf,Earl of Sefton Stakes,BHA,3,G3,,52.2375,0.37444
Newmarket,Great Britain,Europe,1400,Sprint,Turf,Neil Gwyn Stakes,BHA,3,G3,,52.2375,0.37444
Newmarket,Great Britain,Europe,1200,Sprint,Turf,Abernant Stakes,BHA,3,G3,,52.2375,0.37444
Newmarket,Great Britain,Europe,1600,Mile,Turf,Craven Stakes,BHA,3,G3,,52.2375,0.37444
Newmarket,Great Britain,Europe,1000,Sprint,Turf,Palace House Stakes,BHA,3,G3,,52.2375,0.37444
Newmarket,Great Britain,Europe,1400,Sprint,Turf,Sommerville Tattersall Stakes,BHA,3,G3,,52.2375,0.37444
Newmarket,Great Britain,Europe,2400,Long,Turf,Princess Royal Stakes,BHA,3,G3,,52.2375,0.37444
Newmarket,Great Britain,Europe,1000,Sprint,Turf,Cornwallis Stakes,BHA,3,G3,,52.2375,0.37444
Newmarket,Great Britain,Europe,1400,Sprint,Turf,Oh So Sharp Stakes,BHA,3,G3,,52.2375,0.37444
Newmarket,Great Britain,Europe,2000,Medium,Turf,Pride Stakes,BHA,3,G3,,52.2375,0.37444
Newmarket,Great Britain,Europe,1800,Mile,Turf,Darley Stakes,BHA,3,G3,,52.2375,0.37444
Newmarket,Great Britain,Europe,2000,Medium,Turf,Zetland Stakes,BHA,3,G3,,52.2375,0.37444
Newmarket,Great Britain,Europe,1600,Mile,Turf,Autumn Stakes,BHA,3,G3,,52.2375,0.37444
Newmarket,Great Britain,Europe,2600,Long,Turf,Bahrain Trophy,BHA,3,G3,,52.2375,0.37444
Newmarket,Great Britain,Europe,1400,Sprint,Turf,Sweet Solera Stakes,BHA,3,G3,,52.2375,0.37444
Newmarket,Great Britain,Europe,1800,Mile,Turf,Feilden Stakes,BHA,4,Local,,52.2375,0.37444
Newmarket,Great Britain,Europe,2000,Medium,Turf,Newmarket Stakes,BHA,4,Local,,52.2375,0.37444
Newmarket,Great Britain,Europe,1400,Sprint,Turf,King Charles II Stakes,BHA,4,Local,,52.2375,0.37444
Newmarket,Great Britain,Europe,1200,Sprint,Turf,Ellen Chaloner Stakes,BHA,4,Local,,52.2375,0.37444
Newmarket,Great Britain,Europe,2000,Medium,Turf,Pretty Polly Stakes,BHA,4,Local,,52.2375,0.37444
Newmarket,Great Britain,Europe,3200,Long,Turf,Jockey Club Rose Bowl,BHA,4,Local,,52.2375,0.37444
Newmarket,Great Britain,Europe,1600,Mile,Turf,Rosemary Stakes,BHA,4,Local,,52.2375,0.37444
Newmarket,Great Britain,Europe,2400,Long,Turf,Godolphin Stakes,BHA,4,Local,,52.2375,0.37444
Newmarket,Great Britain,Europe,1200,Sprint,Turf,Boadicea Fillies' Stakes,BHA,4,Local,,52.2375,0.37444
Newmarket,Great Britain,Europe,1200,Sprint,Turf,Bosra Sham Stakes,BHA,4,Local,,52.2375,0.37444
Newmarket,Great Britain,Europe,2000,Medium,Turf,James Seymour Stakes,BHA,4,Local,,52.2375,0.37444
Newmarket,Great Britain,Europe,1600,Mile,Turf,Montrose Stakes,BHA,4,Local,,52.2375,0.37444
Newmarket,Great Britain,Europe,1200,Sprint,Turf,Empress Stakes,BHA,4,Local,,52.2375,0.37444
Newmarket,Great Britain,Europe,1600,Mile,Turf,Sir Henry Cecil Stakes,BHA,4,Local,,52.2375,0.37444
Newmarket,Great Britain,Europe,2400,Long,Turf,Aphrodite Stakes,BHA,4,Local,,52.2375,0.37444
Newmarket,Great Britain,Europe,2400,Long,Turf,Chalice Stakes,BHA,4,Local,,52.2375,0.37444
Newmarket,Great Britain,Europe,1200,Sprint,Turf,Hopeful Stakes,BHA,4,Local,,52.2375,0.37444
Newmarket,Great Britain,Europe,1200,Sprint,Turf,Betfred Handicap,BHA,4,Local,,52.2375,0.37444
Newmarket,Great Britain,Europe,1800,Mile,Turf,Suffork Stakes,BHA,4,Local,,52.2375,0.37444
Newmarket,Great Britain,Europe,2800,Long,Turf,Betfred Handicap,BHA,4,Local,,52.2375,0.37444
Newmarket,Great Britain,Europe,1800,Mile,Turf,Cambridgeshire Handicap,BHA,4,Local,,52.2375,0.37444
Newmarket,Great Britain,Europe,3600,Long,Turf,Cesarewitch Handicap,BHA,4,Local,,52.2375,0.37444
Newmarket,Great Britain,Europe,2400,Long,Turf,Old Rowley Cup,BHA,4,Local,,52.2375,0.37444
Newmarket,Great Britain,Europe,1200,Sprint,Turf,Bet Boost at Bet365 Handicap,BHA,4,Local,,52.2375,0.37444
Newmarket,Great Britain,Europe,2000,Medium,Turf,Bet365 Handicap,BHA,4,Local,,52.2375,0.37444
Newmarket,Great Britain,Europe,2800,Long,Turf,Bet365 Trophy,BHA,4,Local,,52.2375,0.37444
Newmarket,Great Britain,Europe,1400,Sprint,Turf,Bunburry Cup,BHA,4,Local,,52.2375,0.37444
Newmarket,Great Britain,Europe,1200,Sprint,Turf,Grey Horse Handicap,BHA,4,Local,,52.2375,0.37444
Newmarket,Great Britain,Europe,1400,Sprint,Turf,Federation of Bloodstock Agents EBF Conditions Stakes,BHA,4,Local,,52.2375,0.37444
Newmarket,Great Britain,Europe,1600,Mile,Turf,Wood Ditton Maiden Stakes,BHA,4,Local,,52.2375,0.37444
Newmarket,Great Britain,Europe,1200,Sprint,Turf,Tattersalls October Auction Stakes,BHA,4,Local,,52.2375,0.37444
Newmarket,Great Britain,Europe,1200,Sprint,Turf,Tattersalls Somerville Auction Stakes,BHA,4,Local,,52.2375,0.37444
Sandown,Great Britain,Europe,2000,Medium,Turf,Eclipse Stakes,BHA,1,G1,,51.375833,-0.361667
Sandown,Great Britain,Europe,1600,Mile,Turf,Sandown Mile,BHA,2,G2,,51.375833,-0.361667
Sandown,Great Britain,Europe,2000,Medium,Turf,Gordon Richards Stakes,BHA,3,G3,,51.375833,-0.361667
Sandown,Great Britain,Europe,2000,Medium,Turf,Sandown Classic Trial,BHA,3,G3,,51.375833,-0.361667
Sandown,Great Britain,Europe,3200,Long,Turf,Henry II Stakes,BHA,3,G3,,51.375833,-0.361667
Sandown,Great Britain,Europe,2000,Medium,Turf,Brigadier Gerard Stakes,BHA,3,G3,,51.375833,-0.361667
Sandown,Great Britain,Europe,1000,Sprint,Turf,Sprint Stakes,BHA,3,G3,,51.375833,-0.361667
Sandown,Great Britain,Europe,1400,Sprint,Turf,Solario Stakes,BHA,3,G3,,51.375833,-0.361667
Sandown,Great Britain,Europe,1600,Mile,Turf,Atalanta Stakes,BHA,3,G3,,51.375833,-0.361667
Sandown,Great Britain,Europe,1000,Sprint,Turf,National Stakes,BHA,4,Local,,51.375833,-0.361667
Sandown,Great Britain,Europe,1600,Mile,Turf,Heron Stakes,BHA,4,Local,,51.375833,-0.361667
Sandown,Great Britain,Europe,1000,Sprint,Turf,Scurry Stakes,BHA,4,Local,,51.375833,-0.361667
Sandown,Great Britain,Europe,1000,Sprint,Turf,Dragon Stakes,BHA,4,Local,,51.375833,-0.361667
Sandown,Great Britain,Europe,2000,Medium,Turf,Gala Stakes,BHA,4,Local,,51.375833,-0.361667
Sandown,Great Britain,Europe,3200,Long,Turf,Esher Stakes,BHA,4,Local,,51.375833,-0.361667
Sandown,Great Britain,Europe,1600,Mile,Turf,Coral Distaff,BHA,4,Local,,51.375833,-0.361667
Sandown,Great Britain,Europe,1400,Sprint,Turf,Star Stakes,BHA,4,Local,,51.375833,-0.361667
Sandown,Great Britain,Europe,1600,Mile,Turf,Fortune Stakes,BHA,4,Local,,51.375833,-0.361667
Sandown,Great Britain,Europe,1600,Mile,Turf,Esher Cup,BHA,4,Local,,51.375833,-0.361667
Sandown,Great Britain,Europe,1600,Mile,Turf,Whitsun Cup,BHA,4,Local,,51.375833,-0.361667
Sandown,Great Britain,Europe,1600,Mile,Turf,Coral Challenge,BHA,4,Local,,51.375833,-0.361667
York,Great Britain,Europe,2000,Medium,Turf,Juddmonte International,BHA,1,G1,,53.938611,-1.0975
York,Great Britain,Europe,2300,Medium,Turf,Yorkshire Oaks,BHA,1,G1,,53.938611,-1.0975
York,Great Britain,Europe,1000,Sprint,Turf,Nunthorpe Stakes,BHA,1,G1,,53.938611,-1.0975
York,Great Britain,Europe,1400,Sprint,Turf,City of York Stakes,BHA,1,G1,,53.938611,-1.0975
York,Great Britain,Europe,1200,Sprint,Turf,Minister Stakes,BHA,2,G2,,53.938611,-1.0975
York,Great Britain,Europe,2000,Medium,Turf,Middleton Stakes,BHA,2,G2,,53.938611,-1.0975
York,Great Britain,Europe,2000,Medium,Turf,Dante Stakes,BHA,2,G2,,53.938611,-1.0975
York,Great Britain,Europe,2800,Long,Turf,Yorkshire Cup,BHA,2,G2,,53.938611,-1.0975
York,Great Britain,Europe,2000,Medium,Turf,York Stakes,BHA,2,G2,,53.938611,-1.0975
York,Great Britain,Europe,2400,Long,Turf,Great Voltigeur Stakes,BHA,2,G2,,53.938611,-1.0975
York,Great Britain,Europe,1200,Sprint,Turf,Lowther Stakes,BHA,2,G2,,53.938611,-1.0975
York,Great Britain,Europe,3200,Long,Turf,Lonsdale Cup,BHA,2,G2,,53.938611,-1.0975
York,Great Britain,Europe,1200,Sprint,Turf,Gimcrack Stakes,BHA,2,G2,,53.938611,-1.0975
York,Great Britain,Europe,2000,Medium,Turf,Musidora Stakes,BHA,3,G3,,53.938611,-1.0975
York,Great Britain,Europe,2800,Long,Turf,Brontë Cup,BHA,3,G3,,53.938611,-1.0975
York,Great Britain,Europe,1400,Sprint,Turf,Criterion Stakes,BHA,3,G3,,53.938611,-1.0975
York,Great Britain,Europe,1200,Sprint,Turf,Summer Stakes,BHA,3,G3,,53.938611,-1.0975
York,Great Britain,Europe,2800,Long,Turf,John Smith's Silver Cup Stakes,BHA,3,G3,,53.938611,-1.0975
York,Great Britain,Europe,1400,Sprint,Turf,Acomb Stakes,BHA,3,G3,,53.938611,-1.0975
York,Great Britain,Europe,1800,Mile,Turf,Strensall Stakes,BHA,3,G3,,53.938611,-1.0975
York,Great Britain,Europe,1000,Sprint,Turf,Westow Stakes,BHA,4,Local,,53.938611,-1.0975
York,Great Britain,Europe,1600,Mile,Turf,Michael Seely Memorial Stakes,BHA,4,Local,,53.938611,-1.0975
York,Great Britain,Europe,1000,Sprint,Turf,Marygate Fillies' Stakes,BHA,4,Local,,53.938611,-1.0975
York,Great Britain,Europe,2800,Long,Turf,Grand Cup,BHA,4,Local,,53.938611,-1.0975
York,Great Britain,Europe,1000,Sprint,Turf,City Walls Stakes,BHA,4,Local,,53.938611,-1.0975
York,Great Britain,Europe,2000,Medium,Turf,Lyric Stakes,BHA,4,Local,,53.938611,-1.0975
York,Great Britain,Europe,2400,Long,Turf,Galtres Stakes,BHA,4,Local,,53.938611,-1.0975
York,Great Britain,Europe,1000,Sprint,Turf,Roses Stakes,BHA,4,Local,,53.938611,-1.0975
York,Great Britain,Europe,1200,Sprint,Turf,Garrowby Stakes,BHA,4,Local,,53.938611,-1.0975
York,Great Britain,Europe,1200,Sprint,Turf,Rockingham Stakes,BHA,4,Local,,53.938611,-1.0975
York,Great Britain,Europe,2000,Medium,Turf,John Smith's Cup,BHA,4,Local,,53.938611,-1.0975
York,Great Britain,Europe,1000,Sprint,Turf,Sky Bet Knavesmire Handicap,BHA,4,Local,,53.938611,-1.0975
York,Great Britain,Europe,3200,Long,Turf,Sky Bet Stayers Handicap,BHA,4,Local,,53.938611,-1.0975
York,Great Britain,Europe,1000,Sprint,Turf,"IRE Incentive, It Pays to Buy Irish Fillies' Handicap",BHA,4,Local,,53.938611,-1.0975
York,Great Britain,Europe,1600,Mile,Turf,Clipper Handicap,BHA,4,Local,,53.938611,-1.0975
York,Great Britain,Europe,1400,Sprint,Turf,British EBF fillies' Handicap,BHA,4,Local,,53.938611,-1.0975
York,Great Britain,Europe,2400,Long,Turf,Sky Bet Handicap,BHA,4,Local,,53.938611,-1.0975
York,Great Britain,Europe,2000,Medium,Turf,Assured Data Protection EBF Fillies' Handicap,BHA,4,Local,,53.938611,-1.0975
York,Great Britain,Europe,1600,Mile,Turf,Sky Bet Mile,BHA,4,Local,,53.938611,-1.0975
York,Great Britain,Europe,2800,Long,Turf,Melrose Handicap,BHA,4,Local,,53.938611,-1.0975
York,Great Britain,Europe,2800,Long,Turf,Ebor Handicap,BHA,4,Local,,53.938611,-1.0975
York,Great Britain,Europe,1200,Sprint,Turf,Constantine Handicap,BHA,4,Local,,53.938611,-1.0975
York,Great Britain,Europe,2000,Medium,Turf,Sky Bet Finale Handicap,BHA,4,Local,,53.938611,-1.0975
York,Great Britain,Europe,1200,Sprint,Turf,Coral Sprint Trophy,BHA,4,Local,,53.938611,-1.0975
York,Great Britain,Europe,2400,Long,Turf,Jorvik Handicap,BHA,4,Local,,53.938611,-1.0975
York,Great Britain,Europe,1600,Mile,Turf,Hambleton Handicap,BHA,4,Local,,53.938611,-1.0975
York,Great Britain,Europe,1200,Sprint,Turf,Macmillan Sprint,BHA,4,Local,,53.938611,-1.0975
York,Great Britain,Europe,1200,Sprint,Turf,Sky Bet Dash,BHA,4,Local,,53.938611,-1.0975
York,Great Britain,Europe,1200,Sprint,Turf,Sky Bet Nursery Handicap,BHA,4,Local,,53.938611,-1.0975
York,Great Britain,Europe,1400,Sprint,Turf,Mews Hotel EBF Stallions Nursery Handicap,BHA,4,Local,,53.938611,-1.0975
York,Great Britain,Europe,1400,Sprint,Turf,Convivial Maiden Stakes,BHA,4,Local,,53.938611,-1.0975
York,Great Britain,Europe,1400,Sprint,Turf,"British EBF £100,000 Final",BHA,4,Local,,53.938611,-1.0975
York,Great Britain,Europe,1200,Sprint,Turf,Harry's Half Million by Goffs Premier Yearling Stakes,BHA,4,Local,,53.938611,-1.0975
Chester,Great Britain,Europe,2000,Medium,Turf,Huxley Stakes,BHA,2,G2,,53.186389,-2.899722
Chester,Great Britain,Europe,2400,Long,Turf,Chester Vase,BHA,3,G3,,53.186389,-2.899722
Chester,Great Britain,Europe,2600,Long,Turf,Ormonde Stakes,BHA,3,G3,,53.186389,-2.899722
Chester,Great Britain,Europe,2200,Medium,Turf,Cheshire Oaks,BHA,4,Local,,53.186389,-2.899722
Chester,Great Britain,Europe,2000,Medium,Turf,Dee Stakes,BHA,4,Local,,53.186389,-2.899722
Chester,Great Britain,Europe,1400,Sprint,Turf,City Plate,BHA,4,Local,,53.186389,-2.899722
Chester,Great Britain,Europe,1200,Sprint,Turf,Queensferry Stakes,BHA,4,Local,,53.186389,-2.899722
Chester,Great Britain,Europe,2800,Long,Turf,Chester Stakes,BHA,4,Local,,53.186389,-2.899722
Chester,Great Britain,Europe,2400,Long,Turf,Stand Cup,BHA,4,Local,,53.186389,-2.899722
Chester,Great Britain,Europe,3800,Long,Turf,Chester Cup,BHA,4,Local,,53.186389,-2.899722
Chester,Great Britain,Europe,3200,Long,Turf,Watergate Cup,BHA,4,Local,,53.186389,-2.899722
Chester,Great Britain,Europe,1600,Mile,Turf,Livescore Bet Handicap,BHA,4,Local,,53.186389,-2.899722
Chester,Great Britain,Europe,1000,Sprint,Turf,Lily Agnes EBF Conditions Stakes,BHA,4,Local,,53.186389,-2.899722
Ayr,Great Britain,Europe,1200,Sprint,Turf,Firth of Clyde Stakes,BHA,3,G3,,55.465,-4.608611
Ayr,Great Britain,Europe,1000,Sprint,Turf,Land O'Burns Fillies' Stakes,BHA,4,Local,,55.465,-4.608611
Ayr,Great Britain,Europe,1000,Sprint,Turf,Harry Rosebery Stakes,BHA,4,Local,,55.465,-4.608611
Ayr,Great Britain,Europe,1100,Sprint,Turf,Arran Scottish Fillies' Sprint Stakes,BHA,4,Local,,55.465,-4.608611
Ayr,Great Britain,Europe,2000,Medium,Turf,Doonside Cup,BHA,4,Local,,55.465,-4.608611
Ayr,Great Britain,Europe,1200,Sprint,Turf,Ayr Gold Cup,BHA,4,Local,,55.465,-4.608611
Ayr,Great Britain,Europe,1400,Sprint,Turf,BHA Ayr 1400m Turf,BHA,0,Non-Graded,,55.465,-4.608611
Ayr,Great Britain,Europe,1600,Mile,Turf,BHA Ayr 1600m Turf,BHA,0,Non-Graded,,55.465,-4.608611
Ayr,Great Britain,Europe,1800,Mile,Turf,BHA Ayr 1800m Turf,BHA,0,Non-Graded,,55.465,-4.608611
Ayr,Great Britain,Europe,2600,Long,Turf,BHA Ayr 2600m Turf,BHA,0,Non-Graded,,55.465,-4.608611
Ayr,Great Britain,Europe,3000,Long,Turf,BHA Ayr 3000m Turf,BHA,0,Non-Graded,,55.465,-4.608611
Ayr,Great Britain,Europe,3400,Long,Turf,BHA Ayr 3400m Turf,BHA,0,Non-Graded,,55.465,-4.608611
Kempton,Great Britain,Europe,2400,Long,Synthetic,September Stakes,BHA,3,G3,,51.418611,-0.398056
Kempton,Great Britain,Europe,1200,Sprint,Synthetic,Sirenia Stakes,BHA,3,G3,,51.418611,-0.398056
Kempton,Great Britain,Europe,1600,Mile,Synthetic,Snowdrop Fillies' Stakes,BHA,4,Local,,51.418611,-0.398056
Kempton,Great Britain,Europe,2000,Medium,Synthetic,Magnolia Stakes,BHA,4,Local,,51.418611,-0.398056
Kempton,Great Britain,Europe,2400,Long,Synthetic,Floodlit Stakes,BHA,4,Local,,51.418611,-0.398056
Kempton,Great Britain,Europe,1600,Mile,Synthetic,Hyde Stakes,BHA,4,Local,,51.418611,-0.398056
Kempton,Great Britain,Europe,2400,Long,Synthetic,Wild Flower Stakes,BHA,4,Local,,51.418611,-0.398056
Kempton,Great Britain,Europe,2200,Medium,Synthetic,Rosebery Handicap,BHA,4,Local,,51.418611,-0.398056
Kempton,Great Britain,Europe,1600,Mile,Synthetic,London Mile Series Final,BHA,4,Local,,51.418611,-0.398056
Kempton,Great Britain,Europe,1200,Sprint,Synthetic,London Sprint Series Final,BHA,4,Local,,51.418611,-0.398056
Kempton,Great Britain,Europe,2200,Medium,Synthetic,London Middle Distance Series Final,BHA,4,Local,,51.418611,-0.398056
Kempton,Great Britain,Europe,3200,Long,Synthetic,London Stayers' Series Final,BHA,4,Local,,51.418611,-0.398056
Kempton,Great Britain,Europe,1600,Mile,Synthetic,European Road to the Kentucky Derby Conditions Stakes,BHA,4,Local,,51.418611,-0.398056
Kempton,Great Britain,Europe,1600,Mile,Synthetic,British EBF Fillies' Conditions Stakes,BHA,4,Local,,51.418611,-0.398056
Kempton,Great Britain,Europe,1600,Mile,Synthetic,British EBF Conditions Stakes,BHA,4,Local,,51.418611,-0.398056
Kempton,Great Britain,Europe,1000,Sprint,Synthetic,BHA Kempton 1000m Synthetic,BHA,0,Non-Graded,,51.418611,-0.398056
Kempton,Great Britain,Europe,1400,Sprint,Synthetic,BHA Kempton 1400m Synthetic,BHA,0,Non-Graded,,51.418611,-0.398056
Kempton,Great Britain,Europe,1800,Mile,Synthetic,BHA Kempton 1800m Synthetic,BHA,0,Non-Graded,,51.418611,-0.398056
Lingfield,Great Britain,Europe,2000,Medium,Synthetic,Winter Derby,BHA,3,G3,,51.170556,-0.005
Lingfield,Great Britain,Europe,1400,Sprint,Turf,Chartwell Fillies' Stakes,BHA,3,G3,,51.170556,-0.005
Lingfield,Great Britain,Europe,1200,Sprint,Synthetic,Kachy Stakes,BHA,4,Local,,51.170556,-0.005
Lingfield,Great Britain,Europe,1000,Sprint,Synthetic,Hever Sprint Stakes,BHA,4,Local,,51.170556,-0.005
Lingfield,Great Britain,Europe,1400,Sprint,Synthetic,Spring Cup,BHA,4,Local,,51.170556,-0.005
Lingfield,Great Britain,Europe,2400,Long,Turf,Lingfield Oaks Trial,BHA,4,Local,,51.170556,-0.005
Lingfield,Great Britain,Europe,2400,Long,Turf,Lingfield Derby Trial,BHA,4,Local,,51.170556,-0.005
Lingfield,Great Britain,Europe,1600,Mile,Synthetic,Fleur de Lys Fillies' Stakes,BHA,4,Local,,51.170556,-0.005
Lingfield,Great Britain,Europe,2600,Long,Synthetic,River Eden Fillies' Stakes,BHA,4,Local,,51.170556,-0.005
Lingfield,Great Britain,Europe,2000,Medium,Synthetic,Quebec Stakes,BHA,4,Local,,51.170556,-0.005
Lingfield,Great Britain,Europe,2000,Medium,Synthetic,Winter Oaks Fillies' Handicap,BHA,4,Local,,51.170556,-0.005
Newcastle,Great Britain,Europe,2000,Medium,Synthetic,Hopping Stakes,BHA,3,G3,,55.030833,-1.611667
Newcastle,Great Britain,Europe,1200,Sprint,Synthetic,Chipchase Stakes,BHA,3,G3,,55.030833,-1.611667
Newcastle,Great Britain,Europe,1600,Mile,Synthetic,Burradon Stakes,BHA,4,Local,,55.030833,-1.611667
Newcastle,Great Britain,Europe,3200,Long,Synthetic,Northumberland Plate,BHA,4,Local,,55.030833,-1.611667
Newcastle,Great Britain,Europe,1200,Sprint,Synthetic,All-Weather 3YO Championships Handicap,BHA,4,Local,,55.030833,-1.611667
Newcastle,Great Britain,Europe,1400,Sprint,Synthetic,Fillies' and Mares' Championships Handicap,BHA,4,Local,,55.030833,-1.611667
Newcastle,Great Britain,Europe,1600,Mile,Synthetic,All-Weather Championships Mile Handicap,BHA,4,Local,,55.030833,-1.611667
Newcastle,Great Britain,Europe,1200,Sprint,Synthetic,All-Weather Sprint Handicap,BHA,4,Local,,55.030833,-1.611667
Newcastle,Great Britain,Europe,2000,Medium,Synthetic,All-Weather Easter Classic Middle Distance Handicap,BHA,4,Local,,55.030833,-1.611667
Newcastle,Great Britain,Europe,3200,Long,Synthetic,All-Weather Easter Plate Marathon Handicap,BHA,4,Local,,55.030833,-1.611667
Newcastle,Great Britain,Europe,1000,Sprint,Synthetic,Gosforth Park Cup,BHA,4,Local,,55.030833,-1.611667
Newcastle,Great Britain,Europe,2500,Long,Synthetic,BHA Newcastle 2500m Synthetic,BHA,0,Non-Graded,,55.030833,-1.611667
Salisbury,Great Britain,Europe,1200,Sprint,Turf,Dick Poole Fillies' Stakes,BHA,3,G3,,51.054167,-1.855278
Salisbury,Great Britain,Europe,1200,Sprint,Turf,Cathedral Stakes,BHA,4,Local,,51.054167,-1.855278
Salisbury,Great Britain,Europe,1600,Mile,Turf,Stonehenge Stakes,BHA,4,Local,,51.054167,-1.855278
Salisbury,Great Britain,Europe,2000,Medium,Turf,Upavon Fillies' Stakes,BHA,4,Local,,51.054167,-1.855278
Salisbury,Great Britain,Europe,1000,Sprint,Turf,BHA Salisbury 1000m Turf,BHA,0,Non-Graded,,51.054167,-1.855278
Salisbury,Great Britain,Europe,1400,Sprint,Turf,BHA Salisbury 1400m Turf,BHA,0,Non-Graded,,51.054167,-1.855278
Salisbury,Great Britain,Europe,2400,Long,Turf,BHA Salisbury 2400m Turf,BHA,0,Non-Graded,,51.054167,-1.855278
Salisbury,Great Britain,Europe,2800,Long,Turf,BHA Salisbury 2800m Turf,BHA,0,Non-Graded,,51.054167,-1.855278
Windsor,Great Britain,Europe,2000,Medium,Turf,Winter Hill Stakes,BHA,3,G3,,51.490475,-0.631331
Windsor,Great Britain,Europe,2200,Medium,Turf,August Stakes,BHA,4,Local,,51.490475,-0.631331
Windsor,Great Britain,Europe,1200,Sprint,Turf,Sprint Series Final,BHA,4,Local,,51.490475,-0.631331
Windsor,Great Britain,Europe,1000,Sprint,Turf,BHA Windsor 1000m Turf,BHA,0,Non-Graded,,51.490475,-0.631331
Windsor,Great Britain,Europe,1600,Mile,Turf,BHA Windsor 1600m Turf,BHA,0,Non-Graded,,51.490475,-0.631331
Bath,Great Britain,Europe,1000,Sprint,Turf,Lansdown Fillies' Stakes,BHA,4,Local,,51.416667,-2.416667
Bath,Great Britain,Europe,2800,Long,Turf,Beckford Stakes,BHA,4,Local,,51.416667,-2.416667
Bath,Great Britain,Europe,1100,Sprint,Turf,BHA Bath 1100m Turf,BHA,0,Non-Graded,,51.416667,-2.416667
Bath,Great Britain,Europe,1200,Sprint,Turf,BHA Bath 1200m Turf,BHA,0,Non-Graded,,51.416667,-2.416667
Bath,Great Britain,Europe,1600,Mile,Turf,BHA Bath 1600m Turf,BHA,0,Non-Graded,,51.416667,-2.416667
Bath,Great Britain,Europe,2000,Medium,Turf,BHA Bath 2000m Turf,BHA,0,Non-Graded,,51.416667,-2.416667
Bath,Great Britain,Europe,2200,Medium,Turf,BHA Bath 2200m Turf,BHA,0,Non-Graded,,51.416667,-2.416667
Bath,Great Britain,Europe,2400,Long,Turf,BHA Bath 2400m Turf,BHA,0,Non-Graded,,51.416667,-2.416667
Bath,Great Britain,Europe,2600,Long,Turf,BHA Bath 2600m Turf,BHA,0,Non-Graded,,51.416667,-2.416667
Bath,Great Britain,Europe,3400,Long,Turf,BHA Bath 3400m Turf,BHA,0,Non-Graded,,51.416667,-2.416667
Beverley,Great Britain,Europe,2400,Long,Turf,Charlie Wood Stakes,BHA,4,Local,,53.844722,-0.456667
Beverley,Great Britain,Europe,1000,Sprint,Turf,Beverley Bullet Sprint Stakes,BHA,4,Local,,53.844722,-0.456667
Beverley,Great Britain,Europe,1000,Sprint,Turf,Hilary Needler Trophy,BHA,4,Local,,53.844722,-0.456667
Beverley,Great Britain,Europe,1000,Sprint,Turf,Two Year Old Trophy,BHA,4,Local,,53.844722,-0.456667
Beverley,Great Britain,Europe,1400,Sprint,Turf,BHA Beverley 1400m Turf,BHA,0,Non-Graded,,53.844722,-0.456667
Beverley,Great Britain,Europe,1700,Mile,Turf,BHA Beverley 1700m Turf,BHA,0,Non-Graded,,53.844722,-0.456667
Beverley,Great Britain,Europe,2000,Medium,Turf,BHA Beverley 2000m Turf,BHA,0,Non-Graded,,53.844722,-0.456667
Beverley,Great Britain,Europe,3200,Long,Turf,BHA Beverley 3200m Turf,BHA,0,Non-Graded,,53.844722,-0.456667
Carlisle,Great Britain,Europe,1400,Sprint,Turf,Eternal Stakes,BHA,4,Local,,54.861111,-2.933333
Carlisle,Great Britain,Europe,1600,Mile,Turf,Carlisle Bell,BHA,4,Local,,54.861111,-2.933333
Carlisle,Great Britain,Europe,1000,Sprint,Turf,BHA Carlisle 1000m Turf,BHA,0,Non-Graded,,54.861111,-2.933333
Carlisle,Great Britain,Europe,1200,Sprint,Turf,BHA Carlisle 1200m Turf,BHA,0,Non-Graded,,54.861111,-2.933333
Carlisle,Great Britain,Europe,1800,Mile,Turf,BHA Carlisle 1800m Turf,BHA,0,Non-Graded,,54.861111,-2.933333
Carlisle,Great Britain,Europe,2200,Medium,Turf,BHA Carlisle 2200m Turf,BHA,0,Non-Graded,,54.861111,-2.933333
Carlisle,Great Britain,Europe,2600,Long,Turf,BHA Carlisle 2600m Turf,BHA,0,Non-Graded,,54.861111,-2.933333
Carlisle,Great Britain,Europe,3400,Long,Turf,BHA Carlisle 3400m Turf,BHA,0,Non-Graded,,54.861111,-2.933333
Chelmsford,Great Britain,Europe,1200,Sprint,Synthetic,Chelmer Fillies' Stakes,BHA,4,Local,,51.841106,0.512569
Chelmsford,Great Britain,Europe,1400,Sprint,Synthetic,Queen Charlotte Fillies' Stakes,BHA,4,Local,,51.841106,0.512569
Chelmsford,Great Britain,Europe,1200,Sprint,Synthetic,Good Friday Conditions Stakes,BHA,4,Local,,51.841106,0.512569
Chelmsford,Great Britain,Europe,1600,Mile,Synthetic,Cardinal Conditions Stakes,BHA,4,Local,,51.841106,0.512569
Chelmsford,Great Britain,Europe,1000,Sprint,Synthetic,BHA Chelmsford 1000m Synthetic,BHA,0,Non-Graded,,51.841106,0.512569
Chelmsford,Great Britain,Europe,2000,Medium,Synthetic,BHA Chelmsford 2000m Synthetic,BHA,0,Non-Graded,,51.841106,0.512569
Chelmsford,Great Britain,Europe,2400,Long,Synthetic,BHA Chelmsford 2400m Synthetic,BHA,0,Non-Graded,,51.841106,0.512569
Chelmsford,Great Britain,Europe,2800,Long,Synthetic,BHA Chelmsford 2800m Synthetic,BHA,0,Non-Graded,,51.841106,0.512569
Chelmsford,Great Britain,Europe,3200,Long,Synthetic,BHA Chelmsford 3200m Synthetic,BHA,0,Non-Graded,,51.841106,0.512569
Hamilton,Great Britain,Europe,2200,Medium,Turf,Glasgow Stakes,BHA,4,Local,,55.787222,-4.048056
Hamilton,Great Britain,Europe,2400,Long,Turf,Lanark Silver Bell,BHA,4,Local,,55.787222,-4.048056
Hamilton,Great Britain,Europe,1000,Sprint,Turf,BHA Hamilton 1000m Turf,BHA,0,Non-Graded,,55.787222,-4.048056
Hamilton,Great Britain,Europe,1200,Sprint,Turf,BHA Hamilton 1200m Turf,BHA,0,Non-Graded,,55.787222,-4.048056
Hamilton,Great Britain,Europe,1600,Mile,Turf,BHA Hamilton 1600m Turf,BHA,0,Non-Graded,,55.787222,-4.048056
Hamilton,Great Britain,Europe,1800,Mile,Turf,BHA Hamilton 1800m Turf,BHA,0,Non-Graded,,55.787222,-4.048056
Hamilton,Great Britain,Europe,2600,Long,Turf,BHA Hamilton 2600m Turf,BHA,0,Non-Graded,,55.787222,-4.048056
Musselburgh,Great Britain,Europe,2600,Long,Turf,Goliath Cup Stakes,BHA,4,Local,,55.947047,-3.039494
Musselburgh,Great Britain,Europe,1400,Sprint,Turf,Queen of Scots Stakes,BHA,4,Local,,55.947047,-3.039494
Musselburgh,Great Britain,Europe,1400,Sprint,Turf,Silver Arrow Handicap,BHA,4,Local,,55.947047,-3.039494
Musselburgh,Great Britain,Europe,2600,Long,Turf,Queen's Cup,BHA,4,Local,,55.947047,-3.039494
Musselburgh,Great Britain,Europe,1000,Sprint,Turf,Scottish Sprint Cup,BHA,4,Local,,55.947047,-3.039494
Musselburgh,Great Britain,Europe,1600,Mile,Turf,BHA Musselburgh 1600m Turf,BHA,0,Non-Graded,,55.947047,-3.039494
Musselburgh,Great Britain,Europe,1800,Mile,Turf,BHA Musselburgh 1800m Turf,BHA,0,Non-Graded,,55.947047,-3.039494
Musselburgh,Great Britain,Europe,2400,Long,Turf,BHA Musselburgh 2400m Turf,BHA,0,Non-Graded,,55.947047,-3.039494
Musselburgh,Great Britain,Europe,2800,Long,Turf,BHA Musselburgh 2800m Turf,BHA,0,Non-Graded,,55.947047,-3.039494
Musselburgh,Great Britain,Europe,3200,Long,Turf,BHA Musselburgh 3200m Turf,BHA,0,Non-Graded,,55.947047,-3.039494
Nottingham,Great Britain,Europe,2000,Medium,Turf,Nottinghamshire Oaks,BHA,4,Local,,52.948089,-1.106808
Nottingham,Great Britain,Europe,1600,Mile,Turf,Robin Hood Stakes,BHA,4,Local,,52.948089,-1.106808
Nottingham,Great Britain,Europe,1000,Sprint,Turf,BHA Nottingham 1000m Turf,BHA,0,Non-Graded,,52.948089,-1.106808
Nottingham,Great Britain,Europe,1200,Sprint,Turf,BHA Nottingham 1200m Turf,BHA,0,Non-Graded,,52.948089,-1.106808
Nottingham,Great Britain,Europe,2800,Long,Turf,BHA Nottingham 2800m Turf,BHA,0,Non-Graded,,52.948089,-1.106808
Nottingham,Great Britain,Europe,3200,Long,Turf,BHA Nottingham 3200m Turf,BHA,0,Non-Graded,,52.948089,-1.106808
Pontefract,Great Britain,Europe,2400,Long,Turf,Pontefract Castle Stakes,BHA,4,Local,,53.7012,-1.3325
Pontefract,Great Britain,Europe,1600,Mile,Turf,Pipalong Stakes,BHA,4,Local,,53.7012,-1.3325
Pontefract,Great Britain,Europe,1600,Mile,Turf,Pomfret Stakes,BHA,4,Local,,53.7012,-1.3325
Pontefract,Great Britain,Europe,1200,Sprint,Turf,Flying Fillies' Stakes,BHA,4,Local,,53.7012,-1.3325
Pontefract,Great Britain,Europe,1600,Mile,Turf,Silver Tankard Stakes,BHA,4,Local,,53.7012,-1.3325
Pontefract,Great Britain,Europe,1000,Sprint,Turf,BHA Pontefract 1000m Turf,BHA,0,Non-Graded,,53.7012,-1.3325
Pontefract,Great Britain,Europe,2000,Medium,Turf,BHA Pontefract 2000m Turf,BHA,0,Non-Graded,,53.7012,-1.3325
Pontefract,Great Britain,Europe,2600,Long,Turf,BHA Pontefract 2600m Turf,BHA,0,Non-Graded,,53.7012,-1.3325
Pontefract,Great Britain,Europe,3400,Long,Turf,BHA Pontefract 3400m Turf,BHA,0,Non-Graded,,53.7012,-1.3325
Pontefract,Great Britain,Europe,4300,Long,Turf,Pontefract Marathon,BHA,4,Local,,53.7012,-1.3325
Redcar,Great Britain,Europe,1200,Sprint,Turf,Two-Year-Old Trophy,BHA,4,Local,,54.6075,-1.065
Redcar,Great Britain,Europe,1400,Sprint,Turf,Guisborough Stakes,BHA,4,Local,,54.6075,-1.065
Redcar,Great Britain,Europe,2000,Medium,Turf,Zetland Gold Cup,BHA,4,Local,,54.6075,-1.065
Redcar,Great Britain,Europe,1000,Sprint,Turf,BHA Redcar 1000m Turf,BHA,0,Non-Graded,,54.6075,-1.065
Redcar,Great Britain,Europe,1600,Mile,Turf,BHA Redcar 1600m Turf,BHA,0,Non-Graded,,54.6075,-1.065
Redcar,Great Britain,Europe,2400,Long,Turf,BHA Redcar 2400m Turf,BHA,0,Non-Graded,,54.6075,-1.065
Redcar,Great Britain,Europe,2800,Long,Turf,BHA Redcar 2800m Turf,BHA,0,Non-Graded,,54.6075,-1.065
Ripon,Great Britain,Europe,1200,Sprint,Turf,Ripon Champion 2YO Trophy,BHA,4,Local,,54.123439,-1.498258
Ripon,Great Britain,Europe,1200,Sprint,Turf,Great St. Wilfrid Stakes,BHA,4,Local,,54.123439,-1.498258
Ripon,Great Britain,Europe,1000,Sprint,Turf,BHA Ripon 1000m Turf,BHA,0,Non-Graded,,54.123439,-1.498258
Ripon,Great Britain,Europe,1600,Mile,Turf,BHA Ripon 1600m Turf,BHA,0,Non-Graded,,54.123439,-1.498258
Ripon,Great Britain,Europe,1800,Mile,Turf,BHA Ripon 1800m Turf,BHA,0,Non-Graded,,54.123439,-1.498258
Ripon,Great Britain,Europe,2000,Medium,Turf,BHA Ripon 2000m Turf,BHA,0,Non-Graded,,54.123439,-1.498258
Ripon,Great Britain,Europe,2400,Long,Turf,BHA Ripon 2400m Turf,BHA,0,Non-Graded,,54.123439,-1.498258
Ripon,Great Britain,Europe,2600,Long,Turf,BHA Ripon 2600m Turf,BHA,0,Non-Graded,,54.123439,-1.498258
Ripon,Great Britain,Europe,3200,Long,Turf,BHA Ripon 3200m Turf,BHA,0,Non-Graded,,54.123439,-1.498258
Southwell,Great Britain,Europe,1600,Mile,Synthetic,Tandridge Stakes,BHA,4,Local,,53.069444,-0.906111
Southwell,Great Britain,Europe,2200,Medium,Synthetic,Churchill Stakes,BHA,4,Local,,53.069444,-0.906111
Southwell,Great Britain,Europe,1200,Sprint,Synthetic,Golden Rose Stakes,BHA,4,Local,,53.069444,-0.906111
Southwell,Great Britain,Europe,2400,Long,Synthetic,SBK Road to Cheltenham Novice Stakes,BHA,4,Local,,53.069444,-0.906111
Southwell,Great Britain,Europe,1000,Sprint,Synthetic,BHA Southwell 1000m Synthetic,BHA,0,Non-Graded,,53.069444,-0.906111
Southwell,Great Britain,Europe,1400,Sprint,Synthetic,BHA Southwell 1400m Synthetic,BHA,0,Non-Graded,,53.069444,-0.906111
Southwell,Great Britain,Europe,2800,Long,Synthetic,BHA Southwell 2800m Synthetic,BHA,0,Non-Graded,,53.069444,-0.906111
Southwell,Great Britain,Europe,3200,Long,Synthetic,BHA Southwell 3200m Synthetic,BHA,0,Non-Graded,,53.069444,-0.906111
Wolverhampton,Great Britain,Europe,1400,Sprint,Synthetic,Lady Wulfruna Stakes,BHA,4,Local,,52.604,-2.1451
Wolverhampton,Great Britain,Europe,1000,Sprint,Synthetic,BHA Wolverhampton 1000m Synthetic,BHA,0,Non-Graded,,52.604,-2.1451
Wolverhampton,Great Britain,Europe,1200,Sprint,Synthetic,BHA Wolverhampton 1200m Synthetic,BHA,0,Non-Graded,,52.604,-2.1451
Wolverhampton,Great Britain,Europe,1800,Mile,Synthetic,BHA Wolverhampton 1800m Synthetic,BHA,0,Non-Graded,,52.604,-2.1451
Wolverhampton,Great Britain,Europe,2400,Long,Synthetic,BHA Wolverhampton 2400m Synthetic,BHA,0,Non-Graded,,52.604,-2.1451
Wolverhampton,Great Britain,Europe,2800,Long,Synthetic,BHA Wolverhampton 2800m Synthetic,BHA,0,Non-Graded,,52.604,-2.1451
Wolverhampton,Great Britain,Europe,3200,Long,Synthetic,BHA Wolverhampton 3200m Synthetic,BHA,0,Non-Graded,,52.604,-2.1451
Yarmouth,Great Britain,Europe,2000,Medium,Turf,John Musker Fillies' Stakes,BHA,4,Local,,52.632778,1.734167
Yarmouth,Great Britain,Europe,1000,Sprint,Turf,BHA Yarmouth 1000m Turf,BHA,0,Non-Graded,,52.632778,1.734167
Yarmouth,Great Britain,Europe,1200,Sprint,Turf,BHA Yarmouth 1200m Turf,BHA,0,Non-Graded,,52.632778,1.734167
Yarmouth,Great Britain,Europe,1400,Sprint,Turf,BHA Yarmouth 1400m Turf,BHA,0,Non-Graded,,52.632778,1.734167
Yarmouth,Great Britain,Europe,1600,Mile,Turf,BHA Yarmouth 1600m Turf,BHA,0,Non-Graded,,52.632778,1.734167
Yarmouth,Great Britain,Europe,1800,Mile,Turf,BHA Yarmouth 1800m Turf,BHA,0,Non-Graded,,52.632778,1.734167
Yarmouth,Great Britain,Europe,2200,Medium,Turf,BHA Yarmouth 2200m Turf,BHA,0,Non-Graded,,52.632778,1.734167
Yarmouth,Great Britain,Europe,2600,Long,Turf,BHA Yarmouth 2600m Turf,BHA,0,Non-Graded,,52.632778,1.734167
Yarmouth,Great Britain,Europe,2800,Long,Turf,BHA Yarmouth 2800m Turf,BHA,0,Non-Graded,,52.632778,1.734167
Yarmouth,Great Britain,Europe,3200,Long,Turf,BHA Yarmouth 3200m Turf,BHA,0,Non-Graded,,52.632778,1.734167
Leicester,Great Britain,Europe,1200,Sprint,Turf,King Richard III Cup,BHA,4,Local,,52.597778,-1.095833
Leicester,Great Britain,Europe,1000,Sprint,Turf,BHA Leicester 1000m Turf,BHA,0,Non-Graded,,52.597778,-1.095833
Leicester,Great Britain,Europe,1400,Sprint,Turf,BHA Leicester 1400m Turf,BHA,0,Non-Graded,,52.597778,-1.095833
Leicester,Great Britain,Europe,1600,Mile,Turf,BHA Leicester 1600m Turf,BHA,0,Non-Graded,,52.597778,-1.095833
Leicester,Great Britain,Europe,2000,Medium,Turf,BHA Leicester 2000m Turf,BHA,0,Non-Graded,,52.597778,-1.095833
Leicester,Great Britain,Europe,2400,Long,Turf,BHA Leicester 2400m Turf,BHA,0,Non-Graded,,52.597778,-1.095833
Thirsk,Great Britain,Europe,1600,Mile,Turf,Thirsk Hunt Cup,BHA,4,Local,,54.232267,-1.357422
Thirsk,Great Britain,Europe,1000,Sprint,Turf,BHA Thirsk 1000m Turf,BHA,0,Non-Graded,,54.232267,-1.357422
Thirsk,Great Britain,Europe,1200,Sprint,Turf,BHA Thirsk 1200m Turf,BHA,0,Non-Graded,,54.232267,-1.357422
Thirsk,Great Britain,Europe,1400,Sprint,Turf,BHA Thirsk 1400m Turf,BHA,0,Non-Graded,,54.232267,-1.357422
Thirsk,Great Britain,Europe,2400,Long,Turf,BHA Thirsk 2400m Turf,BHA,0,Non-Graded,,54.232267,-1.357422
Thirsk,Great Britain,Europe,3000,Long,Turf,BHA Thirsk 3000m Turf,BHA,0,Non-Graded,,54.232267,-1.357422
Thirsk,Great Britain,Europe,3200,Long,Turf,BHA Thirsk 3200m Turf,BHA,0,Non-Graded,,54.232267,-1.357422
Aintree,Great Britain,Europe,1600,Mile,Turf,Union Jack Stakes,BHA,1,G1,,53.476944,-2.941667
Aintree,Great Britain,Europe,2600,Long,Turf,Knowsley Stakes,BHA,1,G1,,53.476944,-2.941667
Aintree,Great Britain,Europe,7180,Long,Turf,Grand National,BHA,1,G1,,53.476944,-2.941667
Aintree,Great Britain,Europe,4000,Long,Turf,Melling Chase,BHA,1,G1,,53.476944,-2.941667
Aintree,Great Britain,Europe,5000,Long,Turf,Aintree Bowl,BHA,1,G1,,53.476944,-2.941667
Aintree,Great Britain,Europe,3200,Long,Turf,Maghull Novices' Chase,BHA,1,G1,,53.476944,-2.941667
Aintree,Great Britain,Europe,4000,Long,Turf,Manifesto Novices' Chase,BHA,1,G1,,53.476944,-2.941667
Aintree,Great Britain,Europe,5000,Long,Turf,Many Clouds Chase,BHA,2,G2,,53.476944,-2.941667
Aintree,Great Britain,Europe,4000,Long,Turf,Old Roan Chase,BHA,2,G2,,53.476944,-2.941667
Aintree,Great Britain,Europe,4200,Long,Turf,Topham Chase,BHA,3,G3,,53.476944,-2.941667
Aintree,Great Britain,Europe,4300,Long,Turf,Grand Sefton Handicap Chase,BHA,3,G3,,53.476944,-2.941667
Aintree,Great Britain,Europe,5200,Long,Turf,Becher Chase,BHA,3,G3,,53.476944,-2.941667
Aintree,Great Britain,Europe,4200,Long,Turf,Foxhunters' Open Hunters' Chase,BHA,4,Local,,53.476944,-2.941667
Warrnambool,Australia,Oceania,4600,Long,Turf,Jericho Cup,ARB,1,G1,,-38.38333,142.48334
Warrnambool,Australia,Oceania,2350,Medium,Turf,Warrnambool Cup,ARB,1,G1,,-38.38333,142.48334
Warrnambool,Australia,Oceania,1200,Sprint,Turf,Wangoom Handicap,ARB,1,G1,,-38.38333,142.48334
Warrnambool,Australia,Oceania,3200,Long,Turf,Galleywood Hurdle,ARB,1,G1,,-38.38333,142.48334
Warrnambool,Australia,Oceania,5500,Long,Turf,Grand Annual Steeplechase,ARB,1,G1,,-38.38333,142.48334
Warrnambool,Australia,Oceania,1000,Sprint,Turf,VOBIS Gold Strike,ARB,1,G1,,-38.38333,142.48334
Warrnambool,Australia,Oceania,1100,Sprint,Turf,ARB Warrnambool 1100m Turf,ARB,0,Non-Graded,,-38.38333,142.48334
Warrnambool,Australia,Oceania,1400,Sprint,Turf,ARB Warrnambool 1400m Turf,ARB,0,Non-Graded,,-38.38333,142.48334
Warrnambool,Australia,Oceania,1700,Mile,Turf,ARB Warrnambool 1700m Turf,ARB,0,Non-Graded,,-38.38333,142.48334
Warrnambool,Australia,Oceania,2000,Medium,Turf,ARB Warrnambool 2000m Turf,ARB,0,Non-Graded,,-38.38333,142.48334
Warrnambool,Australia,Oceania,2200,Medium,Turf,ARB Warrnambool 2200m Turf,ARB,0,Non-Graded,,-38.38333,142.48334
Pardubice,Czechia,Europe,6900,Long,Turf,Velká Pardubická,JCČR,1,G1,,50.01951173,15.74807125
Pardubice,Czechia,Europe,5200,Long,Turf,Cena Labe,JCČR,1,G1,,50.01951173,15.74807125
Pardubice,Czechia,Europe,4500,Long,Turf,Cena Vltava,JCČR,1,G1,,50.01951173,15.74807125
Pardubice,Czechia,Europe,3300,Long,Turf,Memoriál Kapitána Rudolfa Poplera,JCČR,1,G1,,50.01951173,15.74807125
Pardubice,Czechia,Europe,4200,Long,Turf,Cena Laty Brandisové,JCČR,1,G1,,50.01951173,15.74807125
Pardubice,Czechia,Europe,4600,Long,Turf,Memoriál Jiří Šindler,JCČR,1,G1,,50.01951173,15.74807125
Prague-Velká Chuchle,Czechia,Europe,2400,Long,Turf,České Derby (Czech Derby),JCČR,1,G1,Czechia Triple Crown,50.009167,14.389444
Prague-Velká Chuchle,Czechia,Europe,2800,Long,Turf,Velká Cena St. Leger (Czech St. Leger),JCČR,1,G1,Czechia Triple Crown,50.009167,14.389444
Prague-Velká Chuchle,Czechia,Europe,1600,Mile,Turf,Velká Jarní Cena (Czech 2000 Guineas),JCČR,1,G1,Czechia Triple Crown,50.009167,14.389444
Prague-Velká Chuchle,Czechia,Europe,3200,Long,Turf,Cena Prezidenta Republiky,JCČR,1,G1,,50.009167,14.389444
Prague-Velká Chuchle,Czechia,Europe,2400,Long,Turf,Cena Charlotta Masaryka,JCČR,1,G1,,50.009167,14.389444
Prague-Velká Chuchle,Czechia,Europe,1600,Mile,Turf,Velká Májová Cena,JCČR,4,Local,,50.009167,14.389444
Prague-Velká Chuchle,Czechia,Europe,1200,Sprint,Turf,Velká Cena Prahy CK Martin Tour,JCČR,4,Local,,50.009167,14.389444
Prague-Velká Chuchle,Czechia,Europe,1400,Sprint,Turf,Velká Cena Prahy CK Martin Tour,JCČR,4,Local,,50.009167,14.389444
Prague-Velká Chuchle,Czechia,Europe,1800,Mile,Turf,Pražský Zimní Favorit,JCČR,4,Local,,50.009167,14.389444
Prague-Velká Chuchle,Czechia,Europe,4200,Long,Turf,Zlatý Pohár EŽ Praha,JCČR,4,Local,,50.009167,14.389444
Prague-Velká Chuchle,Czechia,Europe,1600,Mile,Turf,Memoriál Harryho Petrlíka,JCČR,4,Local,,50.009167,14.389444
Prague-Velká Chuchle,Czechia,Europe,1400,Sprint,Turf,European Jockey's Cup Million,JCČR,3,G3,,50.009167,14.389444
Prague-Velká Chuchle,Czechia,Europe,1600,Mile,Turf,Velká Cena Prahy,JCČR,4,Local,,50.009167,14.389444
Prague-Velká Chuchle,Czechia,Europe,1600,Mile,Turf,Velká Květnová Cena,JCČR,4,Local,,50.009167,14.389444
Prague-Velká Chuchle,Czechia,Europe,2400,Long,Turf,Červnový Pohár,JCČR,4,Local,,50.009167,14.389444
Prague-Velká Chuchle,Czechia,Europe,2400,Long,Turf,Velká Cena Českého Turfu,JCČR,4,Local,,50.009167,14.389444
Hipodrom Most,Czechia,Europe,1600,Mile,Turf,Jarní Cena Klisen (Czech 1000 Guineas),JCČR,1,G1,,50.47513577,13.6438196
Hipodrom Most,Czechia,Europe,2400,Long,Turf,České Oaks (Czech Oaks),JCČR,1,G1,,50.47513577,13.6438196
Hipodrom Most,Czechia,Europe,1200,Sprint,Turf,Svatováclavská Cena,JCČR,4,Local,,50.47513577,13.6438196
Hipodrom Most,Czechia,Europe,1600,Mile,Turf,Cena Zimního Favorita,JCČR,4,Local,,50.47513577,13.6438196
Hipodrom Most,Czechia,Europe,1400,Sprint,Turf,Velká Letní Cena,JCČR,4,Local,,50.47513577,13.6438196
Hipodrom Most,Czechia,Europe,1400,Sprint,Turf,Českomoravská Cena,JCČR,4,Local,,50.47513577,13.6438196
Hipodrom Most,Czechia,Europe,2200,Medium,Turf,Cena První Dámy ČR,JCČR,4,Local,,50.47513577,13.6438196
Hipodrom Most,Czechia,Europe,1800,Mile,Turf,JCČR Hipodrom Most 1800m Turf,JCČR,0,Non-Graded,,50.47513577,13.6438196
Karlovy Vary,Czechia,Europe,2000,Medium,Turf,Cena Města Karlovy Vary – Memoriál Josefa Dolejšího,JCČR,1,G1,,50.2242,12.8341
Karlovy Vary,Czechia,Europe,2400,Long,Turf,Karlovy Vary Oaks,JCČR,1,G1,,50.2242,12.8341
Karlovy Vary,Czechia,Europe,1200,Sprint,Turf,Cena Masise,JCČR,1,G1,,50.2242,12.8341
Karlovy Vary,Czechia,Europe,1600,Mile,Turf,Lázeňská Míle,JCČR,1,G1,,50.2242,12.8341
Karlovy Vary,Czechia,Europe,2400,Long,Turf,České Oaks (Czech Oaks),JCČR,1,G1,,50.2242,12.8341
Karlovy Vary,Czechia,Europe,1600,Mile,Turf,Cena Zimní Královny,JCČR,4,Local,,50.2242,12.8341
Karlovy Vary,Czechia,Europe,3200,Long,Turf,Karlovarská Dvojnásobná Míle,JCČR,4,Local,,50.2242,12.8341
Karlovy Vary,Czechia,Europe,1400,Sprint,Turf,Cena Suas Group,JCČR,4,Local,,50.2242,12.8341
Karlovy Vary,Czechia,Europe,1600,Mile,Turf,Cena Suas Group,JCČR,4,Local,,50.2242,12.8341
Curragh,Ireland,Europe,1600,Mile,Turf,Irish 2000 Guineas,HRI,1,G1,Ireland Triple Crown,53.165278,-6.845278
Curragh,Ireland,Europe,2100,Medium,Turf,Tattersalls Gold Cup,HRI,1,G1,,53.165278,-6.845278
Curragh,Ireland,Europe,1600,Mile,Turf,Irish 1000 Guineas,HRI,1,G1,,53.165278,-6.845278
Curragh,Ireland,Europe,2000,Medium,Turf,Pretty Polly Stakes,HRI,1,G1,,53.165278,-6.845278
Curragh,Ireland,Europe,2400,Long,Turf,Irish Derby,HRI,1,G1,Ireland Triple Crown,53.165278,-6.845278
Curragh,Ireland,Europe,2400,Long,Turf,Irish Oaks,HRI,1,G1,,53.165278,-6.845278
Curragh,Ireland,Europe,1200,Sprint,Turf,Phoenix Stakes,HRI,1,G1,,53.165278,-6.845278
Curragh,Ireland,Europe,1400,Sprint,Turf,Moyglare Stud Stakes,HRI,1,G1,,53.165278,-6.845278
Curragh,Ireland,Europe,1000,Sprint,Turf,Flying Five Stakes,HRI,1,G1,,53.165278,-6.845278
Curragh,Ireland,Europe,1400,Sprint,Turf,Vincent O'Brien National Stakes,HRI,1,G1,,53.165278,-6.845278
Curragh,Ireland,Europe,2800,Long,Turf,Irish St. Leger,HRI,1,G1,Ireland Triple Crown,53.165278,-6.845278
Curragh,Ireland,Europe,2000,Medium,Turf,Mooresbridge Stakes,HRI,2,G2,,53.165278,-6.845278
Curragh,Ireland,Europe,1200,Sprint,Turf,Greenlands Stakes,HRI,2,G2,,53.165278,-6.845278
Curragh,Ireland,Europe,1600,Mile,Turf,Ridgewood Pearl Stakes,HRI,2,G2,,53.165278,-6.845278
Curragh,Ireland,Europe,1200,Sprint,Turf,Airlie Stud Stakes,HRI,2,G2,,53.165278,-6.845278
Curragh,Ireland,Europe,1200,Sprint,Turf,Railway Stakes,HRI,2,G2,,53.165278,-6.845278
Curragh,Ireland,Europe,1000,Sprint,Turf,Sapphire Stakes,HRI,2,G2,,53.165278,-6.845278
Curragh,Ireland,Europe,2800,Long,Turf,Curragh Cup,HRI,2,G2,,53.165278,-6.845278
Curragh,Ireland,Europe,1400,Sprint,Turf,Minstrel Stakes,HRI,2,G2,,53.165278,-6.845278
Curragh,Ireland,Europe,1400,Sprint,Turf,Debutante Stakes,HRI,2,G2,,53.165278,-6.845278
Curragh,Ireland,Europe,1400,Sprint,Turf,Futurity Stakes,HRI,2,G2,,53.165278,-6.845278
Curragh,Ireland,Europe,2000,Medium,Turf,Blandford Stakes,HRI,2,G2,,53.165278,-6.845278
Curragh,Ireland,Europe,1600,Mile,Turf,Beresford Stakes,HRI,2,G2,,53.165278,-6.845278
Curragh,Ireland,Europe,1600,Mile,Turf,Park Express Stakes,HRI,3,G3,,53.165278,-6.845278
Curragh,Ireland,Europe,2000,Medium,Turf,Alleged Stakes,HRI,3,G3,,53.165278,-6.845278
Curragh,Ireland,Europe,1600,Mile,Turf,Athasi Stakes,HRI,3,G3,,53.165278,-6.845278
Curragh,Ireland,Europe,2000,Medium,Turf,Gallinule Stakes,HRI,3,G3,,53.165278,-6.845278
Curragh,Ireland,Europe,1200,Sprint,Turf,Marble Hill Stakes,HRI,3,G3,,53.165278,-6.845278
Curragh,Ireland,Europe,1200,Sprint,Turf,Anglesey Stakes,HRI,3,G3,,53.165278,-6.845278
Curragh,Ireland,Europe,2000,Medium,Turf,International Stakes,HRI,3,G3,,53.165278,-6.845278
Curragh,Ireland,Europe,1800,Mile,Turf,Rathbride Stakes,HRI,3,G3,,53.165278,-6.845278
Curragh,Ireland,Europe,1200,Sprint,Turf,Phoenix Sprint Stakes,HRI,3,G3,,53.165278,-6.845278
Curragh,Ireland,Europe,2000,Medium,Turf,Royal Whip Stakes,HRI,3,G3,,53.165278,-6.845278
Curragh,Ireland,Europe,2800,Long,Turf,Irish St. Leger Trial Stakes,HRI,3,G3,,53.165278,-6.845278
Curragh,Ireland,Europe,1600,Mile,Turf,Flame of Tara Stakes,HRI,3,G3,,53.165278,-6.845278
Curragh,Ireland,Europe,1200,Sprint,Turf,Round Tower Stakes,HRI,3,G3,,53.165278,-6.845278
Curragh,Ireland,Europe,1800,Mile,Turf,Snow Fairy Stakes,HRI,3,G3,,53.165278,-6.845278
Curragh,Ireland,Europe,1400,Sprint,Turf,Weld Park Stakes,HRI,3,G3,,53.165278,-6.845278
Curragh,Ireland,Europe,1200,Sprint,Turf,Renaissance Stakes,HRI,3,G3,,53.165278,-6.845278
Curragh,Ireland,Europe,1600,Mile,Turf,Staffordstown Stud Stakes,HRI,3,G3,,53.165278,-6.845278
Curragh,Ireland,Europe,3200,Long,Turf,Loughbrown Stakes,HRI,3,G3,,53.165278,-6.845278
Curragh,Ireland,Europe,1600,Mile,Turf,Irish Lincolnshire,HRI,4,Local,,53.165278,-6.845278
Curragh,Ireland,Europe,1400,Sprint,Turf,Gladness Stakes,HRI,4,Local,,53.165278,-6.845278
Curragh,Ireland,Europe,2000,Medium,Turf,Emerald Cup,HRI,4,Local,,53.165278,-6.845278
Curragh,Ireland,Europe,1000,Sprint,Turf,First Flier Stakes,HRI,4,Local,,53.165278,-6.845278
Curragh,Ireland,Europe,1600,Mile,Turf,Tetrarch Stakes,HRI,4,Local,,53.165278,-6.845278
Curragh,Ireland,Europe,2400,Long,Turf,Orby Stakes,HRI,4,Local,,53.165278,-6.845278
Curragh,Ireland,Europe,2000,Medium,Turf,Guineas Festival Handicap,HRI,4,Local,,53.165278,-6.845278
Curragh,Ireland,Europe,1200,Sprint,Turf,Habitat Handicap,HRI,4,Local,,53.165278,-6.845278
Curragh,Ireland,Europe,1600,Mile,Turf,Spring Fillies' Handicap,HRI,4,Local,,53.165278,-6.845278
Curragh,Ireland,Europe,1000,Sprint,Turf,Junefest Handicap,HRI,4,Local,,53.165278,-6.845278
Curragh,Ireland,Europe,2800,Long,Turf,Lilywhites Handicap,HRI,4,Local,,53.165278,-6.845278
Curragh,Ireland,Europe,1600,Mile,Turf,Celebration Stakes,HRI,4,Local,,53.165278,-6.845278
Curragh,Ireland,Europe,1200,Sprint,Turf,Belgrave Stakes,HRI,4,Local,,53.165278,-6.845278
Curragh,Ireland,Europe,1800,Mile,Turf,Maddenstown Handicap,HRI,4,Local,,53.165278,-6.845278
Curragh,Ireland,Europe,1000,Sprint,Turf,Rockingham Handicap,HRI,4,Local,,53.165278,-6.845278
Curragh,Ireland,Europe,1600,Mile,Turf,Derby Festival Handicap,HRI,4,Local,,53.165278,-6.845278
Curragh,Ireland,Europe,1400,Sprint,Turf,Summer Fillies' Handicap,HRI,4,Local,,53.165278,-6.845278
Curragh,Ireland,Europe,2400,Long,Turf,Ragusa Handicap,HRI,4,Local,,53.165278,-6.845278
Curragh,Ireland,Europe,1200,Sprint,Turf,Scurry Handicap,HRI,4,Local,,53.165278,-6.845278
Curragh,Ireland,Europe,1000,Sprint,Turf,Curragh Stakes,HRI,4,Local,,53.165278,-6.845278
Curragh,Ireland,Europe,1600,Mile,Turf,Irish Cambridgeshire,HRI,4,Local,,53.165278,-6.845278
Curragh,Ireland,Europe,1200,Sprint,Turf,Bold Lad Sprint Handicap,HRI,4,Local,,53.165278,-6.845278
Curragh,Ireland,Europe,2000,Medium,Turf,Northfields Handicap,HRI,4,Local,,53.165278,-6.845278
Curragh,Ireland,Europe,1000,Sprint,Turf,Joe McGrath Handicap,HRI,4,Local,,53.165278,-6.845278
Curragh,Ireland,Europe,1400,Sprint,Turf,Goffs Million,HRI,4,Local,,53.165278,-6.845278
Curragh,Ireland,Europe,3300,Long,Turf,Irish Cesarewitch,HRI,4,Local,,53.165278,-6.845278
Curragh,Ireland,Europe,1200,Sprint,Turf,Brigid's Pastures Stakes,HRI,4,Local,,53.165278,-6.845278
Curragh,Ireland,Europe,1400,Sprint,Turf,Concorde Stakes,HRI,4,Local,,53.165278,-6.845278
Curragh,Ireland,Europe,1600,Mile,Turf,Athgarvan Handicap,HRI,4,Local,,53.165278,-6.845278
Curragh,Ireland,Europe,2400,Long,Turf,Finale Stakes,HRI,4,Local,,53.165278,-6.845278
Leopardstown,Ireland,Europe,1800,Mile,Turf,Juvenile Turf Stakes,HRI,1,G1,,53.265833,-6.189167
Leopardstown,Ireland,Europe,1600,Mile,Turf,Matron Stakes,HRI,1,G1,,53.265833,-6.189167
Leopardstown,Ireland,Europe,2000,Medium,Turf,Irish Champion Stakes,HRI,1,G1,,53.265833,-6.189167
Leopardstown,Ireland,Europe,1600,Mile,Turf,Solonaway Stakes,HRI,2,G2,,53.265833,-6.189167
Leopardstown,Ireland,Europe,1400,Sprint,Turf,Leopardstown 2000 Guineas Trial Stakes,HRI,3,G3,,53.265833,-6.189167
Leopardstown,Ireland,Europe,1400,Sprint,Turf,Leopardstown 1000 Guineas Trial Stakes,HRI,3,G3,,53.265833,-6.189167
Leopardstown,Ireland,Europe,2000,Medium,Turf,Ballysax Stakes,HRI,3,G3,,53.265833,-6.189167
Leopardstown,Ireland,Europe,1400,Sprint,Turf,Mutamakina Stakes,HRI,3,G3,,53.265833,-6.189167
Leopardstown,Ireland,Europe,2000,Medium,Turf,Cashel Palace Hotel Derby Trial,HRI,3,G3,,53.265833,-6.189167
Leopardstown,Ireland,Europe,2800,Long,Turf,Saval Beg Stakes,HRI,3,G3,,53.265833,-6.189167
Leopardstown,Ireland,Europe,1400,Sprint,Turf,Ballycorus Stakes,HRI,3,G3,,53.265833,-6.189167
Leopardstown,Ireland,Europe,1400,Sprint,Turf,Brownstown Stakes,HRI,3,G3,,53.265833,-6.189167
Leopardstown,Ireland,Europe,1800,Mile,Turf,Meld Stakes,HRI,3,G3,,53.265833,-6.189167
Leopardstown,Ireland,Europe,1400,Sprint,Turf,Silver Flash Stakes,HRI,3,G3,,53.265833,-6.189167
Leopardstown,Ireland,Europe,1400,Sprint,Turf,Tyros Stakes,HRI,3,G3,,53.265833,-6.189167
Leopardstown,Ireland,Europe,2400,Long,Turf,Ballyroan Stakes,HRI,3,G3,,53.265833,-6.189167
Leopardstown,Ireland,Europe,1600,Mile,Turf,Desmond Stakes,HRI,3,G3,,53.265833,-6.189167
Leopardstown,Ireland,Europe,2400,Long,Turf,CMG Group Stakes,HRI,3,G3,,53.265833,-6.189167
Leopardstown,Ireland,Europe,1400,Sprint,Turf,Killavullan Stakes,HRI,3,G3,,53.265833,-6.189167
Leopardstown,Ireland,Europe,1800,Mile,Turf,Eyrefield Stakes,HRI,3,G3,,53.265833,-6.189167
Leopardstown,Ireland,Europe,1600,Mile,Turf,Heritage Stakes,HRI,4,Local,,53.265833,-6.189167
Leopardstown,Ireland,Europe,1600,Mile,Turf,Amethyst Stakes,HRI,4,Local,,53.265833,-6.189167
Leopardstown,Ireland,Europe,2400,Long,Turf,King George V Cup,HRI,4,Local,,53.265833,-6.189167
Leopardstown,Ireland,Europe,1800,Mile,Turf,Nasrullah Handicap,HRI,4,Local,,53.265833,-6.189167
Leopardstown,Ireland,Europe,2800,Long,Turf,Vinnie Roe Stakes,HRI,4,Local,,53.265833,-6.189167
Leopardstown,Ireland,Europe,1400,Sprint,Turf,Ingabelle Stakes,HRI,4,Local,,53.265833,-6.189167
Leopardstown,Ireland,Europe,2600,Long,Turf,Pentingo Handicap,HRI,4,Local,,53.265833,-6.189167
Leopardstown,Ireland,Europe,1500,Mile,Turf,Sovereign Path Handicap,HRI,4,Local,,53.265833,-6.189167
Leopardstown,Ireland,Europe,1600,Mile,Turf,Autumn Fillies' Handicap,HRI,4,Local,,53.265833,-6.189167
Leopardstown,Ireland,Europe,1600,Mile,Turf,Knockaire Stakes,HRI,4,Local,,53.265833,-6.189167
Leopardstown,Ireland,Europe,2000,Medium,Turf,Trigo Stakes,HRI,4,Local,,53.265833,-6.189167
Leopardstown,Ireland,Europe,2400,Long,Turf,October Handicap,HRI,4,Local,,53.265833,-6.189167
Cork,Ireland,Europe,2400,Long,Turf,Munster Oaks,HRI,3,G3,,52.132,-8.686
Cork,Ireland,Europe,2400,Long,Turf,Give Thanks Stakes,HRI,3,G3,,52.132,-8.686
Cork,Ireland,Europe,1400,Sprint,Turf,Fairy Bridge Stakes,HRI,3,G3,,52.132,-8.686
Cork,Ireland,Europe,1200,Sprint,Turf,Cork Stakes,HRI,4,Local,,52.132,-8.686
Cork,Ireland,Europe,2400,Long,Turf,Noblesse Stakes,HRI,4,Local,,52.132,-8.686
Cork,Ireland,Europe,1100,Sprint,Turf,Polonia Stakes,HRI,4,Local,,52.132,-8.686
Cork,Ireland,Europe,2400,Long,Turf,Cork Derby,HRI,4,Local,,52.132,-8.686
Cork,Ireland,Europe,1000,Sprint,Turf,Midsummer Sprint Stakes,HRI,4,Local,,52.132,-8.686
Cork,Ireland,Europe,1400,Sprint,Turf,Mallow Handicap,HRI,4,Local,,52.132,-8.686
Cork,Ireland,Europe,1000,Sprint,Turf,Doneraile Handicap,HRI,4,Local,,52.132,-8.686
Cork,Ireland,Europe,1600,Mile,Turf,Platinum Stakes,HRI,4,Local,,52.132,-8.686
Cork,Ireland,Europe,1400,Sprint,Turf,Firville Stakes,HRI,4,Local,,52.132,-8.686
Cork,Ireland,Europe,1000,Sprint,Turf,Abergwaun Stakes,HRI,4,Local,,52.132,-8.686
Cork,Ireland,Europe,1600,Mile,Turf,Navigation Stakes,HRI,4,Local,,52.132,-8.686
Cork,Ireland,Europe,2000,Medium,Turf,HRI Cork 2000m Turf,HRI,0,Non-Graded,,52.132,-8.686
Cork,Ireland,Europe,3200,Long,Turf,HRI Cork 3200m Turf,HRI,0,Non-Graded,,52.132,-8.686
Dundalk,Ireland,Europe,1000,Sprint,Turf,Mercury Stakes,HRI,3,G3,,54.020896,-6.383218
Dundalk,Ireland,Europe,1600,Mile,Turf,Patton Stakes,HRI,4,Local,,54.020896,-6.383218
Dundalk,Ireland,Europe,2000,Medium,Turf,Red God Handicap,HRI,4,Local,,54.020896,-6.383218
Dundalk,Ireland,Europe,2000,Medium,Turf,Diamond Stakes,HRI,4,Local,,54.020896,-6.383218
Dundalk,Ireland,Europe,1000,Sprint,Turf,Legacy Stakes,HRI,4,Local,,54.020896,-6.383218
Dundalk,Ireland,Europe,1400,Sprint,Turf,Star Appeal Stakes,HRI,4,Local,,54.020896,-6.383218
Dundalk,Ireland,Europe,1600,Mile,Turf,Cooley Fillies Stakes,HRI,4,Local,,54.020896,-6.383218
Dundalk,Ireland,Europe,1200,Sprint,Turf,HRI Dundalk 1200m Turf,HRI,0,Non-Graded,,54.020896,-6.383218
Dundalk,Ireland,Europe,2400,Long,Turf,HRI Dundalk 2400m Turf,HRI,0,Non-Graded,,54.020896,-6.383218
Dundalk,Ireland,Europe,3200,Long,Turf,HRI Dundalk 3200m Turf,HRI,0,Non-Graded,,54.020896,-6.383218
Fairyhouse,Ireland,Europe,2800,Long,Turf,Stannera Stakes,HRI,3,G3,,53.480164,-6.461342
Fairyhouse,Ireland,Europe,1200,Sprint,Turf,Blenheim Stakes,HRI,4,Local,,53.480164,-6.461342
Fairyhouse,Ireland,Europe,1400,Sprint,Turf,HRI Fairyhouse 1400m Turf,HRI,0,Non-Graded,,53.480164,-6.461342
Fairyhouse,Ireland,Europe,1600,Mile,Turf,HRI Fairyhouse 1600m Turf,HRI,0,Non-Graded,,53.480164,-6.461342
Fairyhouse,Ireland,Europe,2000,Medium,Turf,HRI Fairyhouse 2000m Turf,HRI,0,Non-Graded,,53.480164,-6.461342
Fairyhouse,Ireland,Europe,2400,Long,Turf,HRI Fairyhouse 2400m Turf,HRI,0,Non-Graded,,53.480164,-6.461342
Fairyhouse,Ireland,Europe,3200,Long,Turf,HRI Fairyhouse 3200m Turf,HRI,0,Non-Graded,,53.480164,-6.461342
Gowran Park,Ireland,Europe,1900,Medium,Turf,Denny Cordell Lavarack Fillies Stakes,HRI,3,G3,,52.615483,-7.071036
Gowran Park,Ireland,Europe,2800,Long,Turf,Vintage Tipple Stakes,HRI,4,Local,,52.615483,-7.071036
Gowran Park,Ireland,Europe,1900,Medium,Turf,Victor McCalmont Memorial Stakes,HRI,4,Local,,52.615483,-7.071036
Gowran Park,Ireland,Europe,2400,Long,Turf,Marble City Stakes,HRI,4,Local,,52.615483,-7.071036
Gowran Park,Ireland,Europe,1400,Sprint,Turf,Churchill Stakes,HRI,4,Local,,52.615483,-7.071036
Gowran Park,Ireland,Europe,1800,Mile,Turf,Hurry Harriet Stakes,HRI,4,Local,,52.615483,-7.071036
Gowran Park,Ireland,Europe,1600,Mile,Turf,HRI Gowran Park 1600m Turf,HRI,0,Non-Graded,,52.615483,-7.071036
Gowran Park,Ireland,Europe,2200,Medium,Turf,HRI Gowran Park 2200m Turf,HRI,0,Non-Graded,,52.615483,-7.071036
Gowran Park,Ireland,Europe,3200,Long,Turf,HRI Gowran Park 3200m Turf,HRI,0,Non-Graded,,52.615483,-7.071036
Naas,Ireland,Europe,1200,Sprint,Turf,Fillies' Sprint Stakes,HRI,3,G3,,53.2193,-6.6476
Naas,Ireland,Europe,1200,Sprint,Turf,Lacken Stakes,HRI,3,G3,,53.2193,-6.6476
Naas,Ireland,Europe,2000,Medium,Turf,Blue Wind Stakes,HRI,3,G3,,53.2193,-6.6476
Naas,Ireland,Europe,1200,Sprint,Turf,Ballyogan Stakes,HRI,3,G3,,53.2193,-6.6476
Naas,Ireland,Europe,1400,Sprint,Turf,Madrid Handicap,HRI,4,Local,,53.2193,-6.6476
Naas,Ireland,Europe,2100,Medium,Turf,Devoy Stakes,HRI,4,Local,,53.2193,-6.6476
Naas,Ireland,Europe,1000,Sprint,Turf,Woodlands Stakes,HRI,4,Local,,53.2193,-6.6476
Naas,Ireland,Europe,1600,Mile,Turf,Blackwater Handicap,HRI,4,Local,,53.2193,-6.6476
Naas,Ireland,Europe,1200,Sprint,Turf,Nas Na Laighean Handicap,HRI,4,Local,,53.2193,-6.6476
Naas,Ireland,Europe,2100,Medium,Turf,Naas Oaks Trial,HRI,4,Local,,53.2193,-6.6476
Naas,Ireland,Europe,1400,Sprint,Turf,Owenstown Stud Stakes,HRI,4,Local,,53.2193,-6.6476
Naas,Ireland,Europe,1000,Sprint,Turf,Sole Power Sprint Stakes,HRI,4,Local,,53.2193,-6.6476
Naas,Ireland,Europe,1000,Sprint,Turf,Tipperary Stakes,HRI,4,Local,,53.2193,-6.6476
Naas,Ireland,Europe,1600,Mile,Turf,Pat Smullen Stakes,HRI,4,Local,,53.2193,-6.6476
Naas,Ireland,Europe,1200,Sprint,Turf,Yeomanstown Stud Stakes,HRI,4,Local,,53.2193,-6.6476
Naas,Ireland,Europe,1000,Sprint,Turf,Marwell Stakes,HRI,4,Local,,53.2193,-6.6476
Naas,Ireland,Europe,1000,Sprint,Turf,Birdcatcher Premier Nursery Handicap,HRI,4,Local,,53.2193,-6.6476
Naas,Ireland,Europe,1000,Sprint,Turf,RFL Steels Stakes,HRI,4,Local,,53.2193,-6.6476
Naas,Ireland,Europe,2400,Long,Turf,Bluebell Stakes,HRI,4,Local,,53.2193,-6.6476
Naas,Ireland,Europe,1600,Mile,Turf,Garnet Stakes,HRI,4,Local,,53.2193,-6.6476
Naas,Ireland,Europe,3200,Long,Turf,Beggar's End Handicap,HRI,4,Local,,53.2193,-6.6476
Navan,Ireland,Europe,2000,Medium,Turf,Salsabil Stakes,HRI,3,G3,,53.6833,-6.6737
Navan,Ireland,Europe,1200,Sprint,Turf,Committed Stakes,HRI,4,Local,,53.6833,-6.6737
Navan,Ireland,Europe,2800,Long,Turf,Vintage Crop Stakes,HRI,4,Local,,53.6833,-6.6737
Navan,Ireland,Europe,2400,Long,Turf,Yeats Stakes,HRI,4,Local,,53.6833,-6.6737
Navan,Ireland,Europe,2000,Medium,Turf,Royal County Handicap,HRI,4,Local,,53.6833,-6.6737
Navan,Ireland,Europe,1800,Mile,Turf,Glencairn Stakes,HRI,4,Local,,53.6833,-6.6737
Navan,Ireland,Europe,1600,Mile,Turf,Kooyonga Stakes,HRI,4,Local,,53.6833,-6.6737
Navan,Ireland,Europe,1000,Sprint,Turf,HRI Navan 1000m Turf,HRI,0,Non-Graded,,53.6833,-6.6737
Navan,Ireland,Europe,1100,Sprint,Turf,HRI Navan 1100m Turf,HRI,0,Non-Graded,,53.6833,-6.6737
Navan,Ireland,Europe,3200,Long,Turf,HRI Navan 3200m Turf,HRI,0,Non-Graded,,53.6833,-6.6737
Down Royal,Ireland,Europe,3200,Long,Turf,His Majesty's Plate,HRI,4,Local,,54.491,-6.12
Down Royal,Ireland,Europe,2400,Long,Turf,Ulster Derby,HRI,4,Local,,54.491,-6.12
Down Royal,Ireland,Europe,1000,Sprint,Turf,HRI Down Royal 1000m Turf,HRI,0,Non-Graded,,54.491,-6.12
Down Royal,Ireland,Europe,1400,Sprint,Turf,HRI Down Royal 1400m Turf,HRI,0,Non-Graded,,54.491,-6.12
Down Royal,Ireland,Europe,1600,Mile,Turf,HRI Down Royal 1600m Turf,HRI,0,Non-Graded,,54.491,-6.12
Down Royal,Ireland,Europe,2000,Medium,Turf,HRI Down Royal 2000m Turf,HRI,0,Non-Graded,,54.491,-6.12
Down Royal,Ireland,Europe,2600,Long,Turf,HRI Down Royal 2600m Turf,HRI,0,Non-Graded,,54.491,-6.12
Galway,Ireland,Europe,1700,Mile,Turf,Colm Quinn BMW Mile Handicap,HRI,4,Local,,53.298,-8.997
Galway,Ireland,Europe,3300,Long,Turf,Connacht Hotel (Q.R.) Handicap,HRI,4,Local,,53.298,-8.997
Galway,Ireland,Europe,1400,Sprint,Turf,Corrib Fillies Stakes,HRI,4,Local,,53.298,-8.997
Galway,Ireland,Europe,2400,Long,Turf,Guinness Handicap,HRI,4,Local,,53.298,-8.997
Galway,Ireland,Europe,1400,Sprint,Turf,Ahonoora Handicap,HRI,4,Local,,53.298,-8.997
Galway,Ireland,Europe,2400,Long,Turf,Oyster Stakes,HRI,4,Local,,53.298,-8.997
Galway,Ireland,Europe,1600,Mile,Turf,HRI Galway 1600m Turf,HRI,0,Non-Graded,,53.298,-8.997
Galway,Ireland,Europe,2800,Long,Turf,HRI Galway 2800m Turf,HRI,0,Non-Graded,,53.298,-8.997
Killarney,Ireland,Europe,1600,Mile,Turf,Cairn Rouge Stakes,HRI,4,Local,,52.059937,-9.504427
Killarney,Ireland,Europe,1600,Mile,Turf,Ruby Stakes,HRI,4,Local,,52.059937,-9.504427
Killarney,Ireland,Europe,2800,Long,Turf,Kingdom Gold Cup,HRI,4,Local,,52.059937,-9.504427
Killarney,Ireland,Europe,2200,Medium,Turf,HRI Killarney 2200m Turf,HRI,0,Non-Graded,,52.059937,-9.504427
Killarney,Ireland,Europe,3400,Long,Turf,HRI Killarney 3400m Turf,HRI,0,Non-Graded,,52.059937,-9.504427
Limerick,Ireland,Europe,2400,Long,Turf,Martin Molony Stakes,HRI,4,Local,,52.59,-8.69
Limerick,Ireland,Europe,1200,Sprint,Turf,HRI Limerick 1200m Turf,HRI,0,Non-Graded,,52.59,-8.69
Limerick,Ireland,Europe,1400,Sprint,Turf,HRI Limerick 1400m Turf,HRI,0,Non-Graded,,52.59,-8.69
Limerick,Ireland,Europe,1600,Mile,Turf,HRI Limerick 1600m Turf,HRI,0,Non-Graded,,52.59,-8.69
Limerick,Ireland,Europe,2200,Medium,Turf,HRI Limerick 2200m Turf,HRI,0,Non-Graded,,52.59,-8.69
Limerick,Ireland,Europe,3200,Long,Turf,HRI Limerick 3200m Turf,HRI,0,Non-Graded,,52.59,-8.69
Listowel,Ireland,Europe,1600,Mile,Turf,Listowel Stakes,HRI,4,Local,,52.44768,-9.48824
Listowel,Ireland,Europe,2200,Medium,Turf,John McGuire Handicap,HRI,4,Local,,52.44768,-9.48824
Listowel,Ireland,Europe,1200,Sprint,Turf,HRI Listowel 1200m Turf,HRI,0,Non-Graded,,52.44768,-9.48824
Listowel,Ireland,Europe,1400,Sprint,Turf,HRI Listowel 1400m Turf,HRI,0,Non-Graded,,52.44768,-9.48824
Listowel,Ireland,Europe,1800,Mile,Turf,HRI Listowel 1800m Turf,HRI,0,Non-Graded,,52.44768,-9.48824
Listowel,Ireland,Europe,2400,Long,Turf,HRI Listowel 2400m Turf,HRI,0,Non-Graded,,52.44768,-9.48824
Listowel,Ireland,Europe,2800,Long,Turf,HRI Listowel 2800m Turf,HRI,0,Non-Graded,,52.44768,-9.48824
Roscommon,Ireland,Europe,2400,Long,Turf,Lenebane Stakes,HRI,4,Local,,53.645689,-8.222119
Roscommon,Ireland,Europe,1400,Sprint,Turf,HRI Roscommon 1400m Turf,HRI,0,Non-Graded,,53.645689,-8.222119
Roscommon,Ireland,Europe,1600,Mile,Turf,HRI Roscommon 1600m Turf,HRI,0,Non-Graded,,53.645689,-8.222119
Roscommon,Ireland,Europe,2000,Medium,Turf,HRI Roscommon 2000m Turf,HRI,0,Non-Graded,,53.645689,-8.222119
Roscommon,Ireland,Europe,3200,Long,Turf,HRI Roscommon 3200m Turf,HRI,0,Non-Graded,,53.645689,-8.222119
Istanbul Veliefendi ,Turkiye,Europe,1600,Mile,Turf,International Malazgirt Trophy,TJK,1,G1,,40.98709,28.88881
Toulouse,France,Europe,2200,Medium,Turf,French Arabian Breeders' Challenge Classic - H.H. Sheikh Zayed bin Sultan al Nahyan Cup,France Galop,1,G1,,43.5855,1.4085
Longchamp,France,Europe,2000,Medium,Turf,Qatar Arabian World Cup,France Galop,1,G1,,48.858783,2.229633
Longchamp,France,Europe,2000,Medium,Turf,Qatar Arabian Trophy des Juments,France Galop,1,G1,,48.858783,2.229633
Saint-Cloud,France,Europe,2000,Medium,Turf,Qatar Arabian Trophy des Poulains,France Galop,1,G1,,48.856944,2.202778
Saint-Cloud,France,Europe,2000,Medium,Turf,Qatar Arabian Trophy des Pouliches,France Galop,1,G1,,48.856944,2.202778
Longchamp,France,Europe,2000,Medium,Turf,Qatar Cup - Prix Dragon,France Galop,1,G1,,48.858783,2.229633
Doncaster,Great Britain,Europe,2000,Medium,Turf,President of the U.A.E. Cup - UK Arabian Derby,BHA,1,G1,,53.520278,-1.096667
Deauville,France,Europe,2000,Medium,Turf,Al Rayyan Cup - Prix Kesberoy,France Galop,1,G1,,49.3539,0.0751
Deauville,France,Europe,2000,Medium,Turf,Doha Cup - Prix Maganate,France Galop,1,G1,,49.3539,0.0751
Goodwood,Great Britain,Europe,1600,Mile,Turf,Qatar International Stakes,BHA,1,G1,,50.896944,-0.7425
Chantilly,France,Europe,2000,Medium,Turf,Qatar Derby des Pur-Sang Arabes de 4 Ans,France Galop,1,G1,,49.191667,2.475
Longchamp,France,Europe,2000,Medium,Turf,President of the U.A.E. Cup - Coupe d'Europe des Chevaux Arabes,France Galop,1,G1,,48.858783,2.229633
Doha,Qatar,Asia,2000,Medium,Turf,Qatar Gold Sword,QREC,1,G1,,25.28545,51.53104
Meydan,United Arab Emirates,Asia,2000,Medium,Turf,Dubai Kahayla Classic,DRC,1,G1,,25.156102,55.306549
Abu Dhabi,United Arab Emirates,Asia,2200,Medium,Turf,Emirates Championship,ADEC,1,G1,,24.440255,54.377835
Meydan,United Arab Emirates,Asia,2000,Medium,Turf,Al Maktoum Challenge R3,DRC,1,G1,UAE Al Maktoum Challenge,25.156102,55.306549
Doha,Qatar,Asia,1600,Mile,Turf,Qatar International Cup,QREC,1,G1,,25.28545,51.53104
Doha,Qatar,Asia,2400,Long,Turf,H.H. the Emir's Sword,QREC,1,G1,,25.28545,51.53104
Abu Dhabi,United Arab Emirates,Asia,2200,Medium,Turf,H.H. the President Cup,ADEC,1,G1,,24.440255,54.377835
Meydan,United Arab Emirates,Asia,2200,Medium,Turf,Al Maktoum Challenge R2,DRC,1,G1,UAE Al Maktoum Challenge,25.156102,55.306549
Meydan,United Arab Emirates,Asia,1600,Mile,Turf,Al Maktoum Challenge R1,DRC,1,G1,UAE Al Maktoum Challenge,25.156102,55.306549
Abu Dhabi,United Arab Emirates,Asia,1600,Mile,Turf,Sheikh Zayed bin Sultan al Nahyan Jewel Crown (National Day Cup),ADEC,1,G1,,24.440255,54.377835
Chantilly,France,Europe,2000,Medium,Turf,Qatar Arabian World Cup,France Galop,1,G1,,49.191667,2.475
Chantilly,France,Europe,2000,Medium,Turf,Qatar Arabian Trophy des Juments,France Galop,1,G1,,49.191667,2.475
Newbury,Great Britain,Europe,1200,Sprint,Turf,Jebel Ali Racecourse Zaabeel International Stakes,BHA,1,G1,,51.394444,-1.300556
Newbury,Great Britain,Europe,2000,Medium,Turf,Dubai Duty Free Hatta International Stakes,BHA,1,G1,,51.394444,-1.300556
Newbury,Great Britain,Europe,2000,Medium,Turf,Shadwell Dubai International Stakes,BHA,1,G1,,51.394444,-1.300556
Chantilly,France,Europe,1600,Mile,Turf,Qatar Coupe de France,France Galop,1,G1,,49.191667,2.475
Abu Dhabi,United Arab Emirates,Asia,1400,Sprint,Turf,Liwa Oasis,ADEC,1,G1,,24.440255,54.377835
Lingfield,Great Britain,Europe,1600,Mile,Turf,H.H. Sheikh Zayed bin Sultan al Nahyan Cup,BHA,1,G1,,51.170556,-0.005
Newmarket,Great Britain,Europe,1600,Mile,Turf,QREC UK Arabian Derby,BHA,1,G1,,52.2375,0.37444
Doncaster,Great Britain,Europe,1600,Mile,Turf,Qatar Racing and Equestian Club Harwood International Stakes,BHA,1,G1,,53.520278,-1.096667
Delaware Park,USA,North America,2000,Medium,Turf,Delaware Park Arabian Classic Handicap,DPRO,1,G1,,39.7023,-75.668
Delaware Park,USA,North America,1800,Mile,Turf,Buzz Braunninger Distaff Handicap,DPRO,1,G1,,39.7023,-75.668
Sam Houston,USA,North America,1700,Mile,Turf,H.H. Sheikh Mansour bin Zayed Festival Race,PENN,1,G1,,29.930425,-95.528675
Santa Anita Park,USA,North America,1700,Mile,Turf,President of the U.A.E. Breeders' Cup Stakes Group 1,1/ST Racing,1,G1,,34.140635,-118.044354
Moscow,Russia,Europe,2400,Long,Turf,President of the U.A.E. Cup,Russian Hippodromes,1,G1,,55.777778,37.561667
Tunis,Tunisia,Africa,1600,Mile,Turf,Prix de la Waho,SCHT,1,G1,,36.8066,10.1171
Tunis,Tunisia,Africa,2000,Medium,Turf,Grand Prix de Carthage,SCHT,1,G1,,36.8066,10.1171
Doha,Qatar,Asia,2000,Medium,Turf,Qatar National Day Trophy,QREC,1,G1,,25.28545,51.53104
Moscow,Russia,Europe,2800,Long,Turf,Cup of Russia,Russian Hippodromes,1,G1,,55.777778,37.561667
Moscow,Russia,Europe,2400,Long,Turf,U.A.E. President Cup Sorouh - Moscow Derby,Russian Hippodromes,1,G1,,55.777778,37.561667
Delaware Park,USA,North America,2000,Medium,Turf,Bob Magness Derby,DPRO,1,G1,,39.7023,-75.668
Delaware Park,USA,North America,1800,Mile,Turf,CRE Run Oaks,DPRO,1,G1,,39.7023,-75.668
Tunis,Tunisia,Africa,2000,Medium,Turf,Sadok Essaied - Grand Prix des Pur-Sang Arabes,SCHT,1,G1,,36.8066,10.1171
Tunis,Tunisia,Africa,2000,Medium,Turf,Grand Prix du President de la Republique,SCHT,1,G1,,36.8066,10.1171
Tunis,Tunisia,Africa,1600,Mile,Turf,Prix Ifahr,SCHT,1,G1,,36.8066,10.1171
Delaware Park,USA,North America,2000,Medium,Turf,1 1/4 Miles Stakes,DPRO,1,G1,,39.7023,-75.668
SVĐ Trống Đế,Vietnam,Asia,1200,Sprint,Turf,AceStudio SVĐ Trống Đế 1200m Turf,AceStudio,1,G1,,15.99947226,108.2230285
SVĐ Trống Đế,Vietnam,Asia,1400,Sprint,Turf,AceStudio SVĐ Trống Đế 1400m Turf,AceStudio,1,G1,,15.99947226,108.2230285
SVĐ Trống Đế,Vietnam,Asia,1600,Mile,Turf,AceStudio SVĐ Trống Đế 1600m Turf,AceStudio,1,G1,,15.99947226,108.2230285
SVĐ Trống Đế,Vietnam,Asia,1800,Mile,Turf,AceStudio SVĐ Trống Đế 1800m Turf,AceStudio,1,G1,,15.99947226,108.2230285
SVĐ Trống Đế,Vietnam,Asia,2000,Medium,Turf,AceStudio SVĐ Trống Đế 2000m Turf,AceStudio,1,G1,,15.99947226,108.2230285
SVĐ Trống Đế,Vietnam,Asia,2200,Medium,Turf,AceStudio SVĐ Trống Đế 2200m Turf,AceStudio,1,G1,,15.99947226,108.2230285
SVĐ Trống Đế,Vietnam,Asia,2400,Long,Turf,AceStudio SVĐ Trống Đế 2400m Turf,AceStudio,1,G1,,15.99947226,108.2230285
SVĐ Trống Đế,Vietnam,Asia,2600,Long,Turf,AceStudio SVĐ Trống Đế 2600m Turf,AceStudio,1,G1,,15.99947226,108.2230285
SVĐ Trống Đế,Vietnam,Asia,3000,Long,Turf,AceStudio SVĐ Trống Đế 3000m Turf,AceStudio,1,G1,,15.99947226,108.2230285
SVĐ Trống Đế,Vietnam,Asia,1200,Sprint,Dirt,AceStudio SVĐ Trống Đế 1200m Dirt,AceStudio,1,G1,,15.99947226,108.2230285
SVĐ Trống Đế,Vietnam,Asia,1400,Sprint,Dirt,AceStudio SVĐ Trống Đế 1400m Dirt,AceStudio,1,G1,,15.99947226,108.2230285
SVĐ Trống Đế,Vietnam,Asia,1800,Mile,Dirt,AceStudio SVĐ Trống Đế 1800m Dirt,AceStudio,1,G1,,15.99947226,108.2230285
SVĐ Trống Đế,Vietnam,Asia,2000,Medium,Dirt,AceStudio SVĐ Trống Đế 2000m Dirt,AceStudio,1,G1,,15.99947226,108.2230285
SVĐ Trống Đế,Vietnam,Asia,3200,Long,Dirt,AceStudio SVĐ Trống Đế 3200m Dirt,AceStudio,1,G1,,15.99947226,108.2230285
Một năm kinh tế biển,Vietnam,Asia,1000,Sprint,Turf,AceStudio Một năm kinh tế biển 1000m Turf,AceStudio,1,G1,,18.96116203,105.602294
Một năm kinh tế biển,Vietnam,Asia,1200,Sprint,Turf,AceStudio Một năm kinh tế biển 1200m Turf,AceStudio,1,G1,,18.96116203,105.602294
Một năm kinh tế biển,Vietnam,Asia,1400,Sprint,Turf,AceStudio Một năm kinh tế biển 1400m Turf,AceStudio,1,G1,,18.96116203,105.602294
Một năm kinh tế biển,Vietnam,Asia,1600,Mile,Turf,AceStudio Một năm kinh tế biển 1600m Turf,AceStudio,1,G1,,18.96116203,105.602294
Một năm kinh tế biển,Vietnam,Asia,1800,Mile,Turf,AceStudio Một năm kinh tế biển 1800m Turf,AceStudio,1,G1,,18.96116203,105.602294
Một năm kinh tế biển,Vietnam,Asia,2000,Medium,Turf,AceStudio Một năm kinh tế biển 2000m Turf,AceStudio,1,G1,,18.96116203,105.602294
Một năm kinh tế biển,Vietnam,Asia,2400,Long,Turf,AceStudio Một năm kinh tế biển 2400m Turf,AceStudio,1,G1,,18.96116203,105.602294
Một năm kinh tế biển,Vietnam,Asia,3200,Long,Turf,AceStudio Một năm kinh tế biển 3200m Turf,AceStudio,1,G1,,18.96116203,105.602294
Một năm kinh tế biển,Vietnam,Asia,1200,Sprint,Dirt,AceStudio Một năm kinh tế biển 1200m Dirt,AceStudio,1,G1,,18.96116203,105.602294
Một năm kinh tế biển,Vietnam,Asia,1400,Sprint,Dirt,AceStudio Một năm kinh tế biển 1400m Dirt,AceStudio,1,G1,,18.96116203,105.602294
Một năm kinh tế biển,Vietnam,Asia,1600,Mile,Dirt,AceStudio Một năm kinh tế biển 1600m Dirt,AceStudio,1,G1,,18.96116203,105.602294
Một năm kinh tế biển,Vietnam,Asia,1900,Medium,Dirt,AceStudio Một năm kinh tế biển 1900m Dirt,AceStudio,1,G1,,18.96116203,105.602294
Một năm kinh tế biển,Vietnam,Asia,2000,Medium,Dirt,AceStudio Một năm kinh tế biển 2000m Dirt,AceStudio,1,G1,,18.96116203,105.602294
Quảng trường Ba Đình,Vietnam,Asia,1000,Sprint,Turf,AceStudio Quảng trường Ba Đình 1000m Turf,AceStudio,1,G1,,21.03726788,105.8362712
Quảng trường Ba Đình,Vietnam,Asia,1200,Sprint,Turf,AceStudio Quảng trường Ba Đình 1200m Turf,AceStudio,1,G1,,21.03726788,105.8362712
Quảng trường Ba Đình,Vietnam,Asia,1300,Sprint,Turf,AceStudio Quảng trường Ba Đình 1300m Turf,AceStudio,1,G1,,21.03726788,105.8362712
Quảng trường Ba Đình,Vietnam,Asia,1400,Sprint,Turf,AceStudio Quảng trường Ba Đình 1400m Turf,AceStudio,1,G1,,21.03726788,105.8362712
Quảng trường Ba Đình,Vietnam,Asia,1600,Mile,Turf,AceStudio Quảng trường Ba Đình 1600m Turf,AceStudio,1,G1,,21.03726788,105.8362712
Quảng trường Ba Đình,Vietnam,Asia,2000,Medium,Turf,AceStudio Quảng trường Ba Đình 2000m Turf,AceStudio,1,G1,,21.03726788,105.8362712
Quảng trường Ba Đình,Vietnam,Asia,2400,Long,Turf,AceStudio Quảng trường Ba Đình 2400m Turf,AceStudio,1,G1,,21.03726788,105.8362712
SVĐ Bá Lễ,Vietnam,Asia,1000,Sprint,Turf,AceStudio SVĐ Bá Lễ 1000m Turf,AceStudio,1,G1,,15.87930332,108.3306346
SVĐ Bá Lễ,Vietnam,Asia,1200,Sprint,Turf,AceStudio SVĐ Bá Lễ 1200m Turf,AceStudio,1,G1,,15.87930332,108.3306346
SVĐ Bá Lễ,Vietnam,Asia,1650,Mile,Turf,AceStudio SVĐ Bá Lễ 1650m Turf,AceStudio,1,G1,,15.87930332,108.3306346
SVĐ Bá Lễ,Vietnam,Asia,1800,Mile,Turf,AceStudio SVĐ Bá Lễ 1800m Turf,AceStudio,1,G1,,15.87930332,108.3306346
SVĐ Bá Lễ,Vietnam,Asia,2200,Medium,Turf,AceStudio SVĐ Bá Lễ 2200m Turf,AceStudio,1,G1,,15.87930332,108.3306346
81 Ngày Đêm,Vietnam,Asia,1000,Sprint,Turf,AceStudio 81 Ngày Đêm 1000m Turf,AceStudio,1,G1,,21.03570084,105.8285814
81 Ngày Đêm,Vietnam,Asia,1100,Sprint,Turf,AceStudio 81 Ngày Đêm 1100m Turf,AceStudio,1,G1,,21.03570084,105.8285814
81 Ngày Đêm,Vietnam,Asia,1600,Mile,Turf,AceStudio 81 Ngày Đêm 1600m Turf,AceStudio,1,G1,,21.03570084,105.8285814
81 Ngày Đêm,Vietnam,Asia,1700,Mile,Turf,AceStudio 81 Ngày Đêm 1700m Turf,AceStudio,1,G1,,21.03570084,105.8285814
81 Ngày Đêm,Vietnam,Asia,1800,Mile,Turf,AceStudio 81 Ngày Đêm 1800m Turf,AceStudio,1,G1,,21.03570084,105.8285814
81 Ngày Đêm,Vietnam,Asia,1000,Sprint,Dirt,AceStudio 81 Ngày Đêm 1000m Dirt,AceStudio,1,G1,,21.03570084,105.8285814
81 Ngày Đêm,Vietnam,Asia,1100,Sprint,Dirt,AceStudio 81 Ngày Đêm 1100m Dirt,AceStudio,1,G1,,21.03570084,105.8285814
81 Ngày Đêm,Vietnam,Asia,1200,Sprint,Dirt,AceStudio 81 Ngày Đêm 1200m Dirt,AceStudio,1,G1,,21.03570084,105.8285814
81 Ngày Đêm,Vietnam,Asia,1300,Sprint,Dirt,AceStudio 81 Ngày Đêm 1300m Dirt,AceStudio,1,G1,,21.03570084,105.8285814
81 Ngày Đêm,Vietnam,Asia,1400,Sprint,Dirt,AceStudio 81 Ngày Đêm 1400m Dirt,AceStudio,1,G1,,21.03570084,105.8285814
81 Ngày Đêm,Vietnam,Asia,1500,Mile,Dirt,AceStudio 81 Ngày Đêm 1500m Dirt,AceStudio,1,G1,,21.03570084,105.8285814
81 Ngày Đêm,Vietnam,Asia,1600,Mile,Dirt,AceStudio 81 Ngày Đêm 1600m Dirt,AceStudio,1,G1,,21.03570084,105.8285814
81 Ngày Đêm,Vietnam,Asia,1700,Mile,Dirt,AceStudio 81 Ngày Đêm 1700m Dirt,AceStudio,1,G1,,21.03570084,105.8285814
81 Ngày Đêm,Vietnam,Asia,1800,Mile,Dirt,AceStudio 81 Ngày Đêm 1800m Dirt,AceStudio,1,G1,,21.03570084,105.8285814
81 Ngày Đêm,Vietnam,Asia,1900,Medium,Dirt,AceStudio 81 Ngày Đêm 1900m Dirt,AceStudio,1,G1,,21.03570084,105.8285814
Cù Lào Charm,Vietnam,Asia,800,Sprint,Turf,AceStudio Cù Lào Charm 800m Turf,AceStudio,1,G1,,15.96370878,108.5117852
Cù Lào Charm,Vietnam,Asia,1000,Sprint,Turf,AceStudio Cù Lào Charm 1000m Turf,AceStudio,1,G1,,15.96370878,108.5117852
Cù Lào Charm,Vietnam,Asia,1100,Sprint,Turf,AceStudio Cù Lào Charm 1100m Turf,AceStudio,1,G1,,15.96370878,108.5117852
Cù Lào Charm,Vietnam,Asia,1200,Sprint,Turf,AceStudio Cù Lào Charm 1200m Turf,AceStudio,1,G1,,15.96370878,108.5117852
Cù Lào Charm,Vietnam,Asia,1400,Sprint,Turf,AceStudio Cù Lào Charm 1400m Turf,AceStudio,1,G1,,15.96370878,108.5117852
Cù Lào Charm,Vietnam,Asia,1600,Mile,Turf,AceStudio Cù Lào Charm 1600m Turf,AceStudio,1,G1,,15.96370878,108.5117852
Cù Lào Charm,Vietnam,Asia,2000,Medium,Turf,AceStudio Cù Lào Charm 2000m Turf,AceStudio,1,G1,,15.96370878,108.5117852
Cù Lào Charm,Vietnam,Asia,2400,Long,Turf,AceStudio Cù Lào Charm 2400m Turf,AceStudio,1,G1,,15.96370878,108.5117852
Cù Lào Charm,Vietnam,Asia,2500,Long,Turf,AceStudio Cù Lào Charm 2500m Turf,AceStudio,1,G1,,15.96370878,108.5117852
Cù Lào Charm,Vietnam,Asia,3000,Long,Turf,AceStudio Cù Lào Charm 3000m Turf,AceStudio,1,G1,,15.96370878,108.5117852
SVĐ Đồng Thanh,Vietnam,Asia,1000,Sprint,Turf,AceStudio SVĐ Đồng Thanh 1000m Turf,AceStudio,1,G1,,10.76091918,106.663759
SVĐ Đồng Thanh,Vietnam,Asia,1100,Sprint,Turf,AceStudio SVĐ Đồng Thanh 1100m Turf,AceStudio,1,G1,,10.76091918,106.663759
SVĐ Đồng Thanh,Vietnam,Asia,1200,Sprint,Turf,AceStudio SVĐ Đồng Thanh 1200m Turf,AceStudio,1,G1,,10.76091918,106.663759
SVĐ Đồng Thanh,Vietnam,Asia,1400,Sprint,Turf,AceStudio SVĐ Đồng Thanh 1400m Turf,AceStudio,1,G1,,10.76091918,106.663759
SVĐ Đồng Thanh,Vietnam,Asia,1600,Mile,Turf,AceStudio SVĐ Đồng Thanh 1600m Turf,AceStudio,1,G1,,10.76091918,106.663759
SVĐ Đồng Thanh,Vietnam,Asia,1800,Mile,Turf,AceStudio SVĐ Đồng Thanh 1800m Turf,AceStudio,1,G1,,10.76091918,106.663759
SVĐ Đồng Thanh,Vietnam,Asia,2000,Medium,Turf,AceStudio SVĐ Đồng Thanh 2000m Turf,AceStudio,1,G1,,10.76091918,106.663759
SVĐ Đồng Thanh,Vietnam,Asia,2400,Long,Turf,AceStudio SVĐ Đồng Thanh 2400m Turf,AceStudio,1,G1,,10.76091918,106.663759
SVĐ Đồng Thanh,Vietnam,Asia,2600,Long,Turf,AceStudio SVĐ Đồng Thanh 2600m Turf,AceStudio,1,G1,,10.76091918,106.663759
SVĐ Đồng Thanh,Vietnam,Asia,3200,Long,Turf,AceStudio SVĐ Đồng Thanh 3200m Turf,AceStudio,1,G1,,10.76091918,106.663759
SVĐ Đồng Thanh,Vietnam,Asia,3400,Long,Turf,AceStudio SVĐ Đồng Thanh 3400m Turf,AceStudio,1,G1,,10.76091918,106.663759
Choco Bạc Hà,Vietnam,Asia,900,Sprint,Turf,AceStudio Choco Bạc Hà 900m Turf,AceStudio,1,G1,,21.02514307,105.8554115
Choco Bạc Hà,Vietnam,Asia,1100,Sprint,Turf,AceStudio Choco Bạc Hà 1100m Turf,AceStudio,1,G1,,21.02514307,105.8554115
Choco Bạc Hà,Vietnam,Asia,1300,Sprint,Turf,AceStudio Choco Bạc Hà 1300m Turf,AceStudio,1,G1,,21.02514307,105.8554115
Choco Bạc Hà,Vietnam,Asia,1600,Mile,Turf,AceStudio Choco Bạc Hà 1600m Turf,AceStudio,1,G1,,21.02514307,105.8554115
Choco Bạc Hà,Vietnam,Asia,1700,Mile,Turf,AceStudio Choco Bạc Hà 1700m Turf,AceStudio,1,G1,,21.02514307,105.8554115
Choco Bạc Hà,Vietnam,Asia,1800,Mile,Turf,AceStudio Choco Bạc Hà 1800m Turf,AceStudio,1,G1,,21.02514307,105.8554115
Choco Bạc Hà,Vietnam,Asia,1900,Medium,Turf,AceStudio Choco Bạc Hà 1900m Turf,AceStudio,1,G1,,21.02514307,105.8554115
Choco Bạc Hà,Vietnam,Asia,2100,Medium,Turf,AceStudio Choco Bạc Hà 2100m Turf,AceStudio,1,G1,,21.02514307,105.8554115
Choco Bạc Hà,Vietnam,Asia,2400,Long,Turf,AceStudio Choco Bạc Hà 2400m Turf,AceStudio,1,G1,,21.02514307,105.8554115
Choco Bạc Hà,Vietnam,Asia,2800,Long,Turf,AceStudio Choco Bạc Hà 2800m Turf,AceStudio,1,G1,,21.02514307,105.8554115
Choco Bạc Hà,Vietnam,Asia,1100,Sprint,Dirt,AceStudio Choco Bạc Hà 1100m Dirt,AceStudio,1,G1,,21.02514307,105.8554115
Choco Bạc Hà,Vietnam,Asia,1600,Mile,Dirt,AceStudio Choco Bạc Hà 1600m Dirt,AceStudio,1,G1,,21.02514307,105.8554115
Choco Bạc Hà,Vietnam,Asia,1700,Mile,Dirt,AceStudio Choco Bạc Hà 1700m Dirt,AceStudio,1,G1,,21.02514307,105.8554115
Choco Bạc Hà,Vietnam,Asia,2400,Long,Dirt,AceStudio Choco Bạc Hà 2400m Dirt,AceStudio,1,G1,,21.02514307,105.8554115
SVĐ chữ Ư,Vietnam,Asia,800,Sprint,Turf,AceStudio SVĐ chữ Ư 800m Turf,AceStudio,1,G1,,20.85193241,106.689638
SVĐ chữ Ư,Vietnam,Asia,1200,Sprint,Turf,AceStudio SVĐ chữ Ư 1200m Turf,AceStudio,1,G1,,20.85193241,106.689638
SVĐ chữ Ư,Vietnam,Asia,1600,Mile,Turf,AceStudio SVĐ chữ Ư 1600m Turf,AceStudio,1,G1,,20.85193241,106.689638
SVĐ chữ Ư,Vietnam,Asia,1800,Mile,Turf,AceStudio SVĐ chữ Ư 1800m Turf,AceStudio,1,G1,,20.85193241,106.689638
SVĐ chữ Ư,Vietnam,Asia,2000,Medium,Turf,AceStudio SVĐ chữ Ư 2000m Turf,AceStudio,1,G1,,20.85193241,106.689638
SVĐ chữ Ư,Vietnam,Asia,2100,Medium,Turf,AceStudio SVĐ chữ Ư 2100m Turf,AceStudio,1,G1,,20.85193241,106.689638
SVĐ chữ Ư,Vietnam,Asia,2600,Long,Turf,AceStudio SVĐ chữ Ư 2600m Turf,AceStudio,1,G1,,20.85193241,106.689638
SVĐ chữ Ư,Vietnam,Asia,800,Sprint,Synthetic,AceStudio SVĐ chữ Ư 800m Synthetic,AceStudio,1,G1,,20.85193241,106.689638
SVĐ chữ Ư,Vietnam,Asia,1200,Sprint,Synthetic,AceStudio SVĐ chữ Ư 1200m Synthetic,AceStudio,1,G1,,20.85193241,106.689638
SVĐ chữ Ư,Vietnam,Asia,1600,Mile,Synthetic,AceStudio SVĐ chữ Ư 1600m Synthetic,AceStudio,1,G1,,20.85193241,106.689638
SVĐ chữ Ư,Vietnam,Asia,1800,Mile,Synthetic,AceStudio SVĐ chữ Ư 1800m Synthetic,AceStudio,1,G1,,20.85193241,106.689638
SVĐ chữ Ư,Vietnam,Asia,2000,Medium,Synthetic,AceStudio SVĐ chữ Ư 2000m Synthetic,AceStudio,1,G1,,20.85193241,106.689638
SVĐ chữ Ư,Vietnam,Asia,2100,Medium,Synthetic,AceStudio SVĐ chữ Ư 2100m Synthetic,AceStudio,1,G1,,20.85193241,106.689638
SVĐ chữ Ư,Vietnam,Asia,2600,Long,Synthetic,AceStudio SVĐ chữ Ư 2600m Synthetic,AceStudio,1,G1,,20.85193241,106.689638
SVĐ chữ Ô,Vietnam,Asia,1000,Sprint,Turf,AceStudio SVĐ chữ Ô 1000m Turf,AceStudio,1,G1,,20.80293012,106.6228031
SVĐ chữ Ô,Vietnam,Asia,1400,Sprint,Turf,AceStudio SVĐ chữ Ô 1400m Turf,AceStudio,1,G1,,20.80293012,106.6228031
SVĐ chữ Ô,Vietnam,Asia,1600,Mile,Turf,AceStudio SVĐ chữ Ô 1600m Turf,AceStudio,1,G1,,20.80293012,106.6228031
SVĐ chữ Ô,Vietnam,Asia,1700,Mile,Turf,AceStudio SVĐ chữ Ô 1700m Turf,AceStudio,1,G1,,20.80293012,106.6228031
SVĐ chữ Ô,Vietnam,Asia,2000,Medium,Turf,AceStudio SVĐ chữ Ô 2000m Turf,AceStudio,1,G1,,20.80293012,106.6228031
SVĐ chữ Ô,Vietnam,Asia,2400,Long,Turf,AceStudio SVĐ chữ Ô 2400m Turf,AceStudio,1,G1,,20.80293012,106.6228031
SVĐ chữ Ô,Vietnam,Asia,2700,Long,Turf,AceStudio SVĐ chữ Ô 2700m Turf,AceStudio,1,G1,,20.80293012,106.6228031
SVĐ chữ Ô,Vietnam,Asia,4500,Long,Turf,AceStudio SVĐ chữ Ô 4500m Turf,AceStudio,1,G1,,20.80293012,106.6228031
SVĐ chữ Ô,Vietnam,Asia,1000,Sprint,Synthetic,AceStudio SVĐ chữ Ô 1000m Synthetic,AceStudio,1,G1,,20.80293012,106.6228031
SVĐ chữ Ô,Vietnam,Asia,1400,Sprint,Synthetic,AceStudio SVĐ chữ Ô 1400m Synthetic,AceStudio,1,G1,,20.80293012,106.6228031
SVĐ chữ Ô,Vietnam,Asia,1600,Mile,Synthetic,AceStudio SVĐ chữ Ô 1600m Synthetic,AceStudio,1,G1,,20.80293012,106.6228031
SVĐ chữ Ô,Vietnam,Asia,1700,Mile,Synthetic,AceStudio SVĐ chữ Ô 1700m Synthetic,AceStudio,1,G1,,20.80293012,106.6228031
SVĐ chữ Ô,Vietnam,Asia,2000,Medium,Synthetic,AceStudio SVĐ chữ Ô 2000m Synthetic,AceStudio,1,G1,,20.80293012,106.6228031
SVĐ chữ Ô,Vietnam,Asia,2400,Long,Synthetic,AceStudio SVĐ chữ Ô 2400m Synthetic,AceStudio,1,G1,,20.80293012,106.6228031
SVĐ chữ Ô,Vietnam,Asia,2700,Long,Synthetic,AceStudio SVĐ chữ Ô 2700m Synthetic,AceStudio,1,G1,,20.80293012,106.6228031
SVĐ chữ Ô,Vietnam,Asia,4500,Long,Synthetic,AceStudio SVĐ chữ Ô 4500m Synthetic,AceStudio,1,G1,,20.80293012,106.6228031
Rì Mai,Vietnam,Asia,1000,Sprint,Turf,AceStudio Rì Mai 1000m Turf,AceStudio,1,G1,,10.77320901,106.6935162
Rì Mai,Vietnam,Asia,1200,Sprint,Turf,AceStudio Rì Mai 1200m Turf,AceStudio,1,G1,,10.77320901,106.6935162
Rì Mai,Vietnam,Asia,1400,Sprint,Turf,AceStudio Rì Mai 1400m Turf,AceStudio,1,G1,,10.77320901,106.6935162
Rì Mai,Vietnam,Asia,1600,Mile,Turf,AceStudio Rì Mai 1600m Turf,AceStudio,1,G1,,10.77320901,106.6935162
Rì Mai,Vietnam,Asia,1700,Mile,Turf,AceStudio Rì Mai 1700m Turf,AceStudio,1,G1,,10.77320901,106.6935162
Rì Mai,Vietnam,Asia,1900,Medium,Turf,AceStudio Rì Mai 1900m Turf,AceStudio,1,G1,,10.77320901,106.6935162
Rì Mai,Vietnam,Asia,2400,Long,Turf,AceStudio Rì Mai 2400m Turf,AceStudio,1,G1,,10.77320901,106.6935162
Rì Mai,Vietnam,Asia,2800,Long,Turf,AceStudio Rì Mai 2800m Turf,AceStudio,1,G1,,10.77320901,106.6935162
Rì Mai,Vietnam,Asia,3300,Long,Turf,AceStudio Rì Mai 3300m Turf,AceStudio,1,G1,,10.77320901,106.6935162
Cháu Yêu Bà,Vietnam,Asia,1000,Sprint,Turf,AceStudio Cháu Yêu Bà 1000m Turf,AceStudio,1,G1,,15.97200352,108.2645638
Cháu Yêu Bà,Vietnam,Asia,1200,Sprint,Turf,AceStudio Cháu Yêu Bà 1200m Turf,AceStudio,1,G1,,15.97200352,108.2645638
Cháu Yêu Bà,Vietnam,Asia,1800,Mile,Turf,AceStudio Cháu Yêu Bà 1800m Turf,AceStudio,1,G1,,15.97200352,108.2645638
Cháu Yêu Bà,Vietnam,Asia,2000,Medium,Turf,AceStudio Cháu Yêu Bà 2000m Turf,AceStudio,1,G1,,15.97200352,108.2645638
Cháu Yêu Bà,Vietnam,Asia,2600,Long,Turf,AceStudio Cháu Yêu Bà 2600m Turf,AceStudio,1,G1,,15.97200352,108.2645638
Cháu Yêu Bà,Vietnam,Asia,1000,Sprint,Synthetic,AceStudio Cháu Yêu Bà 1000m Synthetic,AceStudio,1,G1,,15.97200352,108.2645638
Cháu Yêu Bà,Vietnam,Asia,1200,Sprint,Synthetic,AceStudio Cháu Yêu Bà 1200m Synthetic,AceStudio,1,G1,,15.97200352,108.2645638
Cháu Yêu Bà,Vietnam,Asia,1800,Mile,Synthetic,AceStudio Cháu Yêu Bà 1800m Synthetic,AceStudio,1,G1,,15.97200352,108.2645638
Cháu Yêu Bà,Vietnam,Asia,2000,Medium,Synthetic,AceStudio Cháu Yêu Bà 2000m Synthetic,AceStudio,1,G1,,15.97200352,108.2645638
Cháu Yêu Bà,Vietnam,Asia,2600,Long,Synthetic,AceStudio Cháu Yêu Bà 2600m Synthetic,AceStudio,1,G1,,15.97200352,108.2645638
Cháu Yêu Bà,Vietnam,Asia,1000,Sprint,Dirt,AceStudio Cháu Yêu Bà 1000m Dirt,AceStudio,1,G1,,15.97200352,108.2645638
Cháu Yêu Bà,Vietnam,Asia,1700,Mile,Dirt,AceStudio Cháu Yêu Bà 1700m Dirt,AceStudio,1,G1,,15.97200352,108.2645638
Cháu Yêu Bà,Vietnam,Asia,2400,Long,Dirt,AceStudio Cháu Yêu Bà 2400m Dirt,AceStudio,1,G1,,15.97200352,108.2645638
4 điểm vòng 1,Vietnam,Asia,900,Sprint,Turf,AceStudio 4 điểm vòng 1 900m Turf,AceStudio,1,G1,,10.38024173,106.3687437
4 điểm vòng 1,Vietnam,Asia,1000,Sprint,Turf,AceStudio 4 điểm vòng 1 1000m Turf,AceStudio,1,G1,,10.38024173,106.3687437
4 điểm vòng 1,Vietnam,Asia,1300,Sprint,Turf,AceStudio 4 điểm vòng 1 1300m Turf,AceStudio,1,G1,,10.38024173,106.3687437
4 điểm vòng 1,Vietnam,Asia,1400,Sprint,Turf,AceStudio 4 điểm vòng 1 1400m Turf,AceStudio,1,G1,,10.38024173,106.3687437
4 điểm vòng 1,Vietnam,Asia,1500,Mile,Turf,AceStudio 4 điểm vòng 1 1500m Turf,AceStudio,1,G1,,10.38024173,106.3687437
4 điểm vòng 1,Vietnam,Asia,1600,Mile,Turf,AceStudio 4 điểm vòng 1 1600m Turf,AceStudio,1,G1,,10.38024173,106.3687437
4 điểm vòng 1,Vietnam,Asia,1650,Mile,Turf,AceStudio 4 điểm vòng 1 1650m Turf,AceStudio,1,G1,,10.38024173,106.3687437
4 điểm vòng 1,Vietnam,Asia,1850,Medium,Turf,AceStudio 4 điểm vòng 1 1850m Turf,AceStudio,1,G1,,10.38024173,106.3687437
4 điểm vòng 1,Vietnam,Asia,2200,Medium,Turf,AceStudio 4 điểm vòng 1 2200m Turf,AceStudio,1,G1,,10.38024173,106.3687437
4 điểm vòng 1,Vietnam,Asia,2250,Medium,Turf,AceStudio 4 điểm vòng 1 2250m Turf,AceStudio,1,G1,,10.38024173,106.3687437
4 điểm vòng 1,Vietnam,Asia,2400,Long,Turf,AceStudio 4 điểm vòng 1 2400m Turf,AceStudio,1,G1,,10.38024173,106.3687437
4 điểm vòng 1,Vietnam,Asia,4444,Long,Turf,AceStudio 4 điểm vòng 1 4444m Turf,AceStudio,1,G1,,10.38024173,106.3687437
Chromium Stakes,Vietnam,Asia,1000,Sprint,Turf,AceStudio Chromium Stakes 1000m Turf,AceStudio,1,G1,,10.87746957,106.6799132
Chromium Stakes,Vietnam,Asia,1200,Sprint,Turf,AceStudio Chromium Stakes 1200m Turf,AceStudio,1,G1,,10.87746957,106.6799132
Chromium Stakes,Vietnam,Asia,1400,Sprint,Turf,AceStudio Chromium Stakes 1400m Turf,AceStudio,1,G1,,10.87746957,106.6799132
Chromium Stakes,Vietnam,Asia,1600,Mile,Turf,AceStudio Chromium Stakes 1600m Turf,AceStudio,1,G1,,10.87746957,106.6799132
Chromium Stakes,Vietnam,Asia,2000,Medium,Turf,AceStudio Chromium Stakes 2000m Turf,AceStudio,1,G1,,10.87746957,106.6799132
Chromium Stakes,Vietnam,Asia,2400,Long,Turf,AceStudio Chromium Stakes 2400m Turf,AceStudio,1,G1,,10.87746957,106.6799132
Chromium Stakes,Vietnam,Asia,2800,Long,Turf,AceStudio Chromium Stakes 2800m Turf,AceStudio,1,G1,,10.87746957,106.6799132
Chromium Stakes,Vietnam,Asia,3200,Long,Turf,AceStudio Chromium Stakes 3200m Turf,AceStudio,1,G1,,10.87746957,106.6799132
Chromium Stakes,Vietnam,Asia,4000,Long,Turf,AceStudio Chromium Stakes 4000m Turf,AceStudio,1,G1,,10.87746957,106.6799132
Chromium Stakes,Vietnam,Asia,4200,Long,Turf,AceStudio Chromium Stakes 4200m Turf,AceStudio,1,G1,,10.87746957,106.6799132
Chromium Stakes,Vietnam,Asia,4800,Long,Turf,AceStudio Chromium Stakes 4800m Turf,AceStudio,1,G1,,10.87746957,106.6799132
Chromium Stakes,Vietnam,Asia,5000,Long,Turf,AceStudio Chromium Stakes 5000m Turf,AceStudio,1,G1,,10.87746957,106.6799132
Hai,Vietnam,Asia,1200,Sprint,Turf,AceStudio Hai 1200m Turf,AceStudio,1,G1,,21.03138725,105.8517297
Hai,Vietnam,Asia,1400,Sprint,Turf,AceStudio Hai 1400m Turf,AceStudio,1,G1,,21.03138725,105.8517297
Hai,Vietnam,Asia,1600,Mile,Turf,AceStudio Hai 1600m Turf,AceStudio,1,G1,,21.03138725,105.8517297
Hai,Vietnam,Asia,1800,Mile,Turf,AceStudio Hai 1800m Turf,AceStudio,1,G1,,21.03138725,105.8517297
Hai,Vietnam,Asia,2000,Medium,Turf,AceStudio Hai 2000m Turf,AceStudio,1,G1,,21.03138725,105.8517297
Hai,Vietnam,Asia,2200,Medium,Turf,AceStudio Hai 2200m Turf,AceStudio,1,G1,,21.03138725,105.8517297
Hai,Vietnam,Asia,2400,Long,Turf,AceStudio Hai 2400m Turf,AceStudio,1,G1,,21.03138725,105.8517297
Hai,Vietnam,Asia,3000,Long,Turf,AceStudio Hai 3000m Turf,AceStudio,1,G1,,21.03138725,105.8517297
Hai,Vietnam,Asia,3200,Long,Turf,AceStudio Hai 3200m Turf,AceStudio,1,G1,,21.03138725,105.8517297
Hai,Vietnam,Asia,1200,Sprint,Synthetic,AceStudio Hai 1200m Synthetic,AceStudio,1,G1,,21.03138725,105.8517297
Hai,Vietnam,Asia,1400,Sprint,Synthetic,AceStudio Hai 1400m Synthetic,AceStudio,1,G1,,21.03138725,105.8517297
Hai,Vietnam,Asia,1600,Mile,Synthetic,AceStudio Hai 1600m Synthetic,AceStudio,1,G1,,21.03138725,105.8517297
Hai,Vietnam,Asia,1800,Mile,Synthetic,AceStudio Hai 1800m Synthetic,AceStudio,1,G1,,21.03138725,105.8517297
Hai,Vietnam,Asia,2000,Medium,Synthetic,AceStudio Hai 2000m Synthetic,AceStudio,1,G1,,21.03138725,105.8517297
Hai,Vietnam,Asia,2200,Medium,Synthetic,AceStudio Hai 2200m Synthetic,AceStudio,1,G1,,21.03138725,105.8517297
Hai,Vietnam,Asia,2400,Long,Synthetic,AceStudio Hai 2400m Synthetic,AceStudio,1,G1,,21.03138725,105.8517297
Hai,Vietnam,Asia,3000,Long,Synthetic,AceStudio Hai 3000m Synthetic,AceStudio,1,G1,,21.03138725,105.8517297
Hai,Vietnam,Asia,3200,Long,Synthetic,AceStudio Hai 3200m Synthetic,AceStudio,1,G1,,21.03138725,105.8517297
Hai,Vietnam,Asia,1200,Sprint,Dirt,AceStudio Hai 1200m Dirt,AceStudio,1,G1,,21.03138725,105.8517297
Hai,Vietnam,Asia,1400,Sprint,Dirt,AceStudio Hai 1400m Dirt,AceStudio,1,G1,,21.03138725,105.8517297
Hai,Vietnam,Asia,1800,Mile,Dirt,AceStudio Hai 1800m Dirt,AceStudio,1,G1,,21.03138725,105.8517297
Hai,Vietnam,Asia,1900,Medium,Dirt,AceStudio Hai 1900m Dirt,AceStudio,1,G1,,21.03138725,105.8517297
Hồng Trà Ngô Gia,Vietnam,Asia,1000,Sprint,Turf,AceStudio Hồng Trà Ngô Gia 1000m Turf,AceStudio,1,G1,,20.99431458,105.8500564
Hồng Trà Ngô Gia,Vietnam,Asia,1400,Sprint,Turf,AceStudio Hồng Trà Ngô Gia 1400m Turf,AceStudio,1,G1,,20.99431458,105.8500564
Hồng Trà Ngô Gia,Vietnam,Asia,1600,Mile,Turf,AceStudio Hồng Trà Ngô Gia 1600m Turf,AceStudio,1,G1,,20.99431458,105.8500564
Hồng Trà Ngô Gia,Vietnam,Asia,1800,Mile,Turf,AceStudio Hồng Trà Ngô Gia 1800m Turf,AceStudio,1,G1,,20.99431458,105.8500564
Hồng Trà Ngô Gia,Vietnam,Asia,2000,Medium,Turf,AceStudio Hồng Trà Ngô Gia 2000m Turf,AceStudio,1,G1,,20.99431458,105.8500564
Hồng Trà Ngô Gia,Vietnam,Asia,1000,Sprint,Synthetic,AceStudio Hồng Trà Ngô Gia 1000m Synthetic,AceStudio,1,G1,,20.99431458,105.8500564
Hồng Trà Ngô Gia,Vietnam,Asia,1400,Sprint,Synthetic,AceStudio Hồng Trà Ngô Gia 1400m Synthetic,AceStudio,1,G1,,20.99431458,105.8500564
Hồng Trà Ngô Gia,Vietnam,Asia,1600,Mile,Synthetic,AceStudio Hồng Trà Ngô Gia 1600m Synthetic,AceStudio,1,G1,,20.99431458,105.8500564
Hồng Trà Ngô Gia,Vietnam,Asia,1800,Mile,Synthetic,AceStudio Hồng Trà Ngô Gia 1800m Synthetic,AceStudio,1,G1,,20.99431458,105.8500564
Hồng Trà Ngô Gia,Vietnam,Asia,2000,Medium,Synthetic,AceStudio Hồng Trà Ngô Gia 2000m Synthetic,AceStudio,1,G1,,20.99431458,105.8500564
Câu 40 Listening IELTS,Vietnam,Asia,2200,Medium,Turf,AceStudio Câu 40 Listening IELTS 2200m Turf,AceStudio,1,G1,,10.7998307,106.7045928
Câu 40 Listening IELTS,Vietnam,Asia,3200,Long,Turf,AceStudio Câu 40 Listening IELTS 3200m Turf,AceStudio,1,G1,,10.7998307,106.7045928
Câu 40 Listening IELTS,Vietnam,Asia,3400,Long,Turf,AceStudio Câu 40 Listening IELTS 3400m Turf,AceStudio,1,G1,,10.7998307,106.7045928
Câu 40 Listening IELTS,Vietnam,Asia,3600,Long,Turf,AceStudio Câu 40 Listening IELTS 3600m Turf,AceStudio,1,G1,,10.7998307,106.7045928
Câu 40 Listening IELTS,Vietnam,Asia,4000,Long,Turf,AceStudio Câu 40 Listening IELTS 4000m Turf,AceStudio,1,G1,,10.7998307,106.7045928
Câu 40 Listening IELTS,Vietnam,Asia,4040,Long,Turf,AceStudio Câu 40 Listening IELTS 4040m Turf,AceStudio,1,G1,,10.7998307,106.7045928
Câu 40 Listening IELTS,Vietnam,Asia,4200,Long,Turf,AceStudio Câu 40 Listening IELTS 4200m Turf,AceStudio,1,G1,,10.7998307,106.7045928
Câu 40 Listening IELTS,Vietnam,Asia,3300,Long,Turf,AceStudio Câu 40 Listening IELTS 3300m Turf,AceStudio,1,G1,,10.7998307,106.7045928
Câu 40 Listening IELTS,Vietnam,Asia,3400,Long,Turf,AceStudio Câu 40 Listening IELTS 3400m Turf,AceStudio,1,G1,,10.7998307,106.7045928
Câu 40 Listening IELTS,Vietnam,Asia,4800,Long,Turf,AceStudio Câu 40 Listening IELTS 4800m Turf,AceStudio,1,G1,,10.7998307,106.7045928
Câu 40 Listening IELTS,Vietnam,Asia,4900,Long,Turf,AceStudio Câu 40 Listening IELTS 4900m Turf,AceStudio,1,G1,,10.7998307,106.7045928
Câu 40 Listening IELTS,Vietnam,Asia,5000,Long,Turf,AceStudio Câu 40 Listening IELTS 5000m Turf,AceStudio,1,G1,,10.7998307,106.7045928
Câu 40 Listening IELTS,Vietnam,Asia,6900,Long,Turf,AceStudio Câu 40 Listening IELTS 6900m Turf,AceStudio,1,G1,,10.7998307,106.7045928
Lè lưỡi sang ngang,Vietnam,Asia,2000,Medium,Turf,AceStudio Lè lưỡi sang ngang 2000m Turf,AceStudio,1,G1,,20.37832108,106.0656367
Lè lưỡi sang ngang,Vietnam,Asia,3300,Long,Turf,AceStudio Lè lưỡi sang ngang 3300m Turf,AceStudio,1,G1,,20.37832108,106.0656367
Lè lưỡi sang ngang,Vietnam,Asia,3400,Long,Turf,AceStudio Lè lưỡi sang ngang 3400m Turf,AceStudio,1,G1,,20.37832108,106.0656367
Lè lưỡi sang ngang,Vietnam,Asia,3700,Long,Turf,AceStudio Lè lưỡi sang ngang 3700m Turf,AceStudio,1,G1,,20.37832108,106.0656367
Lè lưỡi sang ngang,Vietnam,Asia,3800,Long,Turf,AceStudio Lè lưỡi sang ngang 3800m Turf,AceStudio,1,G1,,20.37832108,106.0656367
Lè lưỡi sang ngang,Vietnam,Asia,4000,Long,Turf,AceStudio Lè lưỡi sang ngang 4000m Turf,AceStudio,1,G1,,20.37832108,106.0656367
Lè lưỡi sang ngang,Vietnam,Asia,4200,Long,Turf,AceStudio Lè lưỡi sang ngang 4200m Turf,AceStudio,1,G1,,20.37832108,106.0656367
Lè lưỡi sang ngang,Vietnam,Asia,4400,Long,Turf,AceStudio Lè lưỡi sang ngang 4400m Turf,AceStudio,1,G1,,20.37832108,106.0656367
Lè lưỡi sang ngang,Vietnam,Asia,4500,Long,Turf,AceStudio Lè lưỡi sang ngang 4500m Turf,AceStudio,1,G1,,20.37832108,106.0656367
Lè lưỡi sang ngang,Vietnam,Asia,5300,Long,Turf,AceStudio Lè lưỡi sang ngang 5300m Turf,AceStudio,1,G1,,20.37832108,106.0656367
Lè lưỡi sang ngang,Vietnam,Asia,5500,Long,Turf,AceStudio Lè lưỡi sang ngang 5500m Turf,AceStudio,1,G1,,20.37832108,106.0656367
Đậu xanh tuổi trẻ,Vietnam,Asia,1200,Sprint,Turf,AceStudio Đậu xanh tuổi trẻ 1200m Turf,AceStudio,1,G1,,10.37853922,105.4487245
Đậu xanh tuổi trẻ,Vietnam,Asia,1400,Sprint,Turf,AceStudio Đậu xanh tuổi trẻ 1400m Turf,AceStudio,1,G1,,10.37853922,105.4487245
Đậu xanh tuổi trẻ,Vietnam,Asia,1600,Mile,Turf,AceStudio Đậu xanh tuổi trẻ 1600m Turf,AceStudio,1,G1,,10.37853922,105.4487245
Đậu xanh tuổi trẻ,Vietnam,Asia,1800,Mile,Turf,AceStudio Đậu xanh tuổi trẻ 1800m Turf,AceStudio,1,G1,,10.37853922,105.4487245
Đậu xanh tuổi trẻ,Vietnam,Asia,2000,Medium,Turf,AceStudio Đậu xanh tuổi trẻ 2000m Turf,AceStudio,1,G1,,10.37853922,105.4487245
Đậu xanh tuổi trẻ,Vietnam,Asia,2100,Medium,Turf,AceStudio Đậu xanh tuổi trẻ 2100m Turf,AceStudio,1,G1,,10.37853922,105.4487245
Đậu xanh tuổi trẻ,Vietnam,Asia,2200,Medium,Turf,AceStudio Đậu xanh tuổi trẻ 2200m Turf,AceStudio,1,G1,,10.37853922,105.4487245
Đậu xanh tuổi trẻ,Vietnam,Asia,1200,Sprint,Dirt,AceStudio Đậu xanh tuổi trẻ 1200m Dirt,AceStudio,1,G1,,10.37853922,105.4487245
Đậu xanh tuổi trẻ,Vietnam,Asia,1400,Sprint,Dirt,AceStudio Đậu xanh tuổi trẻ 1400m Dirt,AceStudio,1,G1,,10.37853922,105.4487245
Đậu xanh tuổi trẻ,Vietnam,Asia,1600,Mile,Dirt,AceStudio Đậu xanh tuổi trẻ 1600m Dirt,AceStudio,1,G1,,10.37853922,105.4487245
Đậu xanh tuổi trẻ,Vietnam,Asia,1800,Mile,Dirt,AceStudio Đậu xanh tuổi trẻ 1800m Dirt,AceStudio,1,G1,,10.37853922,105.4487245
Đậu xanh tuổi trẻ,Vietnam,Asia,2000,Medium,Dirt,AceStudio Đậu xanh tuổi trẻ 2000m Dirt,AceStudio,1,G1,,10.37853922,105.4487245
Đậu xanh tuổi trẻ,Vietnam,Asia,2100,Medium,Dirt,AceStudio Đậu xanh tuổi trẻ 2100m Dirt,AceStudio,1,G1,,10.37853922,105.4487245
Đậu xanh tuổi trẻ,Vietnam,Asia,2400,Long,Dirt,AceStudio Đậu xanh tuổi trẻ 2400m Dirt,AceStudio,1,G1,,10.37853922,105.4487245
Bánh giao thoa,Vietnam,Asia,1000,Sprint,Turf,AceStudio Bánh giao thoa 1000m Turf,AceStudio,1,G1,,21.02258411,105.8472919
Bánh giao thoa,Vietnam,Asia,1200,Sprint,Turf,AceStudio Bánh giao thoa 1200m Turf,AceStudio,1,G1,,21.02258411,105.8472919
Bánh giao thoa,Vietnam,Asia,1300,Sprint,Turf,AceStudio Bánh giao thoa 1300m Turf,AceStudio,1,G1,,21.02258411,105.8472919
Bánh giao thoa,Vietnam,Asia,1400,Sprint,Turf,AceStudio Bánh giao thoa 1400m Turf,AceStudio,1,G1,,21.02258411,105.8472919
Bánh giao thoa,Vietnam,Asia,1600,Mile,Turf,AceStudio Bánh giao thoa 1600m Turf,AceStudio,1,G1,,21.02258411,105.8472919
Bánh giao thoa,Vietnam,Asia,1800,Mile,Turf,AceStudio Bánh giao thoa 1800m Turf,AceStudio,1,G1,,21.02258411,105.8472919
Bánh giao thoa,Vietnam,Asia,2000,Medium,Turf,AceStudio Bánh giao thoa 2000m Turf,AceStudio,1,G1,,21.02258411,105.8472919
Bánh giao thoa,Vietnam,Asia,2200,Medium,Turf,AceStudio Bánh giao thoa 2200m Turf,AceStudio,1,G1,,21.02258411,105.8472919
Bánh giao thoa,Vietnam,Asia,2400,Long,Turf,AceStudio Bánh giao thoa 2400m Turf,AceStudio,1,G1,,21.02258411,105.8472919
Bánh giao thoa,Vietnam,Asia,2600,Long,Turf,AceStudio Bánh giao thoa 2600m Turf,AceStudio,1,G1,,21.02258411,105.8472919
Bánh giao thoa,Vietnam,Asia,3200,Long,Turf,AceStudio Bánh giao thoa 3200m Turf,AceStudio,1,G1,,21.02258411,105.8472919
Bánh giao thoa,Vietnam,Asia,3600,Long,Turf,AceStudio Bánh giao thoa 3600m Turf,AceStudio,1,G1,,21.02258411,105.8472919
Bánh giao thoa,Vietnam,Asia,4000,Long,Turf,AceStudio Bánh giao thoa 4000m Turf,AceStudio,1,G1,,21.02258411,105.8472919
Bánh giao thoa,Vietnam,Asia,4400,Long,Turf,AceStudio Bánh giao thoa 4400m Turf,AceStudio,1,G1,,21.02258411,105.8472919
Bánh giao thoa,Vietnam,Asia,4600,Long,Turf,AceStudio Bánh giao thoa 4600m Turf,AceStudio,1,G1,,21.02258411,105.8472919
Bánh giao thoa,Vietnam,Asia,4800,Long,Turf,AceStudio Bánh giao thoa 4800m Turf,AceStudio,1,G1,,21.02258411,105.8472919
Bánh giao thoa,Vietnam,Asia,5200,Long,Turf,AceStudio Bánh giao thoa 5200m Turf,AceStudio,1,G1,,21.02258411,105.8472919
Bánh giao thoa,Vietnam,Asia,1000,Sprint,Synthetic,AceStudio Bánh giao thoa 1000m Synthetic,AceStudio,1,G1,,21.02258411,105.8472919
Bánh giao thoa,Vietnam,Asia,1200,Sprint,Synthetic,AceStudio Bánh giao thoa 1200m Synthetic,AceStudio,1,G1,,21.02258411,105.8472919
Bánh giao thoa,Vietnam,Asia,1300,Sprint,Synthetic,AceStudio Bánh giao thoa 1300m Synthetic,AceStudio,1,G1,,21.02258411,105.8472919
Bánh giao thoa,Vietnam,Asia,1400,Sprint,Synthetic,AceStudio Bánh giao thoa 1400m Synthetic,AceStudio,1,G1,,21.02258411,105.8472919
Bánh giao thoa,Vietnam,Asia,1600,Mile,Synthetic,AceStudio Bánh giao thoa 1600m Synthetic,AceStudio,1,G1,,21.02258411,105.8472919
Bánh giao thoa,Vietnam,Asia,1800,Mile,Synthetic,AceStudio Bánh giao thoa 1800m Synthetic,AceStudio,1,G1,,21.02258411,105.8472919
Bánh giao thoa,Vietnam,Asia,2000,Medium,Synthetic,AceStudio Bánh giao thoa 2000m Synthetic,AceStudio,1,G1,,21.02258411,105.8472919
Bánh giao thoa,Vietnam,Asia,2200,Medium,Synthetic,AceStudio Bánh giao thoa 2200m Synthetic,AceStudio,1,G1,,21.02258411,105.8472919
Bánh giao thoa,Vietnam,Asia,2400,Long,Synthetic,AceStudio Bánh giao thoa 2400m Synthetic,AceStudio,1,G1,,21.02258411,105.8472919
Bánh giao thoa,Vietnam,Asia,2600,Long,Synthetic,AceStudio Bánh giao thoa 2600m Synthetic,AceStudio,1,G1,,21.02258411,105.8472919
Bánh giao thoa,Vietnam,Asia,3200,Long,Synthetic,AceStudio Bánh giao thoa 3200m Synthetic,AceStudio,1,G1,,21.02258411,105.8472919
Bánh giao thoa,Vietnam,Asia,3600,Long,Synthetic,AceStudio Bánh giao thoa 3600m Synthetic,AceStudio,1,G1,,21.02258411,105.8472919
Bánh giao thoa,Vietnam,Asia,4000,Long,Synthetic,AceStudio Bánh giao thoa 4000m Synthetic,AceStudio,1,G1,,21.02258411,105.8472919
Bánh giao thoa,Vietnam,Asia,4400,Long,Synthetic,AceStudio Bánh giao thoa 4400m Synthetic,AceStudio,1,G1,,21.02258411,105.8472919
Bánh giao thoa,Vietnam,Asia,4600,Long,Synthetic,AceStudio Bánh giao thoa 4600m Synthetic,AceStudio,1,G1,,21.02258411,105.8472919
Bánh giao thoa,Vietnam,Asia,4800,Long,Synthetic,AceStudio Bánh giao thoa 4800m Synthetic,AceStudio,1,G1,,21.02258411,105.8472919
Bánh giao thoa,Vietnam,Asia,5200,Long,Synthetic,AceStudio Bánh giao thoa 5200m Synthetic,AceStudio,1,G1,,21.02258411,105.8472919
Phát sóng không gia đình,Vietnam,Asia,1300,Sprint,Turf,AceStudio Phát sóng không gia đình 1300m Turf,AceStudio,1,G1,,19.74786321,105.8661212
Phát sóng không gia đình,Vietnam,Asia,1700,Mile,Turf,AceStudio Phát sóng không gia đình 1700m Turf,AceStudio,1,G1,,19.74786321,105.8661212
Phát sóng không gia đình,Vietnam,Asia,2300,Medium,Turf,AceStudio Phát sóng không gia đình 2300m Turf,AceStudio,1,G1,,19.74786321,105.8661212
Phát sóng không gia đình,Vietnam,Asia,3000,Long,Turf,AceStudio Phát sóng không gia đình 3000m Turf,AceStudio,1,G1,,19.74786321,105.8661212
Phát sóng không gia đình,Vietnam,Asia,3500,Long,Turf,AceStudio Phát sóng không gia đình 3500m Turf,AceStudio,1,G1,,19.74786321,105.8661212
Phát sóng không gia đình,Vietnam,Asia,4500,Long,Turf,AceStudio Phát sóng không gia đình 4500m Turf,AceStudio,1,G1,,19.74786321,105.8661212
Phát sóng không gia đình,Vietnam,Asia,1300,Sprint,Synthetic,AceStudio Phát sóng không gia đình 1300m Synthetic,AceStudio,1,G1,,19.74786321,105.8661212
Phát sóng không gia đình,Vietnam,Asia,1700,Mile,Synthetic,AceStudio Phát sóng không gia đình 1700m Synthetic,AceStudio,1,G1,,19.74786321,105.8661212
Phát sóng không gia đình,Vietnam,Asia,2300,Medium,Synthetic,AceStudio Phát sóng không gia đình 2300m Synthetic,AceStudio,1,G1,,19.74786321,105.8661212
Phát sóng không gia đình,Vietnam,Asia,3000,Long,Synthetic,AceStudio Phát sóng không gia đình 3000m Synthetic,AceStudio,1,G1,,19.74786321,105.8661212
Phát sóng không gia đình,Vietnam,Asia,3500,Long,Synthetic,AceStudio Phát sóng không gia đình 3500m Synthetic,AceStudio,1,G1,,19.74786321,105.8661212
Phát sóng không gia đình,Vietnam,Asia,4500,Long,Synthetic,AceStudio Phát sóng không gia đình 4500m Synthetic,AceStudio,1,G1,,19.74786321,105.8661212
Tằm Rai,Vietnam,Asia,1000,Sprint,Turf,AceStudio Tằm Rai 1000m Turf,AceStudio,1,G1,,10.79774952,106.7029538
Tằm Rai,Vietnam,Asia,1400,Sprint,Turf,AceStudio Tằm Rai 1400m Turf,AceStudio,1,G1,,10.79774952,106.7029538
Tằm Rai,Vietnam,Asia,1600,Mile,Turf,AceStudio Tằm Rai 1600m Turf,AceStudio,1,G1,,10.79774952,106.7029538
Tằm Rai,Vietnam,Asia,1700,Mile,Turf,AceStudio Tằm Rai 1700m Turf,AceStudio,1,G1,,10.79774952,106.7029538
Tằm Rai,Vietnam,Asia,1800,Mile,Turf,AceStudio Tằm Rai 1800m Turf,AceStudio,1,G1,,10.79774952,106.7029538
Tằm Rai,Vietnam,Asia,2000,Medium,Turf,AceStudio Tằm Rai 2000m Turf,AceStudio,1,G1,,10.79774952,106.7029538
Tằm Rai,Vietnam,Asia,2200,Medium,Turf,AceStudio Tằm Rai 2200m Turf,AceStudio,1,G1,,10.79774952,106.7029538
Tằm Rai,Vietnam,Asia,2400,Long,Turf,AceStudio Tằm Rai 2400m Turf,AceStudio,1,G1,,10.79774952,106.7029538
Tằm Rai,Vietnam,Asia,2600,Long,Turf,AceStudio Tằm Rai 2600m Turf,AceStudio,1,G1,,10.79774952,106.7029538
Tằm Rai,Vietnam,Asia,1000,Sprint,Synthetic,AceStudio Tằm Rai 1000m Synthetic,AceStudio,1,G1,,10.79774952,106.7029538
Tằm Rai,Vietnam,Asia,1400,Sprint,Synthetic,AceStudio Tằm Rai 1400m Synthetic,AceStudio,1,G1,,10.79774952,106.7029538
Tằm Rai,Vietnam,Asia,1600,Mile,Synthetic,AceStudio Tằm Rai 1600m Synthetic,AceStudio,1,G1,,10.79774952,106.7029538
Tằm Rai,Vietnam,Asia,1700,Mile,Synthetic,AceStudio Tằm Rai 1700m Synthetic,AceStudio,1,G1,,10.79774952,106.7029538
Tằm Rai,Vietnam,Asia,1800,Mile,Synthetic,AceStudio Tằm Rai 1800m Synthetic,AceStudio,1,G1,,10.79774952,106.7029538
Tằm Rai,Vietnam,Asia,2000,Medium,Synthetic,AceStudio Tằm Rai 2000m Synthetic,AceStudio,1,G1,,10.79774952,106.7029538
Tằm Rai,Vietnam,Asia,2200,Medium,Synthetic,AceStudio Tằm Rai 2200m Synthetic,AceStudio,1,G1,,10.79774952,106.7029538
Tằm Rai,Vietnam,Asia,2400,Long,Synthetic,AceStudio Tằm Rai 2400m Synthetic,AceStudio,1,G1,,10.79774952,106.7029538
Tằm Rai,Vietnam,Asia,2600,Long,Synthetic,AceStudio Tằm Rai 2600m Synthetic,AceStudio,1,G1,,10.79774952,106.7029538
Tằm Rai,Vietnam,Asia,1000,Sprint,Dirt,AceStudio Tằm Rai 1000m Dirt,AceStudio,1,G1,,10.79774952,106.7029538
Tằm Rai,Vietnam,Asia,1400,Sprint,Dirt,AceStudio Tằm Rai 1400m Dirt,AceStudio,1,G1,,10.79774952,106.7029538
Tằm Rai,Vietnam,Asia,1600,Mile,Dirt,AceStudio Tằm Rai 1600m Dirt,AceStudio,1,G1,,10.79774952,106.7029538
Tằm Rai,Vietnam,Asia,1700,Mile,Dirt,AceStudio Tằm Rai 1700m Dirt,AceStudio,1,G1,,10.79774952,106.7029538
Tằm Rai,Vietnam,Asia,1800,Mile,Dirt,AceStudio Tằm Rai 1800m Dirt,AceStudio,1,G1,,10.79774952,106.7029538
Tằm Rai,Vietnam,Asia,2000,Medium,Dirt,AceStudio Tằm Rai 2000m Dirt,AceStudio,1,G1,,10.79774952,106.7029538
Tằm Rai,Vietnam,Asia,2200,Medium,Dirt,AceStudio Tằm Rai 2200m Dirt,AceStudio,1,G1,,10.79774952,106.7029538
Tằm Rai,Vietnam,Asia,2400,Long,Dirt,AceStudio Tằm Rai 2400m Dirt,AceStudio,1,G1,,10.79774952,106.7029538
Tằm Rai,Vietnam,Asia,2600,Long,Dirt,AceStudio Tằm Rai 2600m Dirt,AceStudio,1,G1,,10.79774952,106.7029538
Acacia,Vietnam,Asia,1000,Sprint,Turf,AceStudio Acacia 1000m Turf,AceStudio,1,G1,,19.79363686,105.7951138
Acacia,Vietnam,Asia,1200,Sprint,Turf,AceStudio Acacia 1200m Turf,AceStudio,1,G1,,19.79363686,105.7951138
Acacia,Vietnam,Asia,1300,Sprint,Turf,AceStudio Acacia 1300m Turf,AceStudio,1,G1,,19.79363686,105.7951138
Acacia,Vietnam,Asia,1400,Sprint,Turf,AceStudio Acacia 1400m Turf,AceStudio,1,G1,,19.79363686,105.7951138
Acacia,Vietnam,Asia,1600,Mile,Turf,AceStudio Acacia 1600m Turf,AceStudio,1,G1,,19.79363686,105.7951138
Acacia,Vietnam,Asia,1800,Mile,Turf,AceStudio Acacia 1800m Turf,AceStudio,1,G1,,19.79363686,105.7951138
Acacia,Vietnam,Asia,2000,Medium,Turf,AceStudio Acacia 2000m Turf,AceStudio,1,G1,,19.79363686,105.7951138
Acacia,Vietnam,Asia,2200,Medium,Turf,AceStudio Acacia 2200m Turf,AceStudio,1,G1,,19.79363686,105.7951138
Acacia,Vietnam,Asia,2400,Long,Turf,AceStudio Acacia 2400m Turf,AceStudio,1,G1,,19.79363686,105.7951138
Acacia,Vietnam,Asia,3200,Long,Turf,AceStudio Acacia 3200m Turf,AceStudio,1,G1,,19.79363686,105.7951138
Acacia,Vietnam,Asia,1000,Sprint,Synthetic,AceStudio Acacia 1000m Synthetic,AceStudio,1,G1,,19.79363686,105.7951138
Acacia,Vietnam,Asia,1200,Sprint,Synthetic,AceStudio Acacia 1200m Synthetic,AceStudio,1,G1,,19.79363686,105.7951138
Acacia,Vietnam,Asia,1300,Sprint,Synthetic,AceStudio Acacia 1300m Synthetic,AceStudio,1,G1,,19.79363686,105.7951138
Acacia,Vietnam,Asia,1400,Sprint,Synthetic,AceStudio Acacia 1400m Synthetic,AceStudio,1,G1,,19.79363686,105.7951138
Acacia,Vietnam,Asia,1600,Mile,Synthetic,AceStudio Acacia 1600m Synthetic,AceStudio,1,G1,,19.79363686,105.7951138
Acacia,Vietnam,Asia,1800,Mile,Synthetic,AceStudio Acacia 1800m Synthetic,AceStudio,1,G1,,19.79363686,105.7951138
Acacia,Vietnam,Asia,2000,Medium,Synthetic,AceStudio Acacia 2000m Synthetic,AceStudio,1,G1,,19.79363686,105.7951138
Acacia,Vietnam,Asia,2200,Medium,Synthetic,AceStudio Acacia 2200m Synthetic,AceStudio,1,G1,,19.79363686,105.7951138
Acacia,Vietnam,Asia,2400,Long,Synthetic,AceStudio Acacia 2400m Synthetic,AceStudio,1,G1,,19.79363686,105.7951138
Acacia,Vietnam,Asia,3200,Long,Synthetic,AceStudio Acacia 3200m Synthetic,AceStudio,1,G1,,19.79363686,105.7951138
Valentine,Vietnam,Asia,1000,Sprint,Turf,AceStudio Valentine 1000m Turf,AceStudio,1,G1,,19.80172711,105.7764932
Valentine,Vietnam,Asia,1100,Sprint,Turf,AceStudio Valentine 1100m Turf,AceStudio,1,G1,,19.80172711,105.7764932
Valentine,Vietnam,Asia,1200,Sprint,Turf,AceStudio Valentine 1200m Turf,AceStudio,1,G1,,19.80172711,105.7764932
Valentine,Vietnam,Asia,1600,Mile,Turf,AceStudio Valentine 1600m Turf,AceStudio,1,G1,,19.80172711,105.7764932
Valentine,Vietnam,Asia,1800,Mile,Turf,AceStudio Valentine 1800m Turf,AceStudio,1,G1,,19.80172711,105.7764932
Valentine,Vietnam,Asia,2400,Long,Turf,AceStudio Valentine 2400m Turf,AceStudio,1,G1,,19.80172711,105.7764932
Valentine,Vietnam,Asia,1000,Sprint,Synthetic,AceStudio Valentine 1000m Synthetic,AceStudio,1,G1,,19.80172711,105.7764932
Valentine,Vietnam,Asia,1100,Sprint,Synthetic,AceStudio Valentine 1100m Synthetic,AceStudio,1,G1,,19.80172711,105.7764932
Valentine,Vietnam,Asia,1200,Sprint,Synthetic,AceStudio Valentine 1200m Synthetic,AceStudio,1,G1,,19.80172711,105.7764932
Valentine,Vietnam,Asia,1600,Mile,Synthetic,AceStudio Valentine 1600m Synthetic,AceStudio,1,G1,,19.80172711,105.7764932
Valentine,Vietnam,Asia,1800,Mile,Synthetic,AceStudio Valentine 1800m Synthetic,AceStudio,1,G1,,19.80172711,105.7764932
Valentine,Vietnam,Asia,2400,Long,Synthetic,AceStudio Valentine 2400m Synthetic,AceStudio,1,G1,,19.80172711,105.7764932
I Mờ Ô,Vietnam,Asia,1000,Sprint,Turf,AceStudio I Mờ Ô 1000m Turf,AceStudio,1,G1,,21.02265789,105.804022
I Mờ Ô,Vietnam,Asia,1100,Sprint,Turf,AceStudio I Mờ Ô 1100m Turf,AceStudio,1,G1,,21.02265789,105.804022
I Mờ Ô,Vietnam,Asia,1200,Sprint,Turf,AceStudio I Mờ Ô 1200m Turf,AceStudio,1,G1,,21.02265789,105.804022
I Mờ Ô,Vietnam,Asia,1400,Sprint,Turf,AceStudio I Mờ Ô 1400m Turf,AceStudio,1,G1,,21.02265789,105.804022
I Mờ Ô,Vietnam,Asia,1600,Mile,Turf,AceStudio I Mờ Ô 1600m Turf,AceStudio,1,G1,,21.02265789,105.804022
I Mờ Ô,Vietnam,Asia,1700,Mile,Turf,AceStudio I Mờ Ô 1700m Turf,AceStudio,1,G1,,21.02265789,105.804022
I Mờ Ô,Vietnam,Asia,1800,Mile,Turf,AceStudio I Mờ Ô 1800m Turf,AceStudio,1,G1,,21.02265789,105.804022
I Mờ Ô,Vietnam,Asia,2000,Medium,Turf,AceStudio I Mờ Ô 2000m Turf,AceStudio,1,G1,,21.02265789,105.804022
I Mờ Ô,Vietnam,Asia,2200,Medium,Turf,AceStudio I Mờ Ô 2200m Turf,AceStudio,1,G1,,21.02265789,105.804022
I Mờ Ô,Vietnam,Asia,2400,Long,Turf,AceStudio I Mờ Ô 2400m Turf,AceStudio,1,G1,,21.02265789,105.804022
I Mờ Ô,Vietnam,Asia,1000,Sprint,Synthetic,AceStudio I Mờ Ô 1000m Synthetic,AceStudio,1,G1,,21.02265789,105.804022
I Mờ Ô,Vietnam,Asia,1100,Sprint,Synthetic,AceStudio I Mờ Ô 1100m Synthetic,AceStudio,1,G1,,21.02265789,105.804022
I Mờ Ô,Vietnam,Asia,1200,Sprint,Synthetic,AceStudio I Mờ Ô 1200m Synthetic,AceStudio,1,G1,,21.02265789,105.804022
I Mờ Ô,Vietnam,Asia,1400,Sprint,Synthetic,AceStudio I Mờ Ô 1400m Synthetic,AceStudio,1,G1,,21.02265789,105.804022
I Mờ Ô,Vietnam,Asia,1600,Mile,Synthetic,AceStudio I Mờ Ô 1600m Synthetic,AceStudio,1,G1,,21.02265789,105.804022
I Mờ Ô,Vietnam,Asia,1700,Mile,Synthetic,AceStudio I Mờ Ô 1700m Synthetic,AceStudio,1,G1,,21.02265789,105.804022
I Mờ Ô,Vietnam,Asia,1800,Mile,Synthetic,AceStudio I Mờ Ô 1800m Synthetic,AceStudio,1,G1,,21.02265789,105.804022
I Mờ Ô,Vietnam,Asia,2000,Medium,Synthetic,AceStudio I Mờ Ô 2000m Synthetic,AceStudio,1,G1,,21.02265789,105.804022
I Mờ Ô,Vietnam,Asia,2200,Medium,Synthetic,AceStudio I Mờ Ô 2200m Synthetic,AceStudio,1,G1,,21.02265789,105.804022
I Mờ Ô,Vietnam,Asia,2400,Long,Synthetic,AceStudio I Mờ Ô 2400m Synthetic,AceStudio,1,G1,,21.02265789,105.804022
KhangTranBet,Vietnam,Asia,1000,Sprint,Turf,AceStudio KhangTranBet 1000m Turf,AceStudio,1,G1,,21.02164935,105.85547
KhangTranBet,Vietnam,Asia,1100,Sprint,Turf,AceStudio KhangTranBet 1100m Turf,AceStudio,1,G1,,21.02164935,105.85547
KhangTranBet,Vietnam,Asia,1200,Sprint,Turf,AceStudio KhangTranBet 1200m Turf,AceStudio,1,G1,,21.02164935,105.85547
KhangTranBet,Vietnam,Asia,1400,Sprint,Turf,AceStudio KhangTranBet 1400m Turf,AceStudio,1,G1,,21.02164935,105.85547
KhangTranBet,Vietnam,Asia,1500,Mile,Turf,AceStudio KhangTranBet 1500m Turf,AceStudio,1,G1,,21.02164935,105.85547
KhangTranBet,Vietnam,Asia,1600,Mile,Turf,AceStudio KhangTranBet 1600m Turf,AceStudio,1,G1,,21.02164935,105.85547
KhangTranBet,Vietnam,Asia,1700,Mile,Turf,AceStudio KhangTranBet 1700m Turf,AceStudio,1,G1,,21.02164935,105.85547
KhangTranBet,Vietnam,Asia,1800,Mile,Turf,AceStudio KhangTranBet 1800m Turf,AceStudio,1,G1,,21.02164935,105.85547
KhangTranBet,Vietnam,Asia,1900,Medium,Turf,AceStudio KhangTranBet 1900m Turf,AceStudio,1,G1,,21.02164935,105.85547
KhangTranBet,Vietnam,Asia,2400,Long,Turf,AceStudio KhangTranBet 2400m Turf,AceStudio,1,G1,,21.02164935,105.85547
Muối Hảo Hảo,Vietnam,Asia,1000,Sprint,Turf,AceStudio Muối Hảo Hảo 1000m Turf,AceStudio,1,G1,,10.81402233,106.6141097
Muối Hảo Hảo,Vietnam,Asia,1200,Sprint,Turf,AceStudio Muối Hảo Hảo 1200m Turf,AceStudio,1,G1,,10.81402233,106.6141097
Muối Hảo Hảo,Vietnam,Asia,1300,Sprint,Turf,AceStudio Muối Hảo Hảo 1300m Turf,AceStudio,1,G1,,10.81402233,106.6141097
Muối Hảo Hảo,Vietnam,Asia,1400,Sprint,Turf,AceStudio Muối Hảo Hảo 1400m Turf,AceStudio,1,G1,,10.81402233,106.6141097
Muối Hảo Hảo,Vietnam,Asia,1600,Mile,Turf,AceStudio Muối Hảo Hảo 1600m Turf,AceStudio,1,G1,,10.81402233,106.6141097
Muối Hảo Hảo,Vietnam,Asia,1800,Mile,Turf,AceStudio Muối Hảo Hảo 1800m Turf,AceStudio,1,G1,,10.81402233,106.6141097
Muối Hảo Hảo,Vietnam,Asia,1900,Medium,Turf,AceStudio Muối Hảo Hảo 1900m Turf,AceStudio,1,G1,,10.81402233,106.6141097
Muối Hảo Hảo,Vietnam,Asia,2000,Medium,Turf,AceStudio Muối Hảo Hảo 2000m Turf,AceStudio,1,G1,,10.81402233,106.6141097
Muối Hảo Hảo,Vietnam,Asia,1000,Sprint,Dirt,AceStudio Muối Hảo Hảo 1000m Dirt,AceStudio,1,G1,,10.81402233,106.6141097
Muối Hảo Hảo,Vietnam,Asia,1200,Sprint,Dirt,AceStudio Muối Hảo Hảo 1200m Dirt,AceStudio,1,G1,,10.81402233,106.6141097
Muối Hảo Hảo,Vietnam,Asia,1300,Sprint,Dirt,AceStudio Muối Hảo Hảo 1300m Dirt,AceStudio,1,G1,,10.81402233,106.6141097
Muối Hảo Hảo,Vietnam,Asia,1400,Sprint,Dirt,AceStudio Muối Hảo Hảo 1400m Dirt,AceStudio,1,G1,,10.81402233,106.6141097
Muối Hảo Hảo,Vietnam,Asia,1600,Mile,Dirt,AceStudio Muối Hảo Hảo 1600m Dirt,AceStudio,1,G1,,10.81402233,106.6141097
Muối Hảo Hảo,Vietnam,Asia,1800,Mile,Dirt,AceStudio Muối Hảo Hảo 1800m Dirt,AceStudio,1,G1,,10.81402233,106.6141097
Muối Hảo Hảo,Vietnam,Asia,1900,Medium,Dirt,AceStudio Muối Hảo Hảo 1900m Dirt,AceStudio,1,G1,,10.81402233,106.6141097
Muối Hảo Hảo,Vietnam,Asia,2000,Medium,Dirt,AceStudio Muối Hảo Hảo 2000m Dirt,AceStudio,1,G1,,10.81402233,106.6141097
Capybara,Vietnam,Asia,1000,Sprint,Turf,AceStudio Capybara 1000m Turf,AceStudio,1,G1,,10.78748207,106.7055856
Capybara,Vietnam,Asia,1100,Sprint,Turf,AceStudio Capybara 1100m Turf,AceStudio,1,G1,,10.78748207,106.7055856
Capybara,Vietnam,Asia,1200,Sprint,Turf,AceStudio Capybara 1200m Turf,AceStudio,1,G1,,10.78748207,106.7055856
Capybara,Vietnam,Asia,1300,Sprint,Turf,AceStudio Capybara 1300m Turf,AceStudio,1,G1,,10.78748207,106.7055856
Capybara,Vietnam,Asia,1400,Sprint,Turf,AceStudio Capybara 1400m Turf,AceStudio,1,G1,,10.78748207,106.7055856
Capybara,Vietnam,Asia,1600,Mile,Turf,AceStudio Capybara 1600m Turf,AceStudio,1,G1,,10.78748207,106.7055856
Capybara,Vietnam,Asia,1700,Mile,Turf,AceStudio Capybara 1700m Turf,AceStudio,1,G1,,10.78748207,106.7055856
Capybara,Vietnam,Asia,1800,Mile,Turf,AceStudio Capybara 1800m Turf,AceStudio,1,G1,,10.78748207,106.7055856
Capybara,Vietnam,Asia,2200,Medium,Turf,AceStudio Capybara 2200m Turf,AceStudio,1,G1,,10.78748207,106.7055856
Capybara,Vietnam,Asia,2400,Long,Turf,AceStudio Capybara 2400m Turf,AceStudio,1,G1,,10.78748207,106.7055856
Capybara,Vietnam,Asia,1000,Sprint,Dirt,AceStudio Capybara 1000m Dirt,AceStudio,1,G1,,10.78748207,106.7055856
Capybara,Vietnam,Asia,1100,Sprint,Dirt,AceStudio Capybara 1100m Dirt,AceStudio,1,G1,,10.78748207,106.7055856
Capybara,Vietnam,Asia,1200,Sprint,Dirt,AceStudio Capybara 1200m Dirt,AceStudio,1,G1,,10.78748207,106.7055856
Capybara,Vietnam,Asia,1300,Sprint,Dirt,AceStudio Capybara 1300m Dirt,AceStudio,1,G1,,10.78748207,106.7055856
Capybara,Vietnam,Asia,1400,Sprint,Dirt,AceStudio Capybara 1400m Dirt,AceStudio,1,G1,,10.78748207,106.7055856
Capybara,Vietnam,Asia,1600,Mile,Dirt,AceStudio Capybara 1600m Dirt,AceStudio,1,G1,,10.78748207,106.7055856
Capybara,Vietnam,Asia,1700,Mile,Dirt,AceStudio Capybara 1700m Dirt,AceStudio,1,G1,,10.78748207,106.7055856
Capybara,Vietnam,Asia,1800,Mile,Dirt,AceStudio Capybara 1800m Dirt,AceStudio,1,G1,,10.78748207,106.7055856
Capybara,Vietnam,Asia,2200,Medium,Dirt,AceStudio Capybara 2200m Dirt,AceStudio,1,G1,,10.78748207,106.7055856
Capybara,Vietnam,Asia,2400,Long,Dirt,AceStudio Capybara 2400m Dirt,AceStudio,1,G1,,10.78748207,106.7055856
